key,condition,replicate,true_tau,method,status,tau,eta,combination_relative_error,driver_nrmse,driver_bias,driver_correlation,objective,rank,active_bound,intervals_valid,tau_95_covers,driver_pointwise_95_coverage,driver_interval_mean_width,HbO_rmse,HbR_rmse
white|r00|tau1,white,0,1.0,fixed,completed,0.9854380354990416,0.3479806148162708,0.01050807955596927,0.014795094240240472,3.512059868230496e-05,0.9998978410669741,38.90930888882772,13.0,False,True,True,1.0,0.0024019610171700013,0.000701753032630737,0.00043705179084382244
white|r00|tau1,white,0,1.0,joint_target,completed,1.0672362352539215,0.6032869395974505,0.5495472836774409,0.1879426243861083,-0.00020853944733050263,0.9859689505626908,35.24687523311999,16.0,False,False,,,,0.0037248415381378737,0.006372185646233798
white|r00|tau1,white,0,1.0,oracle,completed,0.9854380354990416,0.3479806148162708,0.01050807955596927,0.014795094240240472,3.512059868230496e-05,0.9998978410669741,38.90930888882772,13.0,False,True,True,1.0,0.0024019610171700013,0.000701753032630737,0.00043705179084382244
white|r00|tau1,white,0,1.0,independent,completed,0.977035205107984,0.3461310181055769,0.01656572406912703,0.012428877541546954,2.762509438903429e-05,0.9999295037097184,46.34086457134807,13.0,False,True,True,1.0,0.002226047052754736,0.0004724733099881213,0.0004745024024992676
white|r00|tau1,white,0,1.0,independent_minus,completed,0.9801749578065789,0.3475110181612789,0.014467269942091878,0.010640293776288997,1.8899688702347968e-05,0.9999436474250996,46.36397327907546,13.0,False,True,True,1.0,0.0021811309002738363,0.0004256414487320518,0.0004711074154009587
white|r00|tau1,white,0,1.0,independent_plus,completed,0.9738779552436847,0.3447545265241808,0.018927917562644694,0.015418958966727563,3.640918615574773e-05,0.9999131851896816,46.318943171954366,13.0,False,True,True,1.0,0.0021904252262784697,0.0005477760284685394,0.000478452790044735
white|r00|tau2,white,0,2.0,fixed,completed,1.9400812077565475,0.3443076350146065,0.021738671054097713,0.029280606294920374,4.761414961860502e-05,0.9996855527965492,37.92514846866401,13.0,False,True,True,1.0,0.0029052177397153674,0.0011950842271108897,0.0006137143547347465
white|r00|tau2,white,0,2.0,joint_target,completed,1.552386613010783,0.4484509139923813,0.4418584096677033,0.2543134581754154,-0.000265831412825178,0.9933302736604814,36.039227309345364,16.0,False,False,,,,0.003919239234672762,0.0015128306540526935
white|r00|tau2,white,0,2.0,oracle,completed,1.9400812077565475,0.3443076350146065,0.021738671054097713,0.029280606294920374,4.761414961860502e-05,0.9996855527965492,37.92514846866401,13.0,False,True,True,1.0,0.0029052177397153674,0.0011950842271108897,0.0006137143547347465
white|r00|tau2,white,0,2.0,independent,completed,1.911858257546667,0.34080463334184674,0.03246723003006827,0.027158498060880294,2.627460068075511e-05,0.9996832346392718,45.14243057835226,13.0,False,True,True,1.0,0.002634768881064158,0.001023620032898485,0.0006787132058589956
white|r00|tau2,white,0,2.0,independent_minus,completed,1.9182467019072444,0.3422361951479778,0.02993501516850474,0.02713287437102379,1.8435971251715513e-05,0.9997266881292546,45.17472934777587,13.0,False,True,True,1.0,0.0026032155886102372,0.0010231511724839459,0.0006751897448452785
white|r00|tau2,white,0,2.0,independent_plus,completed,1.9054784970876708,0.3393782359848975,0.03510361118113027,0.02778696707599697,3.4161597468008174e-05,0.9996356908508485,45.11042429660652,13.0,False,True,True,1.0,0.0026112485885290905,0.00103675026629757,0.0006825127963577212
white|r00|tau4,white,0,4.0,fixed,completed,3.845417590694983,0.3401220655406162,0.029040407559444183,0.047467669695924496,6.312814172599292e-05,0.9993270198319957,36.52368385558899,13.0,False,True,True,1.0,0.0042094159156450305,0.0015370005858494136,0.0005369466898251596
white|r00|tau4,white,0,4.0,joint_target,completed,3.8473381571350416,0.33460987479204984,0.03437271852797699,0.2969909647182912,0.000591939541354782,0.9998027642936423,36.23282797623453,16.0,False,False,,,,0.008141676219698085,0.001996866756836166
white|r00|tau4,white,0,4.0,oracle,completed,3.845417590694983,0.3401220655406162,0.029040407559444183,0.047467669695924496,6.312814172599292e-05,0.9993270198319957,36.52368385558899,13.0,False,True,True,1.0,0.0042094159156450305,0.0015370005858494136,0.0005369466898251596
white|r00|tau4,white,0,4.0,independent,completed,3.7949294382202354,0.3350321453108719,0.04012187536046695,0.04287813668178966,2.8543591849025248e-05,0.9994466189496942,42.52021944510143,13.0,False,True,True,1.0,0.0037672358862970755,0.001523868954479306,0.000598665430359852
white|r00|tau4,white,0,4.0,independent_minus,completed,3.809608151495111,0.3366665851255508,0.03673549254487321,0.04275173188233204,2.215537442944594e-05,0.9995187294321145,42.527597633958194,13.0,False,True,True,0.9933333333333333,0.003735589538167614,0.0015271491904136824,0.0005921076707212308
white|r00|tau4,white,0,4.0,independent_plus,completed,3.7802750971852634,0.33340394990671973,0.0435508042047889,0.043273900872178014,3.496914146102039e-05,0.999367733588933,42.51305607353205,13.0,False,True,True,1.0,0.003737184091657137,0.001525783836189314,0.0006054712278712305
white|r01|tau1,white,1,1.0,fixed,completed,0.983120941217531,0.3644403534829249,0.04279406337813349,0.01724472651083452,4.044233894933262e-05,0.9999559507258463,59.84850404010446,13.0,False,True,True,1.0,0.002676029143804551,0.00042909384464667456,0.00046610383222638995
white|r01|tau1,white,1,1.0,joint_target,completed,1.5244118453126967,0.4014771318284383,0.25900077804406435,0.3907460101125402,-0.0012093015672320292,0.9887642717133485,59.14554103088557,16.0,False,False,,,,0.011769238347387244,0.005314331372006716
white|r01|tau1,white,1,1.0,oracle,completed,0.983120941217531,0.3644403534829249,0.04279406337813349,0.01724472651083452,4.044233894933262e-05,0.9999559507258463,59.84850404010446,13.0,False,True,True,1.0,0.002676029143804551,0.00042909384464667456,0.00046610383222638995
white|r01|tau1,white,1,1.0,independent,completed,0.9929022990298533,0.3732855819142411,0.05766635777224627,0.0380200851320464,2.6395654701981224e-05,0.99983325585184,76.39920681318841,13.0,False,True,True,0.77,0.002405153436958661,0.0007925174158796988,0.00043354863411542186
white|r01|tau1,white,1,1.0,independent_minus,completed,0.995502345246435,0.37573629017023047,0.062105322940642,0.040067682440475566,2.3924164046097615e-05,0.9998245511962514,76.38414071110017,13.0,False,True,True,0.75,0.0023742249959882813,0.0008016171174620649,0.00047410548384989234
white|r01|tau1,white,1,1.0,independent_plus,completed,0.9903341864085277,0.37086631622404437,0.053366609367230484,0.03605385414525852,2.8850847899528353e-05,0.9998395114782885,76.41456268768482,13.0,False,True,True,0.7833333333333333,0.0023713766665931593,0.0007835522510198855,0.00039520380994015065
white|r01|tau2,white,1,2.0,fixed,completed,1.9346928481746657,0.3601836595897003,0.04494753514801362,0.0258134830226742,8.498929353192398e-05,0.9997506527076531,59.50969498100543,13.0,False,True,True,1.0,0.003281829743591196,0.0007616782176743886,0.0005400117758982449
white|r01|tau2,white,1,2.0,joint_target,failed,,,,,,,,,,,,,,,
white|r01|tau2,white,1,2.0,oracle,completed,1.9346928481746657,0.3601836595897003,0.04494753514801362,0.0258134830226742,8.498929353192398e-05,0.9997506527076531,59.50969498100543,13.0,False,True,True,1.0,0.003281829743591196,0.0007616782176743886,0.0005400117758982449
white|r01|tau2,white,1,2.0,independent,completed,1.9253691665583519,0.3670676462218954,0.06291748508887333,0.03911288495929107,8.750035370347043e-05,0.9996906450570685,76.74236019300356,13.0,False,True,True,0.8766666666666667,0.0029184938687136334,0.00044928041661197125,0.0004644761434159252
white|r01|tau2,white,1,2.0,independent_minus,completed,1.9302972156989275,0.3693467488027357,0.0660294477362671,0.0393501970388489,8.151496807917229e-05,0.9997178643036103,76.73550880924826,13.0,False,True,True,0.8566666666666667,0.002899526736384145,0.0004490808882590072,0.0004986169103117214
white|r01|tau2,white,1,2.0,independent_plus,completed,1.9204992282245827,0.36481595635610986,0.06003418370440704,0.03901950872547883,9.343554827976678e-05,0.9996593224906203,76.74962127271806,13.0,False,True,True,0.8766666666666667,0.0028914882824366385,0.0004496390865067726,0.00043212070849171503
white|r01|tau4,white,1,4.0,fixed,completed,3.6900777633468502,0.3382221999572613,0.05900182628367891,0.06714646263889962,0.00024232351934376566,0.9979246010269555,59.41875683021884,13.0,False,True,True,1.0,0.0048760320620615805,0.0012247332855343433,0.0002602779175646701
white|r01|tau4,white,1,4.0,joint_target,completed,3.7370176719706847,0.28147264898596686,0.14452584815754838,0.712876827660775,0.0011250821979622812,0.9923527923399156,58.29121747929148,16.0,True,False,,,,0.020119508506762394,0.0058376674564922515
white|r01|tau4,white,1,4.0,oracle,completed,3.6900777633468502,0.3382221999572613,0.05900182628367891,0.06714646263889962,0.00024232351934376566,0.9979246010269555,59.41875683021884,13.0,False,True,True,1.0,0.0048760320620615805,0.0012247332855343433,0.0002602779175646701
white|r01|tau4,white,1,4.0,independent,completed,3.6491539900987173,0.3359908313594462,0.06727557412132,0.07955516942212022,0.000272441436709237,0.997316689284135,77.07479631645,13.0,False,True,True,0.6666666666666666,0.004327322521633883,0.0005398582143353916,0.0003263293046917642
white|r01|tau4,white,1,4.0,independent_minus,completed,3.6563585232592546,0.33785331057113477,0.06627105743351626,0.0780016144161406,0.0002653850032769861,0.997449056153124,77.06562559078961,13.0,False,True,True,0.67,0.004313305148773036,0.000550596350423293,0.00031723982365880666
white|r01|tau4,white,1,4.0,independent_plus,completed,3.642002357623966,0.3341467033626551,0.06848596319622462,0.08111909582092929,0.00027944951057876723,0.9971811792312414,77.08434800612312,13.0,False,True,True,0.6533333333333333,0.004297723054531154,0.0005293862459283058,0.00033773471031366603
