solver,modality,expected_trials,completed,nmse,nrmse,weighting
O0,EEG,72,54,2.882873644354852,1.6979027193437355,trial -> session equal -> subject equal; solver-specific successful subset
O0,HbO,72,54,4.344475314038392,2.0843404985842384,trial -> session equal -> subject equal; solver-specific successful subset
O0,HbR,72,54,9.939920555561265,3.1527639549387874,trial -> session equal -> subject equal; solver-specific successful subset
O1,EEG,72,6,1.1111946453365844,1.0541321764070122,trial -> session equal -> subject equal; solver-specific successful subset
O1,HbO,72,6,0.16249057708150516,0.40310119955354284,trial -> session equal -> subject equal; solver-specific successful subset
O1,HbR,72,6,1.2207298909746929,1.104866458434997,trial -> session equal -> subject equal; solver-specific successful subset
O2,EEG,72,0,nan,,trial -> session equal -> subject equal; solver-specific successful subset
O2,HbO,72,0,nan,,trial -> session equal -> subject equal; solver-specific successful subset
O2,HbR,72,0,nan,,trial -> session equal -> subject equal; solver-specific successful subset
