task_id,subject,session,sample_id,solver,retained_rank,projected_covariance_max_error,correlations,interpretation
v3_S2__subject_01__1__1__O0,subject_01,session_01,eeg_fnirs_single_trial|subject_01|session_01|event=3|offset=-5.0|duration=30.0,O0,357,5.06283459097136e-09,"{""EEG"": {""raw_lag1"": 0.605241615986019, ""symmetric_whitened_lag1"": 0.5957924083901804, ""prefitted_noise_pair_correlation"": -0.008403361344537808}, ""HbO"": {""raw_lag1"": 0.9898624942113446, ""symmetric_whitened_lag1"": -0.5696742957848251, ""prefitted_noise_pair_correlation"": -0.008403361346330162}, ""HbR"": {""raw_lag1"": 0.9972354523159283, ""symmetric_whitened_lag1"": -0.5617974394970993, ""prefitted_noise_pair_correlation"": -0.008403361348532654}}",symmetric whitening on retained noise support; prefitted reference excludes effects of fitting the trajectory
v3_S2__subject_01__1__5__O0,subject_01,session_01,eeg_fnirs_single_trial|subject_01|session_01|event=13|offset=-5.0|duration=30.0,O0,357,5.06283459097136e-09,"{""EEG"": {""raw_lag1"": 0.7271515811546666, ""symmetric_whitened_lag1"": 0.7180714765414699, ""prefitted_noise_pair_correlation"": -0.008403361344537808}, ""HbO"": {""raw_lag1"": 0.988536731657798, ""symmetric_whitened_lag1"": -0.5722565955125625, ""prefitted_noise_pair_correlation"": -0.008403361346330162}, ""HbR"": {""raw_lag1"": 0.9973882278650604, ""symmetric_whitened_lag1"": -0.552562264642913, ""prefitted_noise_pair_correlation"": -0.008403361348532654}}",symmetric whitening on retained noise support; prefitted reference excludes effects of fitting the trajectory
v3_S2__subject_01__1__9__O0,subject_01,session_03,eeg_fnirs_single_trial|subject_01|session_03|event=2|offset=-5.0|duration=30.0,O0,357,5.06283459097136e-09,"{""EEG"": {""raw_lag1"": 0.5733964688180359, ""symmetric_whitened_lag1"": 0.47077519776332455, ""prefitted_noise_pair_correlation"": -0.008403361344537808}, ""HbO"": {""raw_lag1"": 0.9912720242035127, ""symmetric_whitened_lag1"": -0.5701396442814693, ""prefitted_noise_pair_correlation"": -0.008403361346330162}, ""HbR"": {""raw_lag1"": 0.9965931517629887, ""symmetric_whitened_lag1"": -0.5669740161121436, ""prefitted_noise_pair_correlation"": -0.008403361348532654}}",symmetric whitening on retained noise support; prefitted reference excludes effects of fitting the trajectory
v3_S2__subject_01__1__13__O0,subject_01,session_03,eeg_fnirs_single_trial|subject_01|session_03|event=12|offset=-5.0|duration=30.0,O0,357,5.06283459097136e-09,"{""EEG"": {""raw_lag1"": 0.46492766720718814, ""symmetric_whitened_lag1"": 0.4369302063784952, ""prefitted_noise_pair_correlation"": -0.008403361344537808}, ""HbO"": {""raw_lag1"": 0.9922845432488331, ""symmetric_whitened_lag1"": -0.563245313659872, ""prefitted_noise_pair_correlation"": -0.008403361346330162}, ""HbR"": {""raw_lag1"": 0.9969994236702826, ""symmetric_whitened_lag1"": -0.5597147044795817, ""prefitted_noise_pair_correlation"": -0.008403361348532654}}",symmetric whitening on retained noise support; prefitted reference excludes effects of fitting the trajectory
v3_S2__subject_01__1__17__O0,subject_01,session_05,eeg_fnirs_single_trial|subject_01|session_05|event=2|offset=-5.0|duration=30.0,O0,357,5.06283459097136e-09,"{""EEG"": {""raw_lag1"": 0.5922323793720601, ""symmetric_whitened_lag1"": 0.5357232810100285, ""prefitted_noise_pair_correlation"": -0.008403361344537808}, ""HbO"": {""raw_lag1"": 0.9919837209050397, ""symmetric_whitened_lag1"": -0.5669690534062746, ""prefitted_noise_pair_correlation"": -0.008403361346330162}, ""HbR"": {""raw_lag1"": 0.9853576555537888, ""symmetric_whitened_lag1"": -0.562850342359071, ""prefitted_noise_pair_correlation"": -0.008403361348532654}}",symmetric whitening on retained noise support; prefitted reference excludes effects of fitting the trajectory
v3_S2__subject_01__1__21__O0,subject_01,session_05,eeg_fnirs_single_trial|subject_01|session_05|event=12|offset=-5.0|duration=30.0,O0,357,5.06283459097136e-09,"{""EEG"": {""raw_lag1"": 0.7626853409948497, ""symmetric_whitened_lag1"": 0.7599284908814626, ""prefitted_noise_pair_correlation"": -0.008403361344537808}, ""HbO"": {""raw_lag1"": 0.990597260526593, ""symmetric_whitened_lag1"": -0.5601942264717147, ""prefitted_noise_pair_correlation"": -0.008403361346330162}, ""HbR"": {""raw_lag1"": 0.9963657851681744, ""symmetric_whitened_lag1"": -0.5562346888366618, ""prefitted_noise_pair_correlation"": -0.008403361348532654}}",symmetric whitening on retained noise support; prefitted reference excludes effects of fitting the trajectory
v3_S2__subject_01__2__2__O0,subject_01,session_01,eeg_fnirs_single_trial|subject_01|session_01|event=5|offset=-5.0|duration=30.0,O0,357,6.446593007449759e-09,"{""EEG"": {""raw_lag1"": 0.7716051272825424, ""symmetric_whitened_lag1"": 0.7707752003798425, ""prefitted_noise_pair_correlation"": -0.008403361344537827}, ""HbO"": {""raw_lag1"": 0.9910742029584795, ""symmetric_whitened_lag1"": -0.5636213038131003, ""prefitted_noise_pair_correlation"": -0.008403361337009557}, ""HbR"": {""raw_lag1"": 0.9973042937231208, ""symmetric_whitened_lag1"": -0.5369515157164788, ""prefitted_noise_pair_correlation"": -0.008403361349001739}}",symmetric whitening on retained noise support; prefitted reference excludes effects of fitting the trajectory
v3_S2__subject_01__2__6__O0,subject_01,session_01,eeg_fnirs_single_trial|subject_01|session_01|event=14|offset=-5.0|duration=30.0,O0,357,6.446593007449759e-09,"{""EEG"": {""raw_lag1"": 0.663176536362133, ""symmetric_whitened_lag1"": 0.6385809930059477, ""prefitted_noise_pair_correlation"": -0.008403361344537827}, ""HbO"": {""raw_lag1"": 0.9884402773192689, ""symmetric_whitened_lag1"": -0.5708153032550671, ""prefitted_noise_pair_correlation"": -0.008403361337009557}, ""HbR"": {""raw_lag1"": 0.9969307959404216, ""symmetric_whitened_lag1"": -0.5582887234864579, ""prefitted_noise_pair_correlation"": -0.008403361349001739}}",symmetric whitening on retained noise support; prefitted reference excludes effects of fitting the trajectory
v3_S2__subject_01__2__10__O0,subject_01,session_03,eeg_fnirs_single_trial|subject_01|session_03|event=4|offset=-5.0|duration=30.0,O0,357,6.446593007449759e-09,"{""EEG"": {""raw_lag1"": 0.6423480546583845, ""symmetric_whitened_lag1"": 0.6271943925624286, ""prefitted_noise_pair_correlation"": -0.008403361344537827}, ""HbO"": {""raw_lag1"": 0.9917380015983646, ""symmetric_whitened_lag1"": -0.5603511813917136, ""prefitted_noise_pair_correlation"": -0.008403361337009557}, ""HbR"": {""raw_lag1"": 0.9912988783480468, ""symmetric_whitened_lag1"": -0.5614018710467529, ""prefitted_noise_pair_correlation"": -0.008403361349001739}}",symmetric whitening on retained noise support; prefitted reference excludes effects of fitting the trajectory
v3_S2__subject_01__2__14__O0,subject_01,session_03,eeg_fnirs_single_trial|subject_01|session_03|event=15|offset=-5.0|duration=30.0,O0,357,6.446593007449759e-09,"{""EEG"": {""raw_lag1"": 0.5127226373724284, ""symmetric_whitened_lag1"": 0.4781353805110257, ""prefitted_noise_pair_correlation"": -0.008403361344537827}, ""HbO"": {""raw_lag1"": 0.9921954760231061, ""symmetric_whitened_lag1"": -0.5735198458580975, ""prefitted_noise_pair_correlation"": -0.008403361337009557}, ""HbR"": {""raw_lag1"": 0.9964239001936012, ""symmetric_whitened_lag1"": -0.5687602578852035, ""prefitted_noise_pair_correlation"": -0.008403361349001739}}",symmetric whitening on retained noise support; prefitted reference excludes effects of fitting the trajectory
v3_S2__subject_01__2__18__O0,subject_01,session_05,eeg_fnirs_single_trial|subject_01|session_05|event=5|offset=-5.0|duration=30.0,O0,357,6.446593007449759e-09,"{""EEG"": {""raw_lag1"": 0.501642708939429, ""symmetric_whitened_lag1"": 0.5008347665528281, ""prefitted_noise_pair_correlation"": -0.008403361344537827}, ""HbO"": {""raw_lag1"": 0.990838826007698, ""symmetric_whitened_lag1"": -0.5661464100740636, ""prefitted_noise_pair_correlation"": -0.008403361337009557}, ""HbR"": {""raw_lag1"": 0.9962095562694636, ""symmetric_whitened_lag1"": -0.549333546267357, ""prefitted_noise_pair_correlation"": -0.008403361349001739}}",symmetric whitening on retained noise support; prefitted reference excludes effects of fitting the trajectory
v3_S2__subject_01__2__22__O0,subject_01,session_05,eeg_fnirs_single_trial|subject_01|session_05|event=14|offset=-5.0|duration=30.0,O0,357,6.446593007449759e-09,"{""EEG"": {""raw_lag1"": 0.7272123637074751, ""symmetric_whitened_lag1"": 0.6883454109033135, ""prefitted_noise_pair_correlation"": -0.008403361344537827}, ""HbO"": {""raw_lag1"": 0.9882642044712507, ""symmetric_whitened_lag1"": -0.5704761163824335, ""prefitted_noise_pair_correlation"": -0.008403361337009557}, ""HbR"": {""raw_lag1"": 0.9975704946717432, ""symmetric_whitened_lag1"": -0.5635462630578906, ""prefitted_noise_pair_correlation"": -0.008403361349001739}}",symmetric whitening on retained noise support; prefitted reference excludes effects of fitting the trajectory
v3_S2__subject_01__3__3__O0,subject_01,session_01,eeg_fnirs_single_trial|subject_01|session_01|event=7|offset=-5.0|duration=30.0,O0,357,6.832612530256649e-09,"{""EEG"": {""raw_lag1"": 0.5943045240374056, ""symmetric_whitened_lag1"": 0.5880734859873188, ""prefitted_noise_pair_correlation"": -0.008403361344537816}, ""HbO"": {""raw_lag1"": 0.9934093552017766, ""symmetric_whitened_lag1"": -0.5672317433973174, ""prefitted_noise_pair_correlation"": -0.00840336134338915}, ""HbR"": {""raw_lag1"": 0.9858170353736139, ""symmetric_whitened_lag1"": -0.5524316914049293, ""prefitted_noise_pair_correlation"": -0.008403361354755385}}",symmetric whitening on retained noise support; prefitted reference excludes effects of fitting the trajectory
v3_S2__subject_01__3__7__O0,subject_01,session_01,eeg_fnirs_single_trial|subject_01|session_01|event=17|offset=-5.0|duration=30.0,O0,357,6.832612530256649e-09,"{""EEG"": {""raw_lag1"": 0.6411800002495841, ""symmetric_whitened_lag1"": 0.6405035464664252, ""prefitted_noise_pair_correlation"": -0.008403361344537816}, ""HbO"": {""raw_lag1"": 0.9941878091990247, ""symmetric_whitened_lag1"": -0.5707564221315762, ""prefitted_noise_pair_correlation"": -0.00840336134338915}, ""HbR"": {""raw_lag1"": 0.993795496346289, ""symmetric_whitened_lag1"": -0.5473629961068935, ""prefitted_noise_pair_correlation"": -0.008403361354755385}}",symmetric whitening on retained noise support; prefitted reference excludes effects of fitting the trajectory
v3_S2__subject_01__3__11__O0,subject_01,session_03,eeg_fnirs_single_trial|subject_01|session_03|event=6|offset=-5.0|duration=30.0,O0,357,6.832612530256649e-09,"{""EEG"": {""raw_lag1"": 0.5713466907700138, ""symmetric_whitened_lag1"": 0.5476711246398223, ""prefitted_noise_pair_correlation"": -0.008403361344537816}, ""HbO"": {""raw_lag1"": 0.9938463257263919, ""symmetric_whitened_lag1"": -0.568985359019225, ""prefitted_noise_pair_correlation"": -0.00840336134338915}, ""HbR"": {""raw_lag1"": 0.9920739254508915, ""symmetric_whitened_lag1"": -0.5206459475541727, ""prefitted_noise_pair_correlation"": -0.008403361354755385}}",symmetric whitening on retained noise support; prefitted reference excludes effects of fitting the trajectory
v3_S2__subject_01__3__15__O0,subject_01,session_03,eeg_fnirs_single_trial|subject_01|session_03|event=16|offset=-5.0|duration=30.0,O0,357,6.832612530256649e-09,"{""EEG"": {""raw_lag1"": 0.6512162500853416, ""symmetric_whitened_lag1"": 0.6429844447969589, ""prefitted_noise_pair_correlation"": -0.008403361344537816}, ""HbO"": {""raw_lag1"": 0.9934917872303086, ""symmetric_whitened_lag1"": -0.5670024401560185, ""prefitted_noise_pair_correlation"": -0.00840336134338915}, ""HbR"": {""raw_lag1"": 0.9928602133854151, ""symmetric_whitened_lag1"": -0.5417237906778921, ""prefitted_noise_pair_correlation"": -0.008403361354755385}}",symmetric whitening on retained noise support; prefitted reference excludes effects of fitting the trajectory
v3_S2__subject_01__3__19__O0,subject_01,session_05,eeg_fnirs_single_trial|subject_01|session_05|event=7|offset=-5.0|duration=30.0,O0,357,6.832612530256649e-09,"{""EEG"": {""raw_lag1"": 0.4938240183621796, ""symmetric_whitened_lag1"": 0.4694391510618436, ""prefitted_noise_pair_correlation"": -0.008403361344537816}, ""HbO"": {""raw_lag1"": 0.9911057449192378, ""symmetric_whitened_lag1"": -0.5667432646027335, ""prefitted_noise_pair_correlation"": -0.00840336134338915}, ""HbR"": {""raw_lag1"": 0.9888219979078494, ""symmetric_whitened_lag1"": -0.5419429546569781, ""prefitted_noise_pair_correlation"": -0.008403361354755385}}",symmetric whitening on retained noise support; prefitted reference excludes effects of fitting the trajectory
v3_S2__subject_01__3__23__O0,subject_01,session_05,eeg_fnirs_single_trial|subject_01|session_05|event=17|offset=-5.0|duration=30.0,O0,357,6.832612530256649e-09,"{""EEG"": {""raw_lag1"": 0.6128992361161965, ""symmetric_whitened_lag1"": 0.5847636699309962, ""prefitted_noise_pair_correlation"": -0.008403361344537816}, ""HbO"": {""raw_lag1"": 0.9913176308043973, ""symmetric_whitened_lag1"": -0.5710823236670134, ""prefitted_noise_pair_correlation"": -0.00840336134338915}, ""HbR"": {""raw_lag1"": 0.9891399853366338, ""symmetric_whitened_lag1"": -0.5637268577534407, ""prefitted_noise_pair_correlation"": -0.008403361354755385}}",symmetric whitening on retained noise support; prefitted reference excludes effects of fitting the trajectory
v3_S2__subject_09__1__1__O0,subject_09,session_01,eeg_fnirs_single_trial|subject_09|session_01|event=2|offset=-5.0|duration=30.0,O0,357,1.6030185668532752e-08,"{""EEG"": {""raw_lag1"": 0.47989380436341145, ""symmetric_whitened_lag1"": 0.4010472422513013, ""prefitted_noise_pair_correlation"": -0.008403361344537816}, ""HbO"": {""raw_lag1"": 0.9865886872473719, ""symmetric_whitened_lag1"": -0.5700778535735139, ""prefitted_noise_pair_correlation"": -0.008403361344469305}, ""HbR"": {""raw_lag1"": 0.9973007315288426, ""symmetric_whitened_lag1"": -0.5423868689525091, ""prefitted_noise_pair_correlation"": -0.008403361351962645}}",symmetric whitening on retained noise support; prefitted reference excludes effects of fitting the trajectory
v3_S2__subject_09__1__5__O0,subject_09,session_01,eeg_fnirs_single_trial|subject_09|session_01|event=13|offset=-5.0|duration=30.0,O0,357,1.6030185668532752e-08,"{""EEG"": {""raw_lag1"": 0.3475332113950616, ""symmetric_whitened_lag1"": 0.33602375674382856, ""prefitted_noise_pair_correlation"": -0.008403361344537816}, ""HbO"": {""raw_lag1"": 0.9901721206631536, ""symmetric_whitened_lag1"": -0.5668085246271973, ""prefitted_noise_pair_correlation"": -0.008403361344469305}, ""HbR"": {""raw_lag1"": 0.9964446213027763, ""symmetric_whitened_lag1"": -0.5573705608295642, ""prefitted_noise_pair_correlation"": -0.008403361351962645}}",symmetric whitening on retained noise support; prefitted reference excludes effects of fitting the trajectory
v3_S2__subject_09__1__9__O0,subject_09,session_03,eeg_fnirs_single_trial|subject_09|session_03|event=3|offset=-5.0|duration=30.0,O0,357,1.6030185668532752e-08,"{""EEG"": {""raw_lag1"": 0.6763814997976977, ""symmetric_whitened_lag1"": 0.6006436354831989, ""prefitted_noise_pair_correlation"": -0.008403361344537816}, ""HbO"": {""raw_lag1"": 0.9868852673290668, ""symmetric_whitened_lag1"": -0.5729677616235027, ""prefitted_noise_pair_correlation"": -0.008403361344469305}, ""HbR"": {""raw_lag1"": 0.9963962664915419, ""symmetric_whitened_lag1"": -0.562434907807884, ""prefitted_noise_pair_correlation"": -0.008403361351962645}}",symmetric whitening on retained noise support; prefitted reference excludes effects of fitting the trajectory
v3_S2__subject_09__1__13__O0,subject_09,session_03,eeg_fnirs_single_trial|subject_09|session_03|event=12|offset=-5.0|duration=30.0,O0,357,1.6030185668532752e-08,"{""EEG"": {""raw_lag1"": 0.8855270950434303, ""symmetric_whitened_lag1"": 0.853986262234079, ""prefitted_noise_pair_correlation"": -0.008403361344537816}, ""HbO"": {""raw_lag1"": 0.9871798177890427, ""symmetric_whitened_lag1"": -0.5719974629174369, ""prefitted_noise_pair_correlation"": -0.008403361344469305}, ""HbR"": {""raw_lag1"": 0.997869646397677, ""symmetric_whitened_lag1"": -0.5477979886296127, ""prefitted_noise_pair_correlation"": -0.008403361351962645}}",symmetric whitening on retained noise support; prefitted reference excludes effects of fitting the trajectory
v3_S2__subject_09__1__17__O0,subject_09,session_05,eeg_fnirs_single_trial|subject_09|session_05|event=2|offset=-5.0|duration=30.0,O0,357,1.6030185668532752e-08,"{""EEG"": {""raw_lag1"": 0.5409382527985468, ""symmetric_whitened_lag1"": 0.5292512791352378, ""prefitted_noise_pair_correlation"": -0.008403361344537816}, ""HbO"": {""raw_lag1"": 0.9888079062591182, ""symmetric_whitened_lag1"": -0.5680965148390731, ""prefitted_noise_pair_correlation"": -0.008403361344469305}, ""HbR"": {""raw_lag1"": 0.9963488408371619, ""symmetric_whitened_lag1"": -0.5548141438464822, ""prefitted_noise_pair_correlation"": -0.008403361351962645}}",symmetric whitening on retained noise support; prefitted reference excludes effects of fitting the trajectory
v3_S2__subject_09__1__21__O0,subject_09,session_05,eeg_fnirs_single_trial|subject_09|session_05|event=13|offset=-5.0|duration=30.0,O0,357,1.6030185668532752e-08,"{""EEG"": {""raw_lag1"": 0.8316699319812368, ""symmetric_whitened_lag1"": 0.720804941293455, ""prefitted_noise_pair_correlation"": -0.008403361344537816}, ""HbO"": {""raw_lag1"": 0.9890708151792279, ""symmetric_whitened_lag1"": -0.5653459018846323, ""prefitted_noise_pair_correlation"": -0.008403361344469305}, ""HbR"": {""raw_lag1"": 0.9974542022623135, ""symmetric_whitened_lag1"": -0.5523779137210185, ""prefitted_noise_pair_correlation"": -0.008403361351962645}}",symmetric whitening on retained noise support; prefitted reference excludes effects of fitting the trajectory
v3_S2__subject_09__1__1__O1,subject_09,session_01,eeg_fnirs_single_trial|subject_09|session_01|event=2|offset=-5.0|duration=30.0,O1,357,1.6030185668532752e-08,"{""EEG"": {""raw_lag1"": 0.9395282800999373, ""symmetric_whitened_lag1"": 0.9193762703766839, ""prefitted_noise_pair_correlation"": -0.008403361344537816}, ""HbO"": {""raw_lag1"": 0.9916305442155101, ""symmetric_whitened_lag1"": 0.049171991503733296, ""prefitted_noise_pair_correlation"": -0.008403361344469305}, ""HbR"": {""raw_lag1"": 0.9924273689178271, ""symmetric_whitened_lag1"": -0.46868856646604123, ""prefitted_noise_pair_correlation"": -0.008403361351962645}}",symmetric whitening on retained noise support; prefitted reference excludes effects of fitting the trajectory
v3_S2__subject_09__2__2__O0,subject_09,session_01,eeg_fnirs_single_trial|subject_09|session_01|event=4|offset=-5.0|duration=30.0,O0,357,6.451139386773624e-09,"{""EEG"": {""raw_lag1"": 0.19228050069137903, ""symmetric_whitened_lag1"": 0.15113942684504833, ""prefitted_noise_pair_correlation"": -0.008403361344537827}, ""HbO"": {""raw_lag1"": 0.9928319386803687, ""symmetric_whitened_lag1"": -0.5605534576638, ""prefitted_noise_pair_correlation"": -0.008403361339106264}, ""HbR"": {""raw_lag1"": 0.9965880662366133, ""symmetric_whitened_lag1"": -0.5511626692608981, ""prefitted_noise_pair_correlation"": -0.008403361343583356}}",symmetric whitening on retained noise support; prefitted reference excludes effects of fitting the trajectory
v3_S2__subject_09__2__6__O0,subject_09,session_01,eeg_fnirs_single_trial|subject_09|session_01|event=14|offset=-5.0|duration=30.0,O0,357,6.451139386773624e-09,"{""EEG"": {""raw_lag1"": 0.5473360895609354, ""symmetric_whitened_lag1"": 0.47315745969261447, ""prefitted_noise_pair_correlation"": -0.008403361344537827}, ""HbO"": {""raw_lag1"": 0.9855203452853323, ""symmetric_whitened_lag1"": -0.5551903718089646, ""prefitted_noise_pair_correlation"": -0.008403361339106264}, ""HbR"": {""raw_lag1"": 0.9971250295254852, ""symmetric_whitened_lag1"": -0.5264704001598667, ""prefitted_noise_pair_correlation"": -0.008403361343583356}}",symmetric whitening on retained noise support; prefitted reference excludes effects of fitting the trajectory
v3_S2__subject_09__2__10__O0,subject_09,session_03,eeg_fnirs_single_trial|subject_09|session_03|event=5|offset=-5.0|duration=30.0,O0,357,6.451139386773624e-09,"{""EEG"": {""raw_lag1"": 0.6311904676683366, ""symmetric_whitened_lag1"": 0.5981788309282967, ""prefitted_noise_pair_correlation"": -0.008403361344537827}, ""HbO"": {""raw_lag1"": 0.9893217911805695, ""symmetric_whitened_lag1"": -0.566308997850677, ""prefitted_noise_pair_correlation"": -0.008403361339106264}, ""HbR"": {""raw_lag1"": 0.9971586724330307, ""symmetric_whitened_lag1"": -0.5498659519770035, ""prefitted_noise_pair_correlation"": -0.008403361343583356}}",symmetric whitening on retained noise support; prefitted reference excludes effects of fitting the trajectory
v3_S2__subject_09__2__14__O0,subject_09,session_03,eeg_fnirs_single_trial|subject_09|session_03|event=15|offset=-5.0|duration=30.0,O0,357,6.451139386773624e-09,"{""EEG"": {""raw_lag1"": 0.7654003185182114, ""symmetric_whitened_lag1"": 0.7172366823468954, ""prefitted_noise_pair_correlation"": -0.008403361344537827}, ""HbO"": {""raw_lag1"": 0.9851274010421869, ""symmetric_whitened_lag1"": -0.5613674904791798, ""prefitted_noise_pair_correlation"": -0.008403361339106264}, ""HbR"": {""raw_lag1"": 0.9972779543891086, ""symmetric_whitened_lag1"": -0.5443611858443465, ""prefitted_noise_pair_correlation"": -0.008403361343583356}}",symmetric whitening on retained noise support; prefitted reference excludes effects of fitting the trajectory
v3_S2__subject_09__2__18__O0,subject_09,session_05,eeg_fnirs_single_trial|subject_09|session_05|event=4|offset=-5.0|duration=30.0,O0,357,6.451139386773624e-09,"{""EEG"": {""raw_lag1"": 0.7048631185096392, ""symmetric_whitened_lag1"": 0.6874211328365121, ""prefitted_noise_pair_correlation"": -0.008403361344537827}, ""HbO"": {""raw_lag1"": 0.9899425762195548, ""symmetric_whitened_lag1"": -0.56654142541178, ""prefitted_noise_pair_correlation"": -0.008403361339106264}, ""HbR"": {""raw_lag1"": 0.9961024220985589, ""symmetric_whitened_lag1"": -0.5498140012803867, ""prefitted_noise_pair_correlation"": -0.008403361343583356}}",symmetric whitening on retained noise support; prefitted reference excludes effects of fitting the trajectory
v3_S2__subject_09__2__22__O0,subject_09,session_05,eeg_fnirs_single_trial|subject_09|session_05|event=14|offset=-5.0|duration=30.0,O0,357,6.451139386773624e-09,"{""EEG"": {""raw_lag1"": 0.8225240897746363, ""symmetric_whitened_lag1"": 0.7707381776129418, ""prefitted_noise_pair_correlation"": -0.008403361344537827}, ""HbO"": {""raw_lag1"": 0.992033993439, ""symmetric_whitened_lag1"": -0.5636694492565272, ""prefitted_noise_pair_correlation"": -0.008403361339106264}, ""HbR"": {""raw_lag1"": 0.9972629568040486, ""symmetric_whitened_lag1"": -0.537453482934282, ""prefitted_noise_pair_correlation"": -0.008403361343583356}}",symmetric whitening on retained noise support; prefitted reference excludes effects of fitting the trajectory
v3_S2__subject_09__3__3__O0,subject_09,session_01,eeg_fnirs_single_trial|subject_09|session_01|event=7|offset=-5.0|duration=30.0,O0,357,5.266411294465398e-09,"{""EEG"": {""raw_lag1"": 0.514358992884912, ""symmetric_whitened_lag1"": 0.45899513896511507, ""prefitted_noise_pair_correlation"": -0.008403361344537808}, ""HbO"": {""raw_lag1"": 0.9934446170291046, ""symmetric_whitened_lag1"": -0.5639384386358117, ""prefitted_noise_pair_correlation"": -0.008403361342762008}, ""HbR"": {""raw_lag1"": 0.9970465728953708, ""symmetric_whitened_lag1"": -0.5351631821428421, ""prefitted_noise_pair_correlation"": -0.008403361343523458}}",symmetric whitening on retained noise support; prefitted reference excludes effects of fitting the trajectory
v3_S2__subject_09__3__7__O0,subject_09,session_01,eeg_fnirs_single_trial|subject_09|session_01|event=16|offset=-5.0|duration=30.0,O0,357,5.266411294465398e-09,"{""EEG"": {""raw_lag1"": 0.5237756371352434, ""symmetric_whitened_lag1"": 0.4958600678560724, ""prefitted_noise_pair_correlation"": -0.008403361344537808}, ""HbO"": {""raw_lag1"": 0.9907287641028101, ""symmetric_whitened_lag1"": -0.5657094289104503, ""prefitted_noise_pair_correlation"": -0.008403361342762008}, ""HbR"": {""raw_lag1"": 0.9976089080662833, ""symmetric_whitened_lag1"": -0.5384400295786752, ""prefitted_noise_pair_correlation"": -0.008403361343523458}}",symmetric whitening on retained noise support; prefitted reference excludes effects of fitting the trajectory
v3_S2__subject_09__3__11__O0,subject_09,session_03,eeg_fnirs_single_trial|subject_09|session_03|event=7|offset=-5.0|duration=30.0,O0,357,5.266411294465398e-09,"{""EEG"": {""raw_lag1"": 0.721901730180147, ""symmetric_whitened_lag1"": 0.6899331369235016, ""prefitted_noise_pair_correlation"": -0.008403361344537808}, ""HbO"": {""raw_lag1"": 0.9877191788351717, ""symmetric_whitened_lag1"": -0.5618811459696426, ""prefitted_noise_pair_correlation"": -0.008403361342762008}, ""HbR"": {""raw_lag1"": 0.9968311943887548, ""symmetric_whitened_lag1"": -0.5368164526020816, ""prefitted_noise_pair_correlation"": -0.008403361343523458}}",symmetric whitening on retained noise support; prefitted reference excludes effects of fitting the trajectory
v3_S2__subject_09__3__15__O0,subject_09,session_03,eeg_fnirs_single_trial|subject_09|session_03|event=16|offset=-5.0|duration=30.0,O0,357,5.266411294465398e-09,"{""EEG"": {""raw_lag1"": 0.6527372627208832, ""symmetric_whitened_lag1"": 0.6481415115810176, ""prefitted_noise_pair_correlation"": -0.008403361344537808}, ""HbO"": {""raw_lag1"": 0.9870833909527816, ""symmetric_whitened_lag1"": -0.5695275574246618, ""prefitted_noise_pair_correlation"": -0.008403361342762008}, ""HbR"": {""raw_lag1"": 0.9966226420856282, ""symmetric_whitened_lag1"": -0.5431386517239021, ""prefitted_noise_pair_correlation"": -0.008403361343523458}}",symmetric whitening on retained noise support; prefitted reference excludes effects of fitting the trajectory
v3_S2__subject_09__3__19__O0,subject_09,session_05,eeg_fnirs_single_trial|subject_09|session_05|event=6|offset=-5.0|duration=30.0,O0,357,5.266411294465398e-09,"{""EEG"": {""raw_lag1"": 0.6656344695531703, ""symmetric_whitened_lag1"": 0.6174448055852823, ""prefitted_noise_pair_correlation"": -0.008403361344537808}, ""HbO"": {""raw_lag1"": 0.9894483828249541, ""symmetric_whitened_lag1"": -0.5675051345461616, ""prefitted_noise_pair_correlation"": -0.008403361342762008}, ""HbR"": {""raw_lag1"": 0.9973484070579176, ""symmetric_whitened_lag1"": -0.5452365594737445, ""prefitted_noise_pair_correlation"": -0.008403361343523458}}",symmetric whitening on retained noise support; prefitted reference excludes effects of fitting the trajectory
v3_S2__subject_09__3__23__O0,subject_09,session_05,eeg_fnirs_single_trial|subject_09|session_05|event=16|offset=-5.0|duration=30.0,O0,357,5.266411294465398e-09,"{""EEG"": {""raw_lag1"": 0.7040775610683239, ""symmetric_whitened_lag1"": 0.7036387386553126, ""prefitted_noise_pair_correlation"": -0.008403361344537808}, ""HbO"": {""raw_lag1"": 0.992956707956141, ""symmetric_whitened_lag1"": -0.5684406051725256, ""prefitted_noise_pair_correlation"": -0.008403361342762008}, ""HbR"": {""raw_lag1"": 0.9968780443793689, ""symmetric_whitened_lag1"": -0.5521646072040709, ""prefitted_noise_pair_correlation"": -0.008403361343523458}}",symmetric whitening on retained noise support; prefitted reference excludes effects of fitting the trajectory
v3_S2__subject_18__0__0__O0,subject_18,session_01,eeg_fnirs_single_trial|subject_18|session_01|event=1|offset=-5.0|duration=30.0,O0,357,5.266411294465398e-09,"{""EEG"": {""raw_lag1"": 0.6598095251620432, ""symmetric_whitened_lag1"": 0.6384024892560018, ""prefitted_noise_pair_correlation"": -0.008403361344537808}, ""HbO"": {""raw_lag1"": 0.9865005056910099, ""symmetric_whitened_lag1"": -0.571677112284009, ""prefitted_noise_pair_correlation"": -0.008403361342762008}, ""HbR"": {""raw_lag1"": 0.9962126113609402, ""symmetric_whitened_lag1"": -0.559340016806544, ""prefitted_noise_pair_correlation"": -0.008403361343523458}}",symmetric whitening on retained noise support; prefitted reference excludes effects of fitting the trajectory
v3_S2__subject_18__0__4__O0,subject_18,session_01,eeg_fnirs_single_trial|subject_18|session_01|event=10|offset=-5.0|duration=30.0,O0,357,5.266411294465398e-09,"{""EEG"": {""raw_lag1"": 0.6934585557141065, ""symmetric_whitened_lag1"": 0.6461115255199775, ""prefitted_noise_pair_correlation"": -0.008403361344537808}, ""HbO"": {""raw_lag1"": 0.987755286804126, ""symmetric_whitened_lag1"": -0.5630509080050692, ""prefitted_noise_pair_correlation"": -0.008403361342762008}, ""HbR"": {""raw_lag1"": 0.99703410853792, ""symmetric_whitened_lag1"": -0.5378891704935878, ""prefitted_noise_pair_correlation"": -0.008403361343523458}}",symmetric whitening on retained noise support; prefitted reference excludes effects of fitting the trajectory
v3_S2__subject_18__0__8__O0,subject_18,session_03,eeg_fnirs_single_trial|subject_18|session_03|event=0|offset=-5.0|duration=30.0,O0,357,5.266411294465398e-09,"{""EEG"": {""raw_lag1"": 0.6487958529988908, ""symmetric_whitened_lag1"": 0.5777639059005717, ""prefitted_noise_pair_correlation"": -0.008403361344537808}, ""HbO"": {""raw_lag1"": 0.9899865345351825, ""symmetric_whitened_lag1"": -0.5693982963079798, ""prefitted_noise_pair_correlation"": -0.008403361342762008}, ""HbR"": {""raw_lag1"": 0.9966137961432933, ""symmetric_whitened_lag1"": -0.5524315718635122, ""prefitted_noise_pair_correlation"": -0.008403361343523458}}",symmetric whitening on retained noise support; prefitted reference excludes effects of fitting the trajectory
v3_S2__subject_18__0__12__O0,subject_18,session_03,eeg_fnirs_single_trial|subject_18|session_03|event=11|offset=-5.0|duration=30.0,O0,357,5.266411294465398e-09,"{""EEG"": {""raw_lag1"": 0.5246450994732512, ""symmetric_whitened_lag1"": 0.5140141537990435, ""prefitted_noise_pair_correlation"": -0.008403361344537808}, ""HbO"": {""raw_lag1"": 0.9942640893262565, ""symmetric_whitened_lag1"": -0.5751108320550614, ""prefitted_noise_pair_correlation"": -0.008403361342762008}, ""HbR"": {""raw_lag1"": 0.9913075329163371, ""symmetric_whitened_lag1"": -0.5711194916500896, ""prefitted_noise_pair_correlation"": -0.008403361343523458}}",symmetric whitening on retained noise support; prefitted reference excludes effects of fitting the trajectory
v3_S2__subject_18__0__16__O0,subject_18,session_05,eeg_fnirs_single_trial|subject_18|session_05|event=1|offset=-5.0|duration=30.0,O0,357,5.266411294465398e-09,"{""EEG"": {""raw_lag1"": 0.7464609652739445, ""symmetric_whitened_lag1"": 0.7261515525058689, ""prefitted_noise_pair_correlation"": -0.008403361344537808}, ""HbO"": {""raw_lag1"": 0.9905287045195499, ""symmetric_whitened_lag1"": -0.5646632761679258, ""prefitted_noise_pair_correlation"": -0.008403361342762008}, ""HbR"": {""raw_lag1"": 0.9975623480647656, ""symmetric_whitened_lag1"": -0.5395274969716976, ""prefitted_noise_pair_correlation"": -0.008403361343523458}}",symmetric whitening on retained noise support; prefitted reference excludes effects of fitting the trajectory
v3_S2__subject_18__0__20__O0,subject_18,session_05,eeg_fnirs_single_trial|subject_18|session_05|event=11|offset=-5.0|duration=30.0,O0,357,5.266411294465398e-09,"{""EEG"": {""raw_lag1"": 0.41052862414938385, ""symmetric_whitened_lag1"": 0.4086303144010375, ""prefitted_noise_pair_correlation"": -0.008403361344537808}, ""HbO"": {""raw_lag1"": 0.9913615732873986, ""symmetric_whitened_lag1"": -0.5633428447660028, ""prefitted_noise_pair_correlation"": -0.008403361342762008}, ""HbR"": {""raw_lag1"": 0.9970512890448743, ""symmetric_whitened_lag1"": -0.5284823979287918, ""prefitted_noise_pair_correlation"": -0.008403361343523458}}",symmetric whitening on retained noise support; prefitted reference excludes effects of fitting the trajectory
v3_S2__subject_18__0__8__O1,subject_18,session_03,eeg_fnirs_single_trial|subject_18|session_03|event=0|offset=-5.0|duration=30.0,O1,357,5.266411294465398e-09,"{""EEG"": {""raw_lag1"": 0.934967832964162, ""symmetric_whitened_lag1"": 0.916286713112698, ""prefitted_noise_pair_correlation"": -0.008403361344537808}, ""HbO"": {""raw_lag1"": 0.9953243438386645, ""symmetric_whitened_lag1"": 0.1763649996099069, ""prefitted_noise_pair_correlation"": -0.008403361342762008}, ""HbR"": {""raw_lag1"": 0.9939891603708709, ""symmetric_whitened_lag1"": -0.47876740319263017, ""prefitted_noise_pair_correlation"": -0.008403361343523458}}",symmetric whitening on retained noise support; prefitted reference excludes effects of fitting the trajectory
v3_S2__subject_18__1__1__O0,subject_18,session_01,eeg_fnirs_single_trial|subject_18|session_01|event=3|offset=-5.0|duration=30.0,O0,357,1.6030185668532752e-08,"{""EEG"": {""raw_lag1"": 0.44996906740716414, ""symmetric_whitened_lag1"": 0.4343663909484181, ""prefitted_noise_pair_correlation"": -0.008403361344537816}, ""HbO"": {""raw_lag1"": 0.9928092698780715, ""symmetric_whitened_lag1"": -0.5717276952397865, ""prefitted_noise_pair_correlation"": -0.008403361344469305}, ""HbR"": {""raw_lag1"": 0.9968874302952893, ""symmetric_whitened_lag1"": -0.5581096315697995, ""prefitted_noise_pair_correlation"": -0.008403361351962645}}",symmetric whitening on retained noise support; prefitted reference excludes effects of fitting the trajectory
v3_S2__subject_18__1__5__O0,subject_18,session_01,eeg_fnirs_single_trial|subject_18|session_01|event=12|offset=-5.0|duration=30.0,O0,357,1.6030185668532752e-08,"{""EEG"": {""raw_lag1"": 0.794239572834129, ""symmetric_whitened_lag1"": 0.7867618736666663, ""prefitted_noise_pair_correlation"": -0.008403361344537816}, ""HbO"": {""raw_lag1"": 0.9871184340161349, ""symmetric_whitened_lag1"": -0.5688869901169916, ""prefitted_noise_pair_correlation"": -0.008403361344469305}, ""HbR"": {""raw_lag1"": 0.9965911742624702, ""symmetric_whitened_lag1"": -0.5512227419036373, ""prefitted_noise_pair_correlation"": -0.008403361351962645}}",symmetric whitening on retained noise support; prefitted reference excludes effects of fitting the trajectory
v3_S2__subject_18__1__9__O0,subject_18,session_03,eeg_fnirs_single_trial|subject_18|session_03|event=2|offset=-5.0|duration=30.0,O0,357,1.6030185668532752e-08,"{""EEG"": {""raw_lag1"": 0.7638505033572347, ""symmetric_whitened_lag1"": 0.7350306174566839, ""prefitted_noise_pair_correlation"": -0.008403361344537816}, ""HbO"": {""raw_lag1"": 0.9908288081186923, ""symmetric_whitened_lag1"": -0.564283246802958, ""prefitted_noise_pair_correlation"": -0.008403361344469305}, ""HbR"": {""raw_lag1"": 0.9967339497518732, ""symmetric_whitened_lag1"": -0.5510754275039711, ""prefitted_noise_pair_correlation"": -0.008403361351962645}}",symmetric whitening on retained noise support; prefitted reference excludes effects of fitting the trajectory
v3_S2__subject_18__1__13__O0,subject_18,session_03,eeg_fnirs_single_trial|subject_18|session_03|event=13|offset=-5.0|duration=30.0,O0,357,1.6030185668532752e-08,"{""EEG"": {""raw_lag1"": 0.5392740255149311, ""symmetric_whitened_lag1"": 0.5178899734577672, ""prefitted_noise_pair_correlation"": -0.008403361344537816}, ""HbO"": {""raw_lag1"": 0.9919540195882705, ""symmetric_whitened_lag1"": -0.5690923809229564, ""prefitted_noise_pair_correlation"": -0.008403361344469305}, ""HbR"": {""raw_lag1"": 0.9974530858102475, ""symmetric_whitened_lag1"": -0.5614935611617304, ""prefitted_noise_pair_correlation"": -0.008403361351962645}}",symmetric whitening on retained noise support; prefitted reference excludes effects of fitting the trajectory
v3_S2__subject_18__1__17__O0,subject_18,session_05,eeg_fnirs_single_trial|subject_18|session_05|event=3|offset=-5.0|duration=30.0,O0,357,1.6030185668532752e-08,"{""EEG"": {""raw_lag1"": 0.38996643685710836, ""symmetric_whitened_lag1"": 0.3618415076266646, ""prefitted_noise_pair_correlation"": -0.008403361344537816}, ""HbO"": {""raw_lag1"": 0.989500046244436, ""symmetric_whitened_lag1"": -0.5703258712767003, ""prefitted_noise_pair_correlation"": -0.008403361344469305}, ""HbR"": {""raw_lag1"": 0.9969771048655448, ""symmetric_whitened_lag1"": -0.5578300593362816, ""prefitted_noise_pair_correlation"": -0.008403361351962645}}",symmetric whitening on retained noise support; prefitted reference excludes effects of fitting the trajectory
v3_S2__subject_18__1__21__O0,subject_18,session_05,eeg_fnirs_single_trial|subject_18|session_05|event=12|offset=-5.0|duration=30.0,O0,357,1.6030185668532752e-08,"{""EEG"": {""raw_lag1"": 0.5914995730965857, ""symmetric_whitened_lag1"": 0.5743741516379757, ""prefitted_noise_pair_correlation"": -0.008403361344537816}, ""HbO"": {""raw_lag1"": 0.9933455913503758, ""symmetric_whitened_lag1"": -0.5571519495810446, ""prefitted_noise_pair_correlation"": -0.008403361344469305}, ""HbR"": {""raw_lag1"": 0.9978977343644899, ""symmetric_whitened_lag1"": -0.5482894561796173, ""prefitted_noise_pair_correlation"": -0.008403361351962645}}",symmetric whitening on retained noise support; prefitted reference excludes effects of fitting the trajectory
v3_S2__subject_18__1__9__O1,subject_18,session_03,eeg_fnirs_single_trial|subject_18|session_03|event=2|offset=-5.0|duration=30.0,O1,357,1.6030185668532752e-08,"{""EEG"": {""raw_lag1"": 0.8838084665987982, ""symmetric_whitened_lag1"": 0.8320494288156247, ""prefitted_noise_pair_correlation"": -0.008403361344537816}, ""HbO"": {""raw_lag1"": 0.9955997598802421, ""symmetric_whitened_lag1"": 0.08244114144123355, ""prefitted_noise_pair_correlation"": -0.008403361344469305}, ""HbR"": {""raw_lag1"": 0.9943763557062392, ""symmetric_whitened_lag1"": -0.4703166680748223, ""prefitted_noise_pair_correlation"": -0.008403361351962645}}",symmetric whitening on retained noise support; prefitted reference excludes effects of fitting the trajectory
v3_S2__subject_18__1__21__O1,subject_18,session_05,eeg_fnirs_single_trial|subject_18|session_05|event=12|offset=-5.0|duration=30.0,O1,357,1.6030185668532752e-08,"{""EEG"": {""raw_lag1"": 0.8913086174041657, ""symmetric_whitened_lag1"": 0.866708814237977, ""prefitted_noise_pair_correlation"": -0.008403361344537816}, ""HbO"": {""raw_lag1"": 0.9931821350438301, ""symmetric_whitened_lag1"": 0.058451948306660076, ""prefitted_noise_pair_correlation"": -0.008403361344469305}, ""HbR"": {""raw_lag1"": 0.9915448708977417, ""symmetric_whitened_lag1"": -0.4567956040852155, ""prefitted_noise_pair_correlation"": -0.008403361351962645}}",symmetric whitening on retained noise support; prefitted reference excludes effects of fitting the trajectory
v3_S2__subject_18__2__2__O0,subject_18,session_01,eeg_fnirs_single_trial|subject_18|session_01|event=4|offset=-5.0|duration=30.0,O0,357,1.6030185668532752e-08,"{""EEG"": {""raw_lag1"": 0.7413410343517717, ""symmetric_whitened_lag1"": 0.6765072339672802, ""prefitted_noise_pair_correlation"": -0.008403361344537816}, ""HbO"": {""raw_lag1"": 0.9873418752609415, ""symmetric_whitened_lag1"": -0.5725500613531879, ""prefitted_noise_pair_correlation"": -0.008403361344469305}, ""HbR"": {""raw_lag1"": 0.9970916508669025, ""symmetric_whitened_lag1"": -0.5636015950744454, ""prefitted_noise_pair_correlation"": -0.008403361351962645}}",symmetric whitening on retained noise support; prefitted reference excludes effects of fitting the trajectory
v3_S2__subject_18__2__6__O0,subject_18,session_01,eeg_fnirs_single_trial|subject_18|session_01|event=15|offset=-5.0|duration=30.0,O0,357,1.6030185668532752e-08,"{""EEG"": {""raw_lag1"": 0.6711739430688446, ""symmetric_whitened_lag1"": 0.592491600324948, ""prefitted_noise_pair_correlation"": -0.008403361344537816}, ""HbO"": {""raw_lag1"": 0.9845318900150216, ""symmetric_whitened_lag1"": -0.5654132148957359, ""prefitted_noise_pair_correlation"": -0.008403361344469305}, ""HbR"": {""raw_lag1"": 0.9974047310055175, ""symmetric_whitened_lag1"": -0.5390199118811809, ""prefitted_noise_pair_correlation"": -0.008403361351962645}}",symmetric whitening on retained noise support; prefitted reference excludes effects of fitting the trajectory
v3_S2__subject_18__2__10__O0,subject_18,session_03,eeg_fnirs_single_trial|subject_18|session_03|event=4|offset=-5.0|duration=30.0,O0,357,1.6030185668532752e-08,"{""EEG"": {""raw_lag1"": 0.7498171358781446, ""symmetric_whitened_lag1"": 0.6634141533658473, ""prefitted_noise_pair_correlation"": -0.008403361344537816}, ""HbO"": {""raw_lag1"": 0.9908189574021322, ""symmetric_whitened_lag1"": -0.5687429705190509, ""prefitted_noise_pair_correlation"": -0.008403361344469305}, ""HbR"": {""raw_lag1"": 0.9967099290414496, ""symmetric_whitened_lag1"": -0.5535199486703255, ""prefitted_noise_pair_correlation"": -0.008403361351962645}}",symmetric whitening on retained noise support; prefitted reference excludes effects of fitting the trajectory
v3_S2__subject_18__2__14__O0,subject_18,session_03,eeg_fnirs_single_trial|subject_18|session_03|event=15|offset=-5.0|duration=30.0,O0,357,1.6030185668532752e-08,"{""EEG"": {""raw_lag1"": 0.615136293450641, ""symmetric_whitened_lag1"": 0.5763218926845789, ""prefitted_noise_pair_correlation"": -0.008403361344537816}, ""HbO"": {""raw_lag1"": 0.9906348312051187, ""symmetric_whitened_lag1"": -0.5622745982010573, ""prefitted_noise_pair_correlation"": -0.008403361344469305}, ""HbR"": {""raw_lag1"": 0.9975224949050989, ""symmetric_whitened_lag1"": -0.5365454321267075, ""prefitted_noise_pair_correlation"": -0.008403361351962645}}",symmetric whitening on retained noise support; prefitted reference excludes effects of fitting the trajectory
v3_S2__subject_18__2__18__O0,subject_18,session_05,eeg_fnirs_single_trial|subject_18|session_05|event=4|offset=-5.0|duration=30.0,O0,357,1.6030185668532752e-08,"{""EEG"": {""raw_lag1"": 0.6016618746601906, ""symmetric_whitened_lag1"": 0.539906282486816, ""prefitted_noise_pair_correlation"": -0.008403361344537816}, ""HbO"": {""raw_lag1"": 0.991046143100674, ""symmetric_whitened_lag1"": -0.5651711004375843, ""prefitted_noise_pair_correlation"": -0.008403361344469305}, ""HbR"": {""raw_lag1"": 0.9975988532641169, ""symmetric_whitened_lag1"": -0.5576080018222025, ""prefitted_noise_pair_correlation"": -0.008403361351962645}}",symmetric whitening on retained noise support; prefitted reference excludes effects of fitting the trajectory
v3_S2__subject_18__2__22__O0,subject_18,session_05,eeg_fnirs_single_trial|subject_18|session_05|event=15|offset=-5.0|duration=30.0,O0,357,1.6030185668532752e-08,"{""EEG"": {""raw_lag1"": 0.5143187285592179, ""symmetric_whitened_lag1"": 0.45496010170388007, ""prefitted_noise_pair_correlation"": -0.008403361344537816}, ""HbO"": {""raw_lag1"": 0.9901739038754205, ""symmetric_whitened_lag1"": -0.5721149405178042, ""prefitted_noise_pair_correlation"": -0.008403361344469305}, ""HbR"": {""raw_lag1"": 0.99630456423937, ""symmetric_whitened_lag1"": -0.5566888519395036, ""prefitted_noise_pair_correlation"": -0.008403361351962645}}",symmetric whitening on retained noise support; prefitted reference excludes effects of fitting the trajectory
v3_S2__subject_18__2__10__O1,subject_18,session_03,eeg_fnirs_single_trial|subject_18|session_03|event=4|offset=-5.0|duration=30.0,O1,357,1.6030185668532752e-08,"{""EEG"": {""raw_lag1"": 0.9480139160224187, ""symmetric_whitened_lag1"": 0.9318341419380356, ""prefitted_noise_pair_correlation"": -0.008403361344537816}, ""HbO"": {""raw_lag1"": 0.9930820803634473, ""symmetric_whitened_lag1"": 0.04802638998552327, ""prefitted_noise_pair_correlation"": -0.008403361344469305}, ""HbR"": {""raw_lag1"": 0.9936323200243069, ""symmetric_whitened_lag1"": -0.46830398689159874, ""prefitted_noise_pair_correlation"": -0.008403361351962645}}",symmetric whitening on retained noise support; prefitted reference excludes effects of fitting the trajectory
v3_S2__subject_18__2__22__O1,subject_18,session_05,eeg_fnirs_single_trial|subject_18|session_05|event=15|offset=-5.0|duration=30.0,O1,357,1.6030185668532752e-08,"{""EEG"": {""raw_lag1"": 0.8950503956025583, ""symmetric_whitened_lag1"": 0.8499303990087723, ""prefitted_noise_pair_correlation"": -0.008403361344537816}, ""HbO"": {""raw_lag1"": 0.9948866363252883, ""symmetric_whitened_lag1"": 0.16369875164039474, ""prefitted_noise_pair_correlation"": -0.008403361344469305}, ""HbR"": {""raw_lag1"": 0.9943148294536907, ""symmetric_whitened_lag1"": -0.47414415139453486, ""prefitted_noise_pair_correlation"": -0.008403361351962645}}",symmetric whitening on retained noise support; prefitted reference excludes effects of fitting the trajectory
