group,method,total,completed,combination_relative_error_median,driver_nrmse_median,driver_common_nrmse_median,observation_clean_rmse_median,observation_residual_rmse_median
context,context_120,24,24,0.007527681299683529,0.00893056126188066,0.00891993771595083,0.0006005657499308112,0.009910152247594168
context,context_30,24,24,0.1686227104199822,0.2210386616829376,0.2210386616829376,0.005934966556969609,0.007276953357084489
context,context_60,24,24,0.05718221641862228,0.062403042856643415,0.059482997184883785,0.0018310577813598736,0.00894584181545898
cross,fixed,168,168,0.5510448820560314,0.2933853033338055,,0.006538546934966159,0.003916593179115647
cross,independent,168,168,0.1256690859738791,0.1142492882334111,,0.0030629548225374423,0.006536074723751136
cross,joint_target,168,157,0.5793862689254816,0.6964735546314904,,0.007543822208928636,0.0027472090833055387
cross,mean_only,168,168,0.3385202632225761,0.24482902448250315,,0.006560059450767359,0.003362096420044644
cross,noise_only,168,168,0.569237127750145,0.19210998197641327,,0.003525556720220909,0.007036963831992042
cross,oracle,168,168,0.1379693263181952,0.113224951681066,,0.002458423800047686,0.0061486297938605815
free_matrix,free_correct_noise,24,22,0.4565669119153626,0.624270247154962,,0.0035074725609750114,0.00621172857093823
free_matrix,free_correct_noise_eta_fixed,24,22,0.24039692874896063,0.5632936311278784,,0.0033825031411488836,0.006333687932128644
noiseless,noiseless,168,168,3.6702246277679945e-09,6.6618196868755925e-09,,4.8074419453725e-10,4.807441832000594e-10
oracle_ablation,known_initial,96,96,0.15753919733836175,0.12379982516364295,,0.002900255685869991,0.007137697051694317
oracle_ablation,known_physiology,96,96,0.0,0.11058443905248878,,0.0028028325773185253,0.007110055609312264
oracle_ablation,quarter_slow_noise,96,96,0.1318597748986857,0.0810240624216517,,0.0013979712756281631,0.001937667847864857
profile,profile,216,216,0.6097236843249682,0.506908198322296,,0.006829961592006746,0.007433705380511534
