key,arm,mode,group,data_cosine,objective_cosine,physical_rank,response_tangent
synthetic__H0__shared_neural_only,BC,full,driver,0.6473659668207389,0.6387391997346509,120,diagnostic_log_tau_log_kappa_not_freed_evaluation_parameters
synthetic__H0__shared_neural_only,BC,full,initial,0.9880834321649513,0.9784637296594958,5,diagnostic_log_tau_log_kappa_not_freed_evaluation_parameters
synthetic__H0__shared_neural_only,BC,full,response,0.6111708841797093,0.550388392767205,2,diagnostic_log_tau_log_kappa_not_freed_evaluation_parameters
synthetic__H0__shared_neural_only,BC,full,all,0.989024392609318,0.9797421400794173,127,diagnostic_log_tau_log_kappa_not_freed_evaluation_parameters
synthetic__H0__shared_neural_only,BC,center_Hb,driver,0.6378866968394677,0.6292451327660469,120,diagnostic_log_tau_log_kappa_not_freed_evaluation_parameters
synthetic__H0__shared_neural_only,BC,center_Hb,initial,0.9860025157343622,0.9743381664812268,5,diagnostic_log_tau_log_kappa_not_freed_evaluation_parameters
synthetic__H0__shared_neural_only,BC,center_Hb,response,0.6482892390898376,0.5894742181966064,2,diagnostic_log_tau_log_kappa_not_freed_evaluation_parameters
synthetic__H0__shared_neural_only,BC,center_Hb,all,0.9871634366031453,0.9760465551555308,127,diagnostic_log_tau_log_kappa_not_freed_evaluation_parameters
synthetic__H0__shared_neural_only,HselectedC,full,driver,0.6473659668207389,0.6387391997346509,120,diagnostic_log_tau_log_kappa_not_freed_evaluation_parameters
synthetic__H0__shared_neural_only,HselectedC,full,initial,0.9880834321649513,0.9784637296594958,5,diagnostic_log_tau_log_kappa_not_freed_evaluation_parameters
synthetic__H0__shared_neural_only,HselectedC,full,response,0.6111708841797093,0.550388392767205,2,diagnostic_log_tau_log_kappa_not_freed_evaluation_parameters
synthetic__H0__shared_neural_only,HselectedC,full,all,0.989024392609318,0.9797421400794173,127,diagnostic_log_tau_log_kappa_not_freed_evaluation_parameters
synthetic__H0__shared_neural_only,HselectedC,center_Hb,driver,0.6378866968394677,0.6292451327660469,120,diagnostic_log_tau_log_kappa_not_freed_evaluation_parameters
synthetic__H0__shared_neural_only,HselectedC,center_Hb,initial,0.9860025157343622,0.9743381664812268,5,diagnostic_log_tau_log_kappa_not_freed_evaluation_parameters
synthetic__H0__shared_neural_only,HselectedC,center_Hb,response,0.6482892390898376,0.5894742181966064,2,diagnostic_log_tau_log_kappa_not_freed_evaluation_parameters
synthetic__H0__shared_neural_only,HselectedC,center_Hb,all,0.9871634366031453,0.9760465551555308,127,diagnostic_log_tau_log_kappa_not_freed_evaluation_parameters
synthetic__H0__common_correlated,BC,full,driver,0.6305540532845509,0.6218128500052992,120,diagnostic_log_tau_log_kappa_not_freed_evaluation_parameters
synthetic__H0__common_correlated,BC,full,initial,0.9881867403339996,0.9792568236683467,5,diagnostic_log_tau_log_kappa_not_freed_evaluation_parameters
synthetic__H0__common_correlated,BC,full,response,0.9404910014896978,0.938068561197028,2,diagnostic_log_tau_log_kappa_not_freed_evaluation_parameters
synthetic__H0__common_correlated,BC,full,all,0.9921499849492523,0.9855115142896779,127,diagnostic_log_tau_log_kappa_not_freed_evaluation_parameters
synthetic__H0__common_correlated,BC,center_Hb,driver,0.6243385958361987,0.6155905540965364,120,diagnostic_log_tau_log_kappa_not_freed_evaluation_parameters
synthetic__H0__common_correlated,BC,center_Hb,initial,0.9861321084962842,0.9752467450760712,5,diagnostic_log_tau_log_kappa_not_freed_evaluation_parameters
synthetic__H0__common_correlated,BC,center_Hb,response,0.9333784176555302,0.9305430479372087,2,diagnostic_log_tau_log_kappa_not_freed_evaluation_parameters
synthetic__H0__common_correlated,BC,center_Hb,all,0.990934434033378,0.9829004459959112,127,diagnostic_log_tau_log_kappa_not_freed_evaluation_parameters
synthetic__H0__common_correlated,HselectedC,full,driver,0.6305540532845509,0.6218128500052992,120,diagnostic_log_tau_log_kappa_not_freed_evaluation_parameters
synthetic__H0__common_correlated,HselectedC,full,initial,0.9881867403339996,0.9792568236683467,5,diagnostic_log_tau_log_kappa_not_freed_evaluation_parameters
synthetic__H0__common_correlated,HselectedC,full,response,0.9404910014896978,0.938068561197028,2,diagnostic_log_tau_log_kappa_not_freed_evaluation_parameters
synthetic__H0__common_correlated,HselectedC,full,all,0.9921499849492523,0.9855115142896779,127,diagnostic_log_tau_log_kappa_not_freed_evaluation_parameters
synthetic__H0__common_correlated,HselectedC,center_Hb,driver,0.6243385958361987,0.6155905540965364,120,diagnostic_log_tau_log_kappa_not_freed_evaluation_parameters
synthetic__H0__common_correlated,HselectedC,center_Hb,initial,0.9861321084962842,0.9752467450760712,5,diagnostic_log_tau_log_kappa_not_freed_evaluation_parameters
synthetic__H0__common_correlated,HselectedC,center_Hb,response,0.9333784176555302,0.9305430479372087,2,diagnostic_log_tau_log_kappa_not_freed_evaluation_parameters
synthetic__H0__common_correlated,HselectedC,center_Hb,all,0.990934434033378,0.9829004459959112,127,diagnostic_log_tau_log_kappa_not_freed_evaluation_parameters
synthetic__Htau__shared_neural_only,BC,full,driver,0.6485308030304248,0.6399733340203986,120,diagnostic_log_tau_log_kappa_not_freed_evaluation_parameters
synthetic__Htau__shared_neural_only,BC,full,initial,0.9881784935254172,0.9786182598400591,5,diagnostic_log_tau_log_kappa_not_freed_evaluation_parameters
synthetic__Htau__shared_neural_only,BC,full,response,0.6562953734728314,0.6021375412786172,2,diagnostic_log_tau_log_kappa_not_freed_evaluation_parameters
synthetic__Htau__shared_neural_only,BC,full,all,0.9892544509163637,0.979985449445649,127,diagnostic_log_tau_log_kappa_not_freed_evaluation_parameters
synthetic__Htau__shared_neural_only,BC,center_Hb,driver,0.6376520695956281,0.6290065252431577,120,diagnostic_log_tau_log_kappa_not_freed_evaluation_parameters
synthetic__Htau__shared_neural_only,BC,center_Hb,initial,0.9861190802690282,0.9745429721475873,5,diagnostic_log_tau_log_kappa_not_freed_evaluation_parameters
synthetic__Htau__shared_neural_only,BC,center_Hb,response,0.6612635451625417,0.6014489749226563,2,diagnostic_log_tau_log_kappa_not_freed_evaluation_parameters
synthetic__Htau__shared_neural_only,BC,center_Hb,all,0.987552605954137,0.976604054843182,127,diagnostic_log_tau_log_kappa_not_freed_evaluation_parameters
synthetic__Htau__shared_neural_only,HselectedC,full,driver,0.6261130694194933,0.6167883882351342,120,diagnostic_log_tau_log_kappa_not_freed_evaluation_parameters
synthetic__Htau__shared_neural_only,HselectedC,full,initial,0.9976007098928319,0.9902074729249796,5,diagnostic_log_tau_log_kappa_not_freed_evaluation_parameters
synthetic__Htau__shared_neural_only,HselectedC,full,response,0.9040728582050426,0.8872224953205166,2,diagnostic_log_tau_log_kappa_not_freed_evaluation_parameters
synthetic__Htau__shared_neural_only,HselectedC,full,all,0.9981767118200905,0.9917280718479016,127,diagnostic_log_tau_log_kappa_not_freed_evaluation_parameters
synthetic__Htau__shared_neural_only,HselectedC,center_Hb,driver,0.6257949347224663,0.6179522510269378,120,diagnostic_log_tau_log_kappa_not_freed_evaluation_parameters
synthetic__Htau__shared_neural_only,HselectedC,center_Hb,initial,0.9971640212574502,0.9877255775816249,5,diagnostic_log_tau_log_kappa_not_freed_evaluation_parameters
synthetic__Htau__shared_neural_only,HselectedC,center_Hb,response,0.9400742218204898,0.926596713401696,2,diagnostic_log_tau_log_kappa_not_freed_evaluation_parameters
synthetic__Htau__shared_neural_only,HselectedC,center_Hb,all,0.9978547122921751,0.9904132573239668,127,diagnostic_log_tau_log_kappa_not_freed_evaluation_parameters
synthetic__Htau__common_correlated,BC,full,driver,0.6305970677406982,0.6219423204046014,120,diagnostic_log_tau_log_kappa_not_freed_evaluation_parameters
synthetic__Htau__common_correlated,BC,full,initial,0.9882558362239211,0.9793502569019954,5,diagnostic_log_tau_log_kappa_not_freed_evaluation_parameters
synthetic__Htau__common_correlated,BC,full,response,0.96359789899339,0.9606612025616871,2,diagnostic_log_tau_log_kappa_not_freed_evaluation_parameters
synthetic__Htau__common_correlated,BC,full,all,0.9935644796601293,0.9873606486645977,127,diagnostic_log_tau_log_kappa_not_freed_evaluation_parameters
synthetic__Htau__common_correlated,BC,center_Hb,driver,0.623273688424761,0.6145307099613327,120,diagnostic_log_tau_log_kappa_not_freed_evaluation_parameters
synthetic__Htau__common_correlated,BC,center_Hb,initial,0.9862273628363163,0.9753948248256654,5,diagnostic_log_tau_log_kappa_not_freed_evaluation_parameters
synthetic__Htau__common_correlated,BC,center_Hb,response,0.9617868580669069,0.9584395481658199,2,diagnostic_log_tau_log_kappa_not_freed_evaluation_parameters
synthetic__Htau__common_correlated,BC,center_Hb,all,0.9925768167876408,0.9851567231865459,127,diagnostic_log_tau_log_kappa_not_freed_evaluation_parameters
synthetic__Htau__common_correlated,HselectedC,full,driver,0.6241333895448026,0.6148178686725494,120,diagnostic_log_tau_log_kappa_not_freed_evaluation_parameters
synthetic__Htau__common_correlated,HselectedC,full,initial,0.9975017988772809,0.9902850123182763,5,diagnostic_log_tau_log_kappa_not_freed_evaluation_parameters
synthetic__Htau__common_correlated,HselectedC,full,response,0.9753689144099292,0.9716925753452201,2,diagnostic_log_tau_log_kappa_not_freed_evaluation_parameters
synthetic__Htau__common_correlated,HselectedC,full,all,0.9983254849296468,0.992535753415675,127,diagnostic_log_tau_log_kappa_not_freed_evaluation_parameters
synthetic__Htau__common_correlated,HselectedC,center_Hb,driver,0.6249158699211073,0.6170345813925592,120,diagnostic_log_tau_log_kappa_not_freed_evaluation_parameters
synthetic__Htau__common_correlated,HselectedC,center_Hb,initial,0.997065346311161,0.9878367030394201,5,diagnostic_log_tau_log_kappa_not_freed_evaluation_parameters
synthetic__Htau__common_correlated,HselectedC,center_Hb,response,0.9813787557605023,0.977429873096361,2,diagnostic_log_tau_log_kappa_not_freed_evaluation_parameters
synthetic__Htau__common_correlated,HselectedC,center_Hb,all,0.9980008712703365,0.9914264623194412,127,diagnostic_log_tau_log_kappa_not_freed_evaluation_parameters
synthetic__Hkappa__shared_neural_only,BC,full,driver,0.6449282718160878,0.6365008282801708,120,diagnostic_log_tau_log_kappa_not_freed_evaluation_parameters
synthetic__Hkappa__shared_neural_only,BC,full,initial,0.9882258871159494,0.9786706284661572,5,diagnostic_log_tau_log_kappa_not_freed_evaluation_parameters
synthetic__Hkappa__shared_neural_only,BC,full,response,0.5702928071725109,0.5246431899452746,2,diagnostic_log_tau_log_kappa_not_freed_evaluation_parameters
synthetic__Hkappa__shared_neural_only,BC,full,all,0.9895050047272559,0.9804132089103054,127,diagnostic_log_tau_log_kappa_not_freed_evaluation_parameters
synthetic__Hkappa__shared_neural_only,BC,center_Hb,driver,0.6349103089722933,0.6263788043277615,120,diagnostic_log_tau_log_kappa_not_freed_evaluation_parameters
synthetic__Hkappa__shared_neural_only,BC,center_Hb,initial,0.986183567243089,0.974605137388696,5,diagnostic_log_tau_log_kappa_not_freed_evaluation_parameters
synthetic__Hkappa__shared_neural_only,BC,center_Hb,response,0.5978083579832094,0.549341146366348,2,diagnostic_log_tau_log_kappa_not_freed_evaluation_parameters
synthetic__Hkappa__shared_neural_only,BC,center_Hb,all,0.9877962439249544,0.9769144549611949,127,diagnostic_log_tau_log_kappa_not_freed_evaluation_parameters
synthetic__Hkappa__shared_neural_only,HselectedC,full,driver,0.5024327506545112,0.4967722836816781,120,diagnostic_log_tau_log_kappa_not_freed_evaluation_parameters
synthetic__Hkappa__shared_neural_only,HselectedC,full,initial,0.9975986489133706,0.9901660672131906,5,diagnostic_log_tau_log_kappa_not_freed_evaluation_parameters
synthetic__Hkappa__shared_neural_only,HselectedC,full,response,0.9274570163687611,0.9180177931262068,2,diagnostic_log_tau_log_kappa_not_freed_evaluation_parameters
synthetic__Hkappa__shared_neural_only,HselectedC,full,all,0.9986273589476541,0.992435347857369,127,diagnostic_log_tau_log_kappa_not_freed_evaluation_parameters
synthetic__Hkappa__shared_neural_only,HselectedC,center_Hb,driver,0.5073491180559437,0.5020996575718769,120,diagnostic_log_tau_log_kappa_not_freed_evaluation_parameters
synthetic__Hkappa__shared_neural_only,HselectedC,center_Hb,initial,0.9971513158771903,0.9876552637194244,5,diagnostic_log_tau_log_kappa_not_freed_evaluation_parameters
synthetic__Hkappa__shared_neural_only,HselectedC,center_Hb,response,0.9270302211438852,0.9185751410761215,2,diagnostic_log_tau_log_kappa_not_freed_evaluation_parameters
synthetic__Hkappa__shared_neural_only,HselectedC,center_Hb,all,0.9985526201510145,0.9912551489470289,127,diagnostic_log_tau_log_kappa_not_freed_evaluation_parameters
synthetic__Hkappa__common_correlated,BC,full,driver,0.6263941762256559,0.6178817560856933,120,diagnostic_log_tau_log_kappa_not_freed_evaluation_parameters
synthetic__Hkappa__common_correlated,BC,full,initial,0.9882926254630879,0.9793896085313134,5,diagnostic_log_tau_log_kappa_not_freed_evaluation_parameters
synthetic__Hkappa__common_correlated,BC,full,response,0.959013503145851,0.9559241627915884,2,diagnostic_log_tau_log_kappa_not_freed_evaluation_parameters
synthetic__Hkappa__common_correlated,BC,full,all,0.9936505613585161,0.9876388441586483,127,diagnostic_log_tau_log_kappa_not_freed_evaluation_parameters
synthetic__Hkappa__common_correlated,BC,center_Hb,driver,0.619919230336671,0.6113021085887859,120,diagnostic_log_tau_log_kappa_not_freed_evaluation_parameters
synthetic__Hkappa__common_correlated,BC,center_Hb,initial,0.9862769280075994,0.9754391643915733,5,diagnostic_log_tau_log_kappa_not_freed_evaluation_parameters
synthetic__Hkappa__common_correlated,BC,center_Hb,response,0.9528486317959676,0.9493355795696873,2,diagnostic_log_tau_log_kappa_not_freed_evaluation_parameters
synthetic__Hkappa__common_correlated,BC,center_Hb,all,0.992635190712026,0.9852949114229449,127,diagnostic_log_tau_log_kappa_not_freed_evaluation_parameters
synthetic__Hkappa__common_correlated,HselectedC,full,driver,0.4994908259851315,0.49390228657397933,120,diagnostic_log_tau_log_kappa_not_freed_evaluation_parameters
synthetic__Hkappa__common_correlated,HselectedC,full,initial,0.9974996196586089,0.9902549469451754,5,diagnostic_log_tau_log_kappa_not_freed_evaluation_parameters
synthetic__Hkappa__common_correlated,HselectedC,full,response,0.9861066863692912,0.9812908202726962,2,diagnostic_log_tau_log_kappa_not_freed_evaluation_parameters
synthetic__Hkappa__common_correlated,HselectedC,full,all,0.9991303084337045,0.9935794345577468,127,diagnostic_log_tau_log_kappa_not_freed_evaluation_parameters
synthetic__Hkappa__common_correlated,HselectedC,center_Hb,driver,0.505069191492227,0.4998579949052701,120,diagnostic_log_tau_log_kappa_not_freed_evaluation_parameters
synthetic__Hkappa__common_correlated,HselectedC,center_Hb,initial,0.9970445727616228,0.9877697583021202,5,diagnostic_log_tau_log_kappa_not_freed_evaluation_parameters
synthetic__Hkappa__common_correlated,HselectedC,center_Hb,response,0.9859238929793721,0.9806475563049972,2,diagnostic_log_tau_log_kappa_not_freed_evaluation_parameters
synthetic__Hkappa__common_correlated,HselectedC,center_Hb,all,0.9990993277746546,0.9925447471030743,127,diagnostic_log_tau_log_kappa_not_freed_evaluation_parameters
synthetic__Htau_kappa__shared_neural_only,BC,full,driver,0.6445025230925098,0.6361458930318403,120,diagnostic_log_tau_log_kappa_not_freed_evaluation_parameters
synthetic__Htau_kappa__shared_neural_only,BC,full,initial,0.9883071857871459,0.978842236896931,5,diagnostic_log_tau_log_kappa_not_freed_evaluation_parameters
synthetic__Htau_kappa__shared_neural_only,BC,full,response,0.497644434537042,0.4926969298768149,2,diagnostic_log_tau_log_kappa_not_freed_evaluation_parameters
synthetic__Htau_kappa__shared_neural_only,BC,full,all,0.9899792671519455,0.9811724481920672,127,diagnostic_log_tau_log_kappa_not_freed_evaluation_parameters
synthetic__Htau_kappa__shared_neural_only,BC,center_Hb,driver,0.6337775654811952,0.6252781039124774,120,diagnostic_log_tau_log_kappa_not_freed_evaluation_parameters
synthetic__Htau_kappa__shared_neural_only,BC,center_Hb,initial,0.9862809459576702,0.9748152384669287,5,diagnostic_log_tau_log_kappa_not_freed_evaluation_parameters
synthetic__Htau_kappa__shared_neural_only,BC,center_Hb,response,0.5614078081465022,0.5421250364818354,2,diagnostic_log_tau_log_kappa_not_freed_evaluation_parameters
synthetic__Htau_kappa__shared_neural_only,BC,center_Hb,all,0.9884271211716082,0.9780279116704572,127,diagnostic_log_tau_log_kappa_not_freed_evaluation_parameters
synthetic__Htau_kappa__shared_neural_only,HselectedC,full,driver,0.5041196155616965,0.49856994569401303,120,diagnostic_log_tau_log_kappa_not_freed_evaluation_parameters
synthetic__Htau_kappa__shared_neural_only,HselectedC,full,initial,0.9976222031839853,0.9902012257492417,5,diagnostic_log_tau_log_kappa_not_freed_evaluation_parameters
synthetic__Htau_kappa__shared_neural_only,HselectedC,full,response,0.9436929716779255,0.9347128984500358,2,diagnostic_log_tau_log_kappa_not_freed_evaluation_parameters
synthetic__Htau_kappa__shared_neural_only,HselectedC,full,all,0.9984682711222322,0.9921591713572907,127,diagnostic_log_tau_log_kappa_not_freed_evaluation_parameters
synthetic__Htau_kappa__shared_neural_only,HselectedC,center_Hb,driver,0.5081172618399837,0.5029321661316088,120,diagnostic_log_tau_log_kappa_not_freed_evaluation_parameters
synthetic__Htau_kappa__shared_neural_only,HselectedC,center_Hb,initial,0.9971821422483857,0.9877105589826852,5,diagnostic_log_tau_log_kappa_not_freed_evaluation_parameters
synthetic__Htau_kappa__shared_neural_only,HselectedC,center_Hb,response,0.9484741393750303,0.941051565452263,2,diagnostic_log_tau_log_kappa_not_freed_evaluation_parameters
synthetic__Htau_kappa__shared_neural_only,HselectedC,center_Hb,all,0.9983163283561798,0.9909831348549962,127,diagnostic_log_tau_log_kappa_not_freed_evaluation_parameters
synthetic__Htau_kappa__common_correlated,BC,full,driver,0.6250287459296519,0.6165980943661075,120,diagnostic_log_tau_log_kappa_not_freed_evaluation_parameters
synthetic__Htau_kappa__common_correlated,BC,full,initial,0.988352893408676,0.9795047936725937,5,diagnostic_log_tau_log_kappa_not_freed_evaluation_parameters
synthetic__Htau_kappa__common_correlated,BC,full,response,0.9712287892140449,0.9671644324250762,2,diagnostic_log_tau_log_kappa_not_freed_evaluation_parameters
synthetic__Htau_kappa__common_correlated,BC,full,all,0.9946441357881062,0.9889208013257583,127,diagnostic_log_tau_log_kappa_not_freed_evaluation_parameters
synthetic__Htau_kappa__common_correlated,BC,center_Hb,driver,0.6180138073886698,0.6094364273228489,120,diagnostic_log_tau_log_kappa_not_freed_evaluation_parameters
synthetic__Htau_kappa__common_correlated,BC,center_Hb,initial,0.9863540733915437,0.975591658897498,5,diagnostic_log_tau_log_kappa_not_freed_evaluation_parameters
synthetic__Htau_kappa__common_correlated,BC,center_Hb,response,0.9679870339472163,0.9633800376734422,2,diagnostic_log_tau_log_kappa_not_freed_evaluation_parameters
synthetic__Htau_kappa__common_correlated,BC,center_Hb,all,0.9937558449761349,0.9868318422082151,127,diagnostic_log_tau_log_kappa_not_freed_evaluation_parameters
synthetic__Htau_kappa__common_correlated,HselectedC,full,driver,0.5010076599917316,0.4955331848908075,120,diagnostic_log_tau_log_kappa_not_freed_evaluation_parameters
synthetic__Htau_kappa__common_correlated,HselectedC,full,initial,0.9975207537325824,0.9902823317481986,5,diagnostic_log_tau_log_kappa_not_freed_evaluation_parameters
synthetic__Htau_kappa__common_correlated,HselectedC,full,response,0.9888720391020982,0.9833708911740643,2,diagnostic_log_tau_log_kappa_not_freed_evaluation_parameters
synthetic__Htau_kappa__common_correlated,HselectedC,full,all,0.9990915973144452,0.9934775919572437,127,diagnostic_log_tau_log_kappa_not_freed_evaluation_parameters
synthetic__Htau_kappa__common_correlated,HselectedC,center_Hb,driver,0.5057004595130954,0.5005546329771066,120,diagnostic_log_tau_log_kappa_not_freed_evaluation_parameters
synthetic__Htau_kappa__common_correlated,HselectedC,center_Hb,initial,0.9970734871887047,0.9878156180606864,5,diagnostic_log_tau_log_kappa_not_freed_evaluation_parameters
synthetic__Htau_kappa__common_correlated,HselectedC,center_Hb,response,0.9891479060618339,0.9831897706935744,2,diagnostic_log_tau_log_kappa_not_freed_evaluation_parameters
synthetic__Htau_kappa__common_correlated,HselectedC,center_Hb,all,0.999019082658416,0.9924571404200185,127,diagnostic_log_tau_log_kappa_not_freed_evaluation_parameters
eeg_fnirs_single_trial__subject_05__session_00__prefrontal__w12,BC,full,driver,0.5721666810920791,0.5611300552451425,120,diagnostic_log_tau_log_kappa_not_freed_evaluation_parameters
eeg_fnirs_single_trial__subject_05__session_00__prefrontal__w12,BC,full,initial,0.9888432708910735,0.9717221605569484,5,diagnostic_log_tau_log_kappa_not_freed_evaluation_parameters
eeg_fnirs_single_trial__subject_05__session_00__prefrontal__w12,BC,full,response,0.20885176604316946,0.18159976671112768,2,diagnostic_log_tau_log_kappa_not_freed_evaluation_parameters
eeg_fnirs_single_trial__subject_05__session_00__prefrontal__w12,BC,full,all,0.9930298821839159,0.9751873768738669,127,diagnostic_log_tau_log_kappa_not_freed_evaluation_parameters
eeg_fnirs_single_trial__subject_05__session_00__prefrontal__w12,BC,center_Hb,driver,0.5454824748945805,0.5351786307651447,120,diagnostic_log_tau_log_kappa_not_freed_evaluation_parameters
eeg_fnirs_single_trial__subject_05__session_00__prefrontal__w12,BC,center_Hb,initial,0.9867627934431078,0.9667689965899594,5,diagnostic_log_tau_log_kappa_not_freed_evaluation_parameters
eeg_fnirs_single_trial__subject_05__session_00__prefrontal__w12,BC,center_Hb,response,0.7298129580890419,0.7075656537770972,2,diagnostic_log_tau_log_kappa_not_freed_evaluation_parameters
eeg_fnirs_single_trial__subject_05__session_00__prefrontal__w12,BC,center_Hb,all,0.9962974234133444,0.972700697938623,127,diagnostic_log_tau_log_kappa_not_freed_evaluation_parameters
eeg_fnirs_single_trial__subject_05__session_00__prefrontal__w12,HselectedC,full,driver,0.4154136746720608,0.4087814530859955,120,diagnostic_log_tau_log_kappa_not_freed_evaluation_parameters
eeg_fnirs_single_trial__subject_05__session_00__prefrontal__w12,HselectedC,full,initial,0.9976248981171595,0.98015461548892,5,diagnostic_log_tau_log_kappa_not_freed_evaluation_parameters
eeg_fnirs_single_trial__subject_05__session_00__prefrontal__w12,HselectedC,full,response,0.5565648118743006,0.5434483267091189,2,diagnostic_log_tau_log_kappa_not_freed_evaluation_parameters
eeg_fnirs_single_trial__subject_05__session_00__prefrontal__w12,HselectedC,full,all,0.9992552195566913,0.9817826801414213,127,diagnostic_log_tau_log_kappa_not_freed_evaluation_parameters
eeg_fnirs_single_trial__subject_05__session_00__prefrontal__w12,HselectedC,center_Hb,driver,0.4140879281549839,0.4072130641009482,120,diagnostic_log_tau_log_kappa_not_freed_evaluation_parameters
eeg_fnirs_single_trial__subject_05__session_00__prefrontal__w12,HselectedC,center_Hb,initial,0.9971366801365584,0.9757605570742907,5,diagnostic_log_tau_log_kappa_not_freed_evaluation_parameters
eeg_fnirs_single_trial__subject_05__session_00__prefrontal__w12,HselectedC,center_Hb,response,0.5841281196418157,0.5689419620931057,2,diagnostic_log_tau_log_kappa_not_freed_evaluation_parameters
eeg_fnirs_single_trial__subject_05__session_00__prefrontal__w12,HselectedC,center_Hb,all,0.9995222090233917,0.9777490326041237,127,diagnostic_log_tau_log_kappa_not_freed_evaluation_parameters
eeg_fnirs_single_trial__subject_08__session_00__prefrontal__w12,BC,full,driver,0.5902263199486789,0.5799896888572761,120,diagnostic_log_tau_log_kappa_not_freed_evaluation_parameters
eeg_fnirs_single_trial__subject_08__session_00__prefrontal__w12,BC,full,initial,0.9877655754630895,0.9720534931546508,5,diagnostic_log_tau_log_kappa_not_freed_evaluation_parameters
eeg_fnirs_single_trial__subject_08__session_00__prefrontal__w12,BC,full,response,0.7928408436290502,0.7358219315979726,2,diagnostic_log_tau_log_kappa_not_freed_evaluation_parameters
eeg_fnirs_single_trial__subject_08__session_00__prefrontal__w12,BC,full,all,0.9892652736257365,0.9727442465295247,127,diagnostic_log_tau_log_kappa_not_freed_evaluation_parameters
eeg_fnirs_single_trial__subject_08__session_00__prefrontal__w12,BC,center_Hb,driver,0.5790015058071257,0.5689541109328963,120,diagnostic_log_tau_log_kappa_not_freed_evaluation_parameters
eeg_fnirs_single_trial__subject_08__session_00__prefrontal__w12,BC,center_Hb,initial,0.9856296433815598,0.9669708983286533,5,diagnostic_log_tau_log_kappa_not_freed_evaluation_parameters
eeg_fnirs_single_trial__subject_08__session_00__prefrontal__w12,BC,center_Hb,response,0.7699609964632399,0.6861720678029954,2,diagnostic_log_tau_log_kappa_not_freed_evaluation_parameters
eeg_fnirs_single_trial__subject_08__session_00__prefrontal__w12,BC,center_Hb,all,0.9882325489463317,0.9683581898907042,127,diagnostic_log_tau_log_kappa_not_freed_evaluation_parameters
eeg_fnirs_single_trial__subject_08__session_00__prefrontal__w12,HselectedC,full,driver,0.45675028415143387,0.4507483730711868,120,diagnostic_log_tau_log_kappa_not_freed_evaluation_parameters
eeg_fnirs_single_trial__subject_08__session_00__prefrontal__w12,HselectedC,full,initial,0.9973852445909841,0.9827809731523608,5,diagnostic_log_tau_log_kappa_not_freed_evaluation_parameters
eeg_fnirs_single_trial__subject_08__session_00__prefrontal__w12,HselectedC,full,response,0.964272797270118,0.9469418098579815,2,diagnostic_log_tau_log_kappa_not_freed_evaluation_parameters
eeg_fnirs_single_trial__subject_08__session_00__prefrontal__w12,HselectedC,full,all,0.9978204060387987,0.9833831727072765,127,diagnostic_log_tau_log_kappa_not_freed_evaluation_parameters
eeg_fnirs_single_trial__subject_08__session_00__prefrontal__w12,HselectedC,center_Hb,driver,0.46515162805140775,0.45875799075111257,120,diagnostic_log_tau_log_kappa_not_freed_evaluation_parameters
eeg_fnirs_single_trial__subject_08__session_00__prefrontal__w12,HselectedC,center_Hb,initial,0.9969095943099471,0.9787625649677524,5,diagnostic_log_tau_log_kappa_not_freed_evaluation_parameters
eeg_fnirs_single_trial__subject_08__session_00__prefrontal__w12,HselectedC,center_Hb,response,0.9788414781145288,0.9581393174644374,2,diagnostic_log_tau_log_kappa_not_freed_evaluation_parameters
eeg_fnirs_single_trial__subject_08__session_00__prefrontal__w12,HselectedC,center_Hb,all,0.997869783117777,0.979671573807202,127,diagnostic_log_tau_log_kappa_not_freed_evaluation_parameters
simultaneous_eeg_nirs__VP003__cnt_dsr__prefrontal__w10,BC,full,driver,0.737038742189624,0.7245642966192077,120,diagnostic_log_tau_log_kappa_not_freed_evaluation_parameters
simultaneous_eeg_nirs__VP003__cnt_dsr__prefrontal__w10,BC,full,initial,0.9890460386523552,0.9725869299677506,5,diagnostic_log_tau_log_kappa_not_freed_evaluation_parameters
simultaneous_eeg_nirs__VP003__cnt_dsr__prefrontal__w10,BC,full,response,0.48955440641273656,0.4200752264151498,2,diagnostic_log_tau_log_kappa_not_freed_evaluation_parameters
simultaneous_eeg_nirs__VP003__cnt_dsr__prefrontal__w10,BC,full,all,0.9901801216769844,0.9734087371226376,127,diagnostic_log_tau_log_kappa_not_freed_evaluation_parameters
simultaneous_eeg_nirs__VP003__cnt_dsr__prefrontal__w10,BC,center_Hb,driver,0.7291063476520449,0.716182864138329,120,diagnostic_log_tau_log_kappa_not_freed_evaluation_parameters
simultaneous_eeg_nirs__VP003__cnt_dsr__prefrontal__w10,BC,center_Hb,initial,0.9871802745749364,0.9672868596541708,5,diagnostic_log_tau_log_kappa_not_freed_evaluation_parameters
simultaneous_eeg_nirs__VP003__cnt_dsr__prefrontal__w10,BC,center_Hb,response,0.5588129151348378,0.5162330101189532,2,diagnostic_log_tau_log_kappa_not_freed_evaluation_parameters
simultaneous_eeg_nirs__VP003__cnt_dsr__prefrontal__w10,BC,center_Hb,all,0.9881760748183644,0.9682866431764684,127,diagnostic_log_tau_log_kappa_not_freed_evaluation_parameters
simultaneous_eeg_nirs__VP003__cnt_dsr__prefrontal__w10,HselectedC,full,driver,0.6862458197239903,0.6721241183874698,120,diagnostic_log_tau_log_kappa_not_freed_evaluation_parameters
simultaneous_eeg_nirs__VP003__cnt_dsr__prefrontal__w10,HselectedC,full,initial,0.9823564283796096,0.9607169593813897,5,diagnostic_log_tau_log_kappa_not_freed_evaluation_parameters
simultaneous_eeg_nirs__VP003__cnt_dsr__prefrontal__w10,HselectedC,full,response,0.689941921000143,0.6782898949402262,2,diagnostic_log_tau_log_kappa_not_freed_evaluation_parameters
simultaneous_eeg_nirs__VP003__cnt_dsr__prefrontal__w10,HselectedC,full,all,0.9846122925248522,0.9636301362336256,127,diagnostic_log_tau_log_kappa_not_freed_evaluation_parameters
simultaneous_eeg_nirs__VP003__cnt_dsr__prefrontal__w10,HselectedC,center_Hb,driver,0.6783856237335517,0.663077224912039,120,diagnostic_log_tau_log_kappa_not_freed_evaluation_parameters
simultaneous_eeg_nirs__VP003__cnt_dsr__prefrontal__w10,HselectedC,center_Hb,initial,0.979669860704534,0.9544618741568192,5,diagnostic_log_tau_log_kappa_not_freed_evaluation_parameters
simultaneous_eeg_nirs__VP003__cnt_dsr__prefrontal__w10,HselectedC,center_Hb,response,0.7307259129142243,0.7153856648857403,2,diagnostic_log_tau_log_kappa_not_freed_evaluation_parameters
simultaneous_eeg_nirs__VP003__cnt_dsr__prefrontal__w10,HselectedC,center_Hb,all,0.9828290547704903,0.9583385405026426,127,diagnostic_log_tau_log_kappa_not_freed_evaluation_parameters
simultaneous_eeg_nirs__VP006__cnt_dsr__prefrontal__w10,BC,full,driver,0.7357487101220335,0.7228349172944335,120,diagnostic_log_tau_log_kappa_not_freed_evaluation_parameters
simultaneous_eeg_nirs__VP006__cnt_dsr__prefrontal__w10,BC,full,initial,0.9891750728341959,0.9729039998744192,5,diagnostic_log_tau_log_kappa_not_freed_evaluation_parameters
simultaneous_eeg_nirs__VP006__cnt_dsr__prefrontal__w10,BC,full,response,0.9133092211136846,0.9023009527167077,2,diagnostic_log_tau_log_kappa_not_freed_evaluation_parameters
simultaneous_eeg_nirs__VP006__cnt_dsr__prefrontal__w10,BC,full,all,0.9902016054900867,0.9748806198044749,127,diagnostic_log_tau_log_kappa_not_freed_evaluation_parameters
simultaneous_eeg_nirs__VP006__cnt_dsr__prefrontal__w10,BC,center_Hb,driver,0.7265468371119893,0.7134409242688803,120,diagnostic_log_tau_log_kappa_not_freed_evaluation_parameters
simultaneous_eeg_nirs__VP006__cnt_dsr__prefrontal__w10,BC,center_Hb,initial,0.987248064190154,0.967480408750366,5,diagnostic_log_tau_log_kappa_not_freed_evaluation_parameters
simultaneous_eeg_nirs__VP006__cnt_dsr__prefrontal__w10,BC,center_Hb,response,0.912769253865573,0.8956387544654815,2,diagnostic_log_tau_log_kappa_not_freed_evaluation_parameters
simultaneous_eeg_nirs__VP006__cnt_dsr__prefrontal__w10,BC,center_Hb,all,0.988940600317495,0.9693802871115736,127,diagnostic_log_tau_log_kappa_not_freed_evaluation_parameters
simultaneous_eeg_nirs__VP006__cnt_dsr__prefrontal__w10,HselectedC,full,driver,0.6818360427928833,0.6672689618388056,120,diagnostic_log_tau_log_kappa_not_freed_evaluation_parameters
simultaneous_eeg_nirs__VP006__cnt_dsr__prefrontal__w10,HselectedC,full,initial,0.9824181549250819,0.9609443541578786,5,diagnostic_log_tau_log_kappa_not_freed_evaluation_parameters
simultaneous_eeg_nirs__VP006__cnt_dsr__prefrontal__w10,HselectedC,full,response,0.9435725874021005,0.9330255796574418,2,diagnostic_log_tau_log_kappa_not_freed_evaluation_parameters
simultaneous_eeg_nirs__VP006__cnt_dsr__prefrontal__w10,HselectedC,full,all,0.9856821743780917,0.9673853895084857,127,diagnostic_log_tau_log_kappa_not_freed_evaluation_parameters
simultaneous_eeg_nirs__VP006__cnt_dsr__prefrontal__w10,HselectedC,center_Hb,driver,0.6729111992854703,0.6571733233038461,120,diagnostic_log_tau_log_kappa_not_freed_evaluation_parameters
simultaneous_eeg_nirs__VP006__cnt_dsr__prefrontal__w10,HselectedC,center_Hb,initial,0.9796843131665133,0.9545213325308707,5,diagnostic_log_tau_log_kappa_not_freed_evaluation_parameters
simultaneous_eeg_nirs__VP006__cnt_dsr__prefrontal__w10,HselectedC,center_Hb,response,0.9241880084600493,0.909547669277526,2,diagnostic_log_tau_log_kappa_not_freed_evaluation_parameters
simultaneous_eeg_nirs__VP006__cnt_dsr__prefrontal__w10,HselectedC,center_Hb,all,0.9838396912420522,0.9601047927419366,127,diagnostic_log_tau_log_kappa_not_freed_evaluation_parameters
visual_cognitive_motivation__S01__S01_Part1_Probe1__prefrontal__montage0__w22,BC,full,driver,0.4754336482412321,0.46886124964405745,120,diagnostic_log_tau_log_kappa_not_freed_evaluation_parameters
visual_cognitive_motivation__S01__S01_Part1_Probe1__prefrontal__montage0__w22,BC,full,initial,0.98792972828794,0.9784990496766803,5,diagnostic_log_tau_log_kappa_not_freed_evaluation_parameters
visual_cognitive_motivation__S01__S01_Part1_Probe1__prefrontal__montage0__w22,BC,full,response,0.6381191007944775,0.6204106672748638,2,diagnostic_log_tau_log_kappa_not_freed_evaluation_parameters
visual_cognitive_motivation__S01__S01_Part1_Probe1__prefrontal__montage0__w22,BC,full,all,0.9889786384057037,0.9798159295395529,127,diagnostic_log_tau_log_kappa_not_freed_evaluation_parameters
visual_cognitive_motivation__S01__S01_Part1_Probe1__prefrontal__montage0__w22,BC,center_Hb,driver,0.4659325026179157,0.45937398295285486,120,diagnostic_log_tau_log_kappa_not_freed_evaluation_parameters
visual_cognitive_motivation__S01__S01_Part1_Probe1__prefrontal__montage0__w22,BC,center_Hb,initial,0.9858923188539108,0.9746836095837127,5,diagnostic_log_tau_log_kappa_not_freed_evaluation_parameters
visual_cognitive_motivation__S01__S01_Part1_Probe1__prefrontal__montage0__w22,BC,center_Hb,response,0.6621568903147097,0.6446679535385167,2,diagnostic_log_tau_log_kappa_not_freed_evaluation_parameters
visual_cognitive_motivation__S01__S01_Part1_Probe1__prefrontal__montage0__w22,BC,center_Hb,all,0.9868754438331149,0.9759827376334052,127,diagnostic_log_tau_log_kappa_not_freed_evaluation_parameters
visual_cognitive_motivation__S01__S01_Part1_Probe1__prefrontal__montage0__w22,HselectedC,full,driver,0.28568526066202893,0.2817088210929398,120,diagnostic_log_tau_log_kappa_not_freed_evaluation_parameters
visual_cognitive_motivation__S01__S01_Part1_Probe1__prefrontal__montage0__w22,HselectedC,full,initial,0.980933801959266,0.9684824822895512,5,diagnostic_log_tau_log_kappa_not_freed_evaluation_parameters
visual_cognitive_motivation__S01__S01_Part1_Probe1__prefrontal__montage0__w22,HselectedC,full,response,0.30458654924166395,0.30352462705064276,2,diagnostic_log_tau_log_kappa_not_freed_evaluation_parameters
visual_cognitive_motivation__S01__S01_Part1_Probe1__prefrontal__montage0__w22,HselectedC,full,all,0.9813884252016118,0.9690786368778289,127,diagnostic_log_tau_log_kappa_not_freed_evaluation_parameters
visual_cognitive_motivation__S01__S01_Part1_Probe1__prefrontal__montage0__w22,HselectedC,center_Hb,driver,0.276837415224356,0.27270747839548315,120,diagnostic_log_tau_log_kappa_not_freed_evaluation_parameters
visual_cognitive_motivation__S01__S01_Part1_Probe1__prefrontal__montage0__w22,HselectedC,center_Hb,initial,0.9780879313250861,0.964191928788757,5,diagnostic_log_tau_log_kappa_not_freed_evaluation_parameters
visual_cognitive_motivation__S01__S01_Part1_Probe1__prefrontal__montage0__w22,HselectedC,center_Hb,response,0.24565641965418952,0.2445711778566018,2,diagnostic_log_tau_log_kappa_not_freed_evaluation_parameters
visual_cognitive_motivation__S01__S01_Part1_Probe1__prefrontal__montage0__w22,HselectedC,center_Hb,all,0.9787077501738956,0.9646282527211488,127,diagnostic_log_tau_log_kappa_not_freed_evaluation_parameters
visual_cognitive_motivation__S03__S03_Probe1__prefrontal__montage0__w22,BC,full,driver,0.48760129467537217,0.46215719229314445,120,diagnostic_log_tau_log_kappa_not_freed_evaluation_parameters
visual_cognitive_motivation__S03__S03_Probe1__prefrontal__montage0__w22,BC,full,initial,0.9888547936239809,0.9650679030622178,5,diagnostic_log_tau_log_kappa_not_freed_evaluation_parameters
visual_cognitive_motivation__S03__S03_Probe1__prefrontal__montage0__w22,BC,full,response,0.8112175920011043,0.794133613572324,2,diagnostic_log_tau_log_kappa_not_freed_evaluation_parameters
visual_cognitive_motivation__S03__S03_Probe1__prefrontal__montage0__w22,BC,full,all,0.9943732042260613,0.973502955321392,127,diagnostic_log_tau_log_kappa_not_freed_evaluation_parameters
visual_cognitive_motivation__S03__S03_Probe1__prefrontal__montage0__w22,BC,center_Hb,driver,0.4803220577589237,0.4558078207424046,120,diagnostic_log_tau_log_kappa_not_freed_evaluation_parameters
visual_cognitive_motivation__S03__S03_Probe1__prefrontal__montage0__w22,BC,center_Hb,initial,0.986892156405159,0.9582247456263786,5,diagnostic_log_tau_log_kappa_not_freed_evaluation_parameters
visual_cognitive_motivation__S03__S03_Probe1__prefrontal__montage0__w22,BC,center_Hb,response,0.7311398556492019,0.7109610942849619,2,diagnostic_log_tau_log_kappa_not_freed_evaluation_parameters
visual_cognitive_motivation__S03__S03_Probe1__prefrontal__montage0__w22,BC,center_Hb,all,0.9946422212496313,0.9663337738556693,127,diagnostic_log_tau_log_kappa_not_freed_evaluation_parameters
visual_cognitive_motivation__S03__S03_Probe1__prefrontal__montage0__w22,HselectedC,full,driver,0.46226656291846446,0.43648684097550294,120,diagnostic_log_tau_log_kappa_not_freed_evaluation_parameters
visual_cognitive_motivation__S03__S03_Probe1__prefrontal__montage0__w22,HselectedC,full,initial,0.981067418422176,0.9515119458653747,5,diagnostic_log_tau_log_kappa_not_freed_evaluation_parameters
visual_cognitive_motivation__S03__S03_Probe1__prefrontal__montage0__w22,HselectedC,full,response,0.8616904969844355,0.8442537997629043,2,diagnostic_log_tau_log_kappa_not_freed_evaluation_parameters
visual_cognitive_motivation__S03__S03_Probe1__prefrontal__montage0__w22,HselectedC,full,all,0.9821935242535494,0.9591322330160639,127,diagnostic_log_tau_log_kappa_not_freed_evaluation_parameters
visual_cognitive_motivation__S03__S03_Probe1__prefrontal__montage0__w22,HselectedC,center_Hb,driver,0.452763923853112,0.4261648827908085,120,diagnostic_log_tau_log_kappa_not_freed_evaluation_parameters
visual_cognitive_motivation__S03__S03_Probe1__prefrontal__montage0__w22,HselectedC,center_Hb,initial,0.9782128309372347,0.9440274250908505,5,diagnostic_log_tau_log_kappa_not_freed_evaluation_parameters
visual_cognitive_motivation__S03__S03_Probe1__prefrontal__montage0__w22,HselectedC,center_Hb,response,0.8241144539443455,0.8030646456259136,2,diagnostic_log_tau_log_kappa_not_freed_evaluation_parameters
visual_cognitive_motivation__S03__S03_Probe1__prefrontal__montage0__w22,HselectedC,center_Hb,all,0.9797802146446497,0.952223592074818,127,diagnostic_log_tau_log_kappa_not_freed_evaluation_parameters
