population,arm,requested_coverage,planned,actual_coverage,selected_units,mean_risk,false_reassurance_fraction,frozen_low_sensitivity_coverage,ties,interpretation
H0,B0,0.25,256,1.0,32,0.536014768767647,0.7734375,1.0,all_ties_retained,empirical_synthetic_error_not_calibrated_posterior
H0,B0,0.5,256,1.0,32,0.536014768767647,0.7734375,1.0,all_ties_retained,empirical_synthetic_error_not_calibrated_posterior
H0,B0,0.75,256,1.0,32,0.536014768767647,0.7734375,1.0,all_ties_retained,empirical_synthetic_error_not_calibrated_posterior
H0,B0,1.0,256,1.0,32,0.536014768767647,0.7734375,1.0,all_ties_retained,empirical_synthetic_error_not_calibrated_posterior
H0,BC,0.25,256,1.0,32,0.536014768767647,0.7734375,1.0,all_ties_retained,empirical_synthetic_error_not_calibrated_posterior
H0,BC,0.5,256,1.0,32,0.536014768767647,0.7734375,1.0,all_ties_retained,empirical_synthetic_error_not_calibrated_posterior
H0,BC,0.75,256,1.0,32,0.536014768767647,0.7734375,1.0,all_ties_retained,empirical_synthetic_error_not_calibrated_posterior
H0,BC,1.0,256,1.0,32,0.536014768767647,0.7734375,1.0,all_ties_retained,empirical_synthetic_error_not_calibrated_posterior
H0,F01,0.25,256,1.0,32,inf,0.8203125,1.0,all_ties_retained,empirical_synthetic_error_not_calibrated_posterior
H0,F01,0.5,256,1.0,32,inf,0.8203125,1.0,all_ties_retained,empirical_synthetic_error_not_calibrated_posterior
H0,F01,0.75,256,1.0,32,inf,0.8203125,1.0,all_ties_retained,empirical_synthetic_error_not_calibrated_posterior
H0,F01,1.0,256,1.0,32,inf,0.8203125,1.0,all_ties_retained,empirical_synthetic_error_not_calibrated_posterior
H0,F11,0.25,256,1.0,32,inf,0.8203125,1.0,all_ties_retained,empirical_synthetic_error_not_calibrated_posterior
H0,F11,0.5,256,1.0,32,inf,0.8203125,1.0,all_ties_retained,empirical_synthetic_error_not_calibrated_posterior
H0,F11,0.75,256,1.0,32,inf,0.8203125,1.0,all_ties_retained,empirical_synthetic_error_not_calibrated_posterior
H0,F11,1.0,256,1.0,32,inf,0.8203125,1.0,all_ties_retained,empirical_synthetic_error_not_calibrated_posterior
H0,Hselected,0.25,256,1.0,32,0.536014768767647,0.7734375,1.0,all_ties_retained,empirical_synthetic_error_not_calibrated_posterior
H0,Hselected,0.5,256,1.0,32,0.536014768767647,0.7734375,1.0,all_ties_retained,empirical_synthetic_error_not_calibrated_posterior
H0,Hselected,0.75,256,1.0,32,0.536014768767647,0.7734375,1.0,all_ties_retained,empirical_synthetic_error_not_calibrated_posterior
H0,Hselected,1.0,256,1.0,32,0.536014768767647,0.7734375,1.0,all_ties_retained,empirical_synthetic_error_not_calibrated_posterior
H0,HselectedC,0.25,256,1.0,32,0.536014768767647,0.7734375,1.0,all_ties_retained,empirical_synthetic_error_not_calibrated_posterior
H0,HselectedC,0.5,256,1.0,32,0.536014768767647,0.7734375,1.0,all_ties_retained,empirical_synthetic_error_not_calibrated_posterior
H0,HselectedC,0.75,256,1.0,32,0.536014768767647,0.7734375,1.0,all_ties_retained,empirical_synthetic_error_not_calibrated_posterior
H0,HselectedC,1.0,256,1.0,32,0.536014768767647,0.7734375,1.0,all_ties_retained,empirical_synthetic_error_not_calibrated_posterior
Hkappa,B0,0.25,256,0.25390625,32,0.692884141301093,0.9836065573770492,0.4765625,all_ties_retained,empirical_synthetic_error_not_calibrated_posterior
Hkappa,B0,0.5,256,0.5,32,0.6422566211984619,0.9836065573770492,0.4765625,all_ties_retained,empirical_synthetic_error_not_calibrated_posterior
Hkappa,B0,0.75,256,0.75390625,32,0.6382964130671652,0.9836065573770492,0.4765625,all_ties_retained,empirical_synthetic_error_not_calibrated_posterior
Hkappa,B0,1.0,256,1.0,32,0.6430262947443663,0.9836065573770492,0.4765625,all_ties_retained,empirical_synthetic_error_not_calibrated_posterior
Hkappa,BC,0.25,256,0.25390625,32,0.692884141301093,0.9836065573770492,0.4765625,all_ties_retained,empirical_synthetic_error_not_calibrated_posterior
Hkappa,BC,0.5,256,0.5,32,0.6422566211984619,0.9836065573770492,0.4765625,all_ties_retained,empirical_synthetic_error_not_calibrated_posterior
Hkappa,BC,0.75,256,0.75390625,32,0.6382964130671651,0.9836065573770492,0.4765625,all_ties_retained,empirical_synthetic_error_not_calibrated_posterior
Hkappa,BC,1.0,256,1.0,32,0.6430262947443663,0.9836065573770492,0.4765625,all_ties_retained,empirical_synthetic_error_not_calibrated_posterior
Hkappa,F01,0.25,256,0.25390625,32,inf,0.9918032786885246,0.4765625,all_ties_retained,empirical_synthetic_error_not_calibrated_posterior
Hkappa,F01,0.5,256,0.5,32,inf,0.9918032786885246,0.4765625,all_ties_retained,empirical_synthetic_error_not_calibrated_posterior
Hkappa,F01,0.75,256,0.75390625,32,inf,0.9918032786885246,0.4765625,all_ties_retained,empirical_synthetic_error_not_calibrated_posterior
Hkappa,F01,1.0,256,1.0,32,inf,0.9918032786885246,0.4765625,all_ties_retained,empirical_synthetic_error_not_calibrated_posterior
Hkappa,F11,0.25,256,0.25390625,32,inf,0.9180327868852459,0.4765625,all_ties_retained,empirical_synthetic_error_not_calibrated_posterior
Hkappa,F11,0.5,256,0.5,32,inf,0.9180327868852459,0.4765625,all_ties_retained,empirical_synthetic_error_not_calibrated_posterior
Hkappa,F11,0.75,256,0.75390625,32,inf,0.9180327868852459,0.4765625,all_ties_retained,empirical_synthetic_error_not_calibrated_posterior
Hkappa,F11,1.0,256,1.0,32,inf,0.9180327868852459,0.4765625,all_ties_retained,empirical_synthetic_error_not_calibrated_posterior
Hkappa,Hselected,0.25,256,0.25390625,32,0.6863012910114534,0.8688524590163934,0.4765625,all_ties_retained,empirical_synthetic_error_not_calibrated_posterior
Hkappa,Hselected,0.5,256,0.5,32,0.6274731650229233,0.8688524590163934,0.4765625,all_ties_retained,empirical_synthetic_error_not_calibrated_posterior
Hkappa,Hselected,0.75,256,0.75390625,32,0.6133770415517542,0.8688524590163934,0.4765625,all_ties_retained,empirical_synthetic_error_not_calibrated_posterior
Hkappa,Hselected,1.0,256,1.0,32,0.601284543907396,0.8688524590163934,0.4765625,all_ties_retained,empirical_synthetic_error_not_calibrated_posterior
Hkappa,HselectedC,0.25,256,0.25390625,32,0.6863012910114534,0.8688524590163934,0.4765625,all_ties_retained,empirical_synthetic_error_not_calibrated_posterior
Hkappa,HselectedC,0.5,256,0.5,32,0.6274731650229233,0.8688524590163934,0.4765625,all_ties_retained,empirical_synthetic_error_not_calibrated_posterior
Hkappa,HselectedC,0.75,256,0.75390625,32,0.6133770415517542,0.8688524590163934,0.4765625,all_ties_retained,empirical_synthetic_error_not_calibrated_posterior
Hkappa,HselectedC,1.0,256,1.0,32,0.601284543907396,0.8688524590163934,0.4765625,all_ties_retained,empirical_synthetic_error_not_calibrated_posterior
Htau,B0,0.25,256,0.25,32,0.7031010607872499,1.0,0.51171875,all_ties_retained,empirical_synthetic_error_not_calibrated_posterior
Htau,B0,0.5,256,0.51171875,32,0.6704430796645865,1.0,0.51171875,all_ties_retained,empirical_synthetic_error_not_calibrated_posterior
Htau,B0,0.75,256,0.7578125,32,0.6617167780000103,1.0,0.51171875,all_ties_retained,empirical_synthetic_error_not_calibrated_posterior
Htau,B0,1.0,256,1.0,32,0.6688895621698859,1.0,0.51171875,all_ties_retained,empirical_synthetic_error_not_calibrated_posterior
Htau,BC,0.25,256,0.25,32,0.7031010607872499,1.0,0.51171875,all_ties_retained,empirical_synthetic_error_not_calibrated_posterior
Htau,BC,0.5,256,0.51171875,32,0.6704430796645865,1.0,0.51171875,all_ties_retained,empirical_synthetic_error_not_calibrated_posterior
Htau,BC,0.75,256,0.7578125,32,0.6617167780000103,1.0,0.51171875,all_ties_retained,empirical_synthetic_error_not_calibrated_posterior
Htau,BC,1.0,256,1.0,32,0.6688895621698858,1.0,0.51171875,all_ties_retained,empirical_synthetic_error_not_calibrated_posterior
Htau,F01,0.25,256,0.25,32,inf,1.0,0.51171875,all_ties_retained,empirical_synthetic_error_not_calibrated_posterior
Htau,F01,0.5,256,0.51171875,32,inf,1.0,0.51171875,all_ties_retained,empirical_synthetic_error_not_calibrated_posterior
Htau,F01,0.75,256,0.7578125,32,inf,1.0,0.51171875,all_ties_retained,empirical_synthetic_error_not_calibrated_posterior
Htau,F01,1.0,256,1.0,32,inf,1.0,0.51171875,all_ties_retained,empirical_synthetic_error_not_calibrated_posterior
Htau,F11,0.25,256,0.25,32,inf,0.8702290076335878,0.51171875,all_ties_retained,empirical_synthetic_error_not_calibrated_posterior
Htau,F11,0.5,256,0.51171875,32,inf,0.8702290076335878,0.51171875,all_ties_retained,empirical_synthetic_error_not_calibrated_posterior
Htau,F11,0.75,256,0.7578125,32,inf,0.8702290076335878,0.51171875,all_ties_retained,empirical_synthetic_error_not_calibrated_posterior
Htau,F11,1.0,256,1.0,32,inf,0.8702290076335878,0.51171875,all_ties_retained,empirical_synthetic_error_not_calibrated_posterior
Htau,Hselected,0.25,256,0.25,32,0.667075927524927,0.816793893129771,0.51171875,all_ties_retained,empirical_synthetic_error_not_calibrated_posterior
Htau,Hselected,0.5,256,0.51171875,32,0.6133687675389008,0.816793893129771,0.51171875,all_ties_retained,empirical_synthetic_error_not_calibrated_posterior
Htau,Hselected,0.75,256,0.7578125,32,0.5720283463537182,0.816793893129771,0.51171875,all_ties_retained,empirical_synthetic_error_not_calibrated_posterior
Htau,Hselected,1.0,256,1.0,32,0.522237275355034,0.816793893129771,0.51171875,all_ties_retained,empirical_synthetic_error_not_calibrated_posterior
Htau,HselectedC,0.25,256,0.25,32,0.667075927524927,0.816793893129771,0.51171875,all_ties_retained,empirical_synthetic_error_not_calibrated_posterior
Htau,HselectedC,0.5,256,0.51171875,32,0.6133687675389008,0.816793893129771,0.51171875,all_ties_retained,empirical_synthetic_error_not_calibrated_posterior
Htau,HselectedC,0.75,256,0.7578125,32,0.5720283463537182,0.816793893129771,0.51171875,all_ties_retained,empirical_synthetic_error_not_calibrated_posterior
Htau,HselectedC,1.0,256,1.0,32,0.522237275355034,0.816793893129771,0.51171875,all_ties_retained,empirical_synthetic_error_not_calibrated_posterior
Htau_kappa,B0,0.25,256,0.25390625,32,0.7225406908280566,1.0,0.4765625,all_ties_retained,empirical_synthetic_error_not_calibrated_posterior
Htau_kappa,B0,0.5,256,0.5,32,0.7048597835384905,1.0,0.4765625,all_ties_retained,empirical_synthetic_error_not_calibrated_posterior
Htau_kappa,B0,0.75,256,0.75390625,32,0.7294014289642625,1.0,0.4765625,all_ties_retained,empirical_synthetic_error_not_calibrated_posterior
Htau_kappa,B0,1.0,256,1.0,32,0.7812188999239241,1.0,0.4765625,all_ties_retained,empirical_synthetic_error_not_calibrated_posterior
Htau_kappa,BC,0.25,256,0.25390625,32,0.7225406908280566,1.0,0.4765625,all_ties_retained,empirical_synthetic_error_not_calibrated_posterior
Htau_kappa,BC,0.5,256,0.5,32,0.7048597835384905,1.0,0.4765625,all_ties_retained,empirical_synthetic_error_not_calibrated_posterior
Htau_kappa,BC,0.75,256,0.75390625,32,0.7294014289642625,1.0,0.4765625,all_ties_retained,empirical_synthetic_error_not_calibrated_posterior
Htau_kappa,BC,1.0,256,1.0,32,0.7812188999239241,1.0,0.4765625,all_ties_retained,empirical_synthetic_error_not_calibrated_posterior
Htau_kappa,F01,0.25,256,0.25390625,32,inf,1.0,0.4765625,all_ties_retained,empirical_synthetic_error_not_calibrated_posterior
Htau_kappa,F01,0.5,256,0.5,32,inf,1.0,0.4765625,all_ties_retained,empirical_synthetic_error_not_calibrated_posterior
Htau_kappa,F01,0.75,256,0.75390625,32,inf,1.0,0.4765625,all_ties_retained,empirical_synthetic_error_not_calibrated_posterior
Htau_kappa,F01,1.0,256,1.0,32,inf,1.0,0.4765625,all_ties_retained,empirical_synthetic_error_not_calibrated_posterior
Htau_kappa,F11,0.25,256,0.25390625,32,inf,0.860655737704918,0.4765625,all_ties_retained,empirical_synthetic_error_not_calibrated_posterior
Htau_kappa,F11,0.5,256,0.5,32,inf,0.860655737704918,0.4765625,all_ties_retained,empirical_synthetic_error_not_calibrated_posterior
Htau_kappa,F11,0.75,256,0.75390625,32,inf,0.860655737704918,0.4765625,all_ties_retained,empirical_synthetic_error_not_calibrated_posterior
Htau_kappa,F11,1.0,256,1.0,32,inf,0.860655737704918,0.4765625,all_ties_retained,empirical_synthetic_error_not_calibrated_posterior
Htau_kappa,Hselected,0.25,256,0.25390625,32,0.6602543031448431,0.7540983606557377,0.4765625,all_ties_retained,empirical_synthetic_error_not_calibrated_posterior
Htau_kappa,Hselected,0.5,256,0.5,32,0.5855057786204776,0.7540983606557377,0.4765625,all_ties_retained,empirical_synthetic_error_not_calibrated_posterior
Htau_kappa,Hselected,0.75,256,0.75390625,32,0.5493446624764561,0.7540983606557377,0.4765625,all_ties_retained,empirical_synthetic_error_not_calibrated_posterior
Htau_kappa,Hselected,1.0,256,1.0,32,0.5077002554158561,0.7540983606557377,0.4765625,all_ties_retained,empirical_synthetic_error_not_calibrated_posterior
Htau_kappa,HselectedC,0.25,256,0.25390625,32,0.6602543031448431,0.7540983606557377,0.4765625,all_ties_retained,empirical_synthetic_error_not_calibrated_posterior
Htau_kappa,HselectedC,0.5,256,0.5,32,0.5855057786204776,0.7540983606557377,0.4765625,all_ties_retained,empirical_synthetic_error_not_calibrated_posterior
Htau_kappa,HselectedC,0.75,256,0.75390625,32,0.5493446624764561,0.7540983606557377,0.4765625,all_ties_retained,empirical_synthetic_error_not_calibrated_posterior
Htau_kappa,HselectedC,1.0,256,1.0,32,0.5077002554158561,0.7540983606557377,0.4765625,all_ties_retained,empirical_synthetic_error_not_calibrated_posterior
