kind,population,scenario,arm,null,planned,paired_success,independent_units,gain,ci_low,ci_high,interpretation
measured,eeg_fnirs_single_trial,measured,F01,wrong_subject,24,23,6,0.053699436665952595,0.002948079789494632,0.10581335594541451,common_success_null_minus_real_same_support; missing_nulls_preserved
measured,simultaneous_eeg_nirs,measured,F01,wrong_subject,24,17,6,0.021618934396575706,0.011638205612605533,0.03551408503001143,common_success_null_minus_real_same_support; missing_nulls_preserved
measured,visual_cognitive_motivation,measured,F01,wrong_subject,24,22,6,0.029709416222883946,-0.008633018391621032,0.05840501074556584,common_success_null_minus_real_same_support; missing_nulls_preserved
synthetic,H0,common_colored,F01,wrong_subject,32,32,32,0.20757832162031775,0.16265386306864144,0.2535225336748059,common_success_null_minus_real_same_support; missing_nulls_preserved
synthetic,H0,common_correlated,F01,wrong_subject,32,32,32,0.16788603680101905,0.13394070868060554,0.20964700563317828,common_success_null_minus_real_same_support; missing_nulls_preserved
synthetic,H0,donor_contamination,F01,wrong_subject,32,0,0,,,,common_success_null_minus_real_same_support; missing_nulls_preserved
synthetic,H0,driver_amplitude,F01,wrong_subject,32,0,0,,,,common_success_null_minus_real_same_support; missing_nulls_preserved
synthetic,H0,driver_amplitude_gain,F01,wrong_subject,32,0,0,,,,common_success_null_minus_real_same_support; missing_nulls_preserved
synthetic,H0,global_component_only,F01,wrong_subject,32,0,0,,,,common_success_null_minus_real_same_support; missing_nulls_preserved
synthetic,H0,shared_neural_only,F01,wrong_subject,32,32,32,5.197820457383026e-05,-6.456082195329718e-05,0.00016884348237335408,common_success_null_minus_real_same_support; missing_nulls_preserved
synthetic,H0,target_neural_only,F01,wrong_subject,32,0,0,,,,common_success_null_minus_real_same_support; missing_nulls_preserved
synthetic,Hkappa,common_colored,F01,wrong_subject,32,32,32,0.2098043813481209,0.16739988801930855,0.255316421245868,common_success_null_minus_real_same_support; missing_nulls_preserved
synthetic,Hkappa,common_correlated,F01,wrong_subject,32,32,32,0.16908110331547704,0.13735324311675567,0.20663518621719001,common_success_null_minus_real_same_support; missing_nulls_preserved
synthetic,Hkappa,donor_contamination,F01,wrong_subject,32,0,0,,,,common_success_null_minus_real_same_support; missing_nulls_preserved
synthetic,Hkappa,driver_amplitude,F01,wrong_subject,32,0,0,,,,common_success_null_minus_real_same_support; missing_nulls_preserved
synthetic,Hkappa,driver_amplitude_gain,F01,wrong_subject,32,0,0,,,,common_success_null_minus_real_same_support; missing_nulls_preserved
synthetic,Hkappa,global_component_only,F01,wrong_subject,32,0,0,,,,common_success_null_minus_real_same_support; missing_nulls_preserved
synthetic,Hkappa,shared_neural_only,F01,wrong_subject,32,32,32,0.04150177398656191,0.03227775665497094,0.051167343988796354,common_success_null_minus_real_same_support; missing_nulls_preserved
synthetic,Hkappa,target_neural_only,F01,wrong_subject,32,0,0,,,,common_success_null_minus_real_same_support; missing_nulls_preserved
synthetic,Htau,common_colored,F01,wrong_subject,32,32,32,0.23664628880434685,0.1843637659000634,0.29286757838620214,common_success_null_minus_real_same_support; missing_nulls_preserved
synthetic,Htau,common_correlated,F01,wrong_subject,32,32,32,0.20908305939544014,0.1698160118070828,0.25425890558261777,common_success_null_minus_real_same_support; missing_nulls_preserved
synthetic,Htau,donor_contamination,F01,wrong_subject,32,0,0,,,,common_success_null_minus_real_same_support; missing_nulls_preserved
synthetic,Htau,driver_amplitude,F01,wrong_subject,32,0,0,,,,common_success_null_minus_real_same_support; missing_nulls_preserved
synthetic,Htau,driver_amplitude_gain,F01,wrong_subject,32,0,0,,,,common_success_null_minus_real_same_support; missing_nulls_preserved
synthetic,Htau,global_component_only,F01,wrong_subject,32,0,0,,,,common_success_null_minus_real_same_support; missing_nulls_preserved
synthetic,Htau,shared_neural_only,F01,wrong_subject,32,32,32,0.06418534686674782,0.04976972922475187,0.07884166576520987,common_success_null_minus_real_same_support; missing_nulls_preserved
synthetic,Htau,target_neural_only,F01,wrong_subject,32,0,0,,,,common_success_null_minus_real_same_support; missing_nulls_preserved
synthetic,Htau_kappa,common_colored,F01,wrong_subject,32,32,32,0.25141239098854984,0.20069870435920031,0.306230068395013,common_success_null_minus_real_same_support; missing_nulls_preserved
synthetic,Htau_kappa,common_correlated,F01,wrong_subject,32,32,32,0.21951861109259208,0.18058868082360907,0.2629329803286107,common_success_null_minus_real_same_support; missing_nulls_preserved
synthetic,Htau_kappa,donor_contamination,F01,wrong_subject,32,0,0,,,,common_success_null_minus_real_same_support; missing_nulls_preserved
synthetic,Htau_kappa,driver_amplitude,F01,wrong_subject,32,0,0,,,,common_success_null_minus_real_same_support; missing_nulls_preserved
synthetic,Htau_kappa,driver_amplitude_gain,F01,wrong_subject,32,0,0,,,,common_success_null_minus_real_same_support; missing_nulls_preserved
synthetic,Htau_kappa,global_component_only,F01,wrong_subject,32,0,0,,,,common_success_null_minus_real_same_support; missing_nulls_preserved
synthetic,Htau_kappa,shared_neural_only,F01,wrong_subject,32,32,32,0.12366115243085797,0.09915366896534591,0.14828920008829344,common_success_null_minus_real_same_support; missing_nulls_preserved
synthetic,Htau_kappa,target_neural_only,F01,wrong_subject,32,0,0,,,,common_success_null_minus_real_same_support; missing_nulls_preserved
measured,eeg_fnirs_single_trial,measured,F01,nonwrapping_shift_12s,24,23,6,0.11647556981971917,0.020056714694784462,0.2184255884306171,common_success_null_minus_real_same_support; missing_nulls_preserved
measured,simultaneous_eeg_nirs,measured,F01,nonwrapping_shift_12s,24,24,6,0.03888966218604661,0.021442325239598516,0.0681639829786553,common_success_null_minus_real_same_support; missing_nulls_preserved
measured,visual_cognitive_motivation,measured,F01,nonwrapping_shift_12s,24,22,6,0.0894509071640084,0.03940944567485375,0.15382218149471463,common_success_null_minus_real_same_support; missing_nulls_preserved
synthetic,H0,common_colored,F01,nonwrapping_shift_12s,32,32,32,0.29830025099338653,0.18736155587197853,0.4096985089398475,common_success_null_minus_real_same_support; missing_nulls_preserved
synthetic,H0,common_correlated,F01,nonwrapping_shift_12s,32,32,32,0.39715326398238376,0.3130558230892259,0.47969463477989244,common_success_null_minus_real_same_support; missing_nulls_preserved
synthetic,H0,donor_contamination,F01,nonwrapping_shift_12s,32,25,25,0.1482328401951431,0.07163316655594648,0.23348934695293927,common_success_null_minus_real_same_support; missing_nulls_preserved
synthetic,H0,driver_amplitude,F01,nonwrapping_shift_12s,32,32,32,0.0003036024577846288,-7.411081212450493e-05,0.0006572885600030317,common_success_null_minus_real_same_support; missing_nulls_preserved
synthetic,H0,driver_amplitude_gain,F01,nonwrapping_shift_12s,32,32,32,0.006187612908538963,0.0033029569300600066,0.009102671380834669,common_success_null_minus_real_same_support; missing_nulls_preserved
synthetic,H0,global_component_only,F01,nonwrapping_shift_12s,32,32,32,0.30603686367866456,0.19527870212969076,0.4177919188350473,common_success_null_minus_real_same_support; missing_nulls_preserved
synthetic,H0,shared_neural_only,F01,nonwrapping_shift_12s,32,32,32,0.00020953828922631922,-0.00011147407739859092,0.0005055141581480394,common_success_null_minus_real_same_support; missing_nulls_preserved
synthetic,H0,target_neural_only,F01,nonwrapping_shift_12s,32,32,32,0.00023386980695113205,-7.648398992775954e-05,0.0005249679843445444,common_success_null_minus_real_same_support; missing_nulls_preserved
synthetic,Hkappa,common_colored,F01,nonwrapping_shift_12s,32,32,32,0.2989718642884608,0.19724188695961914,0.40271322295862866,common_success_null_minus_real_same_support; missing_nulls_preserved
synthetic,Hkappa,common_correlated,F01,nonwrapping_shift_12s,32,32,32,0.41231510804907423,0.32541809173936964,0.49966804306476814,common_success_null_minus_real_same_support; missing_nulls_preserved
synthetic,Hkappa,donor_contamination,F01,nonwrapping_shift_12s,32,23,23,0.1776309714490426,0.08625698963415072,0.2747615054834207,common_success_null_minus_real_same_support; missing_nulls_preserved
synthetic,Hkappa,driver_amplitude,F01,nonwrapping_shift_12s,32,32,32,0.06274851313357288,0.03976646483649221,0.08489015870992252,common_success_null_minus_real_same_support; missing_nulls_preserved
synthetic,Hkappa,driver_amplitude_gain,F01,nonwrapping_shift_12s,32,32,32,0.029833521402356428,0.018835159349589865,0.04230949640658491,common_success_null_minus_real_same_support; missing_nulls_preserved
synthetic,Hkappa,global_component_only,F01,nonwrapping_shift_12s,32,32,32,0.2983577269747738,0.19306299002098093,0.4046015891558287,common_success_null_minus_real_same_support; missing_nulls_preserved
synthetic,Hkappa,shared_neural_only,F01,nonwrapping_shift_12s,32,32,32,0.04011684619800426,0.024483564757997917,0.05501016314745892,common_success_null_minus_real_same_support; missing_nulls_preserved
synthetic,Hkappa,target_neural_only,F01,nonwrapping_shift_12s,32,32,32,0.04025020231493778,0.024854530288310032,0.05503360638863904,common_success_null_minus_real_same_support; missing_nulls_preserved
synthetic,Htau,common_colored,F01,nonwrapping_shift_12s,32,32,32,0.3349369063079102,0.2245971899743312,0.44643778814259405,common_success_null_minus_real_same_support; missing_nulls_preserved
synthetic,Htau,common_correlated,F01,nonwrapping_shift_12s,32,32,32,0.509395127311649,0.4076428812003451,0.6126174847726765,common_success_null_minus_real_same_support; missing_nulls_preserved
synthetic,Htau,donor_contamination,F01,nonwrapping_shift_12s,32,23,23,0.20893175851950513,0.10684476826744112,0.32370179601151405,common_success_null_minus_real_same_support; missing_nulls_preserved
synthetic,Htau,driver_amplitude,F01,nonwrapping_shift_12s,32,32,32,0.1132006978519638,0.07934617106933371,0.14625801228459584,common_success_null_minus_real_same_support; missing_nulls_preserved
synthetic,Htau,driver_amplitude_gain,F01,nonwrapping_shift_12s,32,32,32,0.09815252393945098,0.06413253629769793,0.1343722292183459,common_success_null_minus_real_same_support; missing_nulls_preserved
synthetic,Htau,global_component_only,F01,nonwrapping_shift_12s,32,32,32,0.3171957788805859,0.20795017988211095,0.42739019298217695,common_success_null_minus_real_same_support; missing_nulls_preserved
synthetic,Htau,shared_neural_only,F01,nonwrapping_shift_12s,32,32,32,0.07123853452406098,0.049254921732027376,0.09339614930867472,common_success_null_minus_real_same_support; missing_nulls_preserved
synthetic,Htau,target_neural_only,F01,nonwrapping_shift_12s,32,32,32,0.07252774084737293,0.04963871813448495,0.09444947043124322,common_success_null_minus_real_same_support; missing_nulls_preserved
synthetic,Htau_kappa,common_colored,F01,nonwrapping_shift_12s,32,32,32,0.36659386797354054,0.2648423683362564,0.4655445128315953,common_success_null_minus_real_same_support; missing_nulls_preserved
synthetic,Htau_kappa,common_correlated,F01,nonwrapping_shift_12s,32,32,32,0.5243229319011631,0.4165924865486969,0.6294115991237468,common_success_null_minus_real_same_support; missing_nulls_preserved
synthetic,Htau_kappa,donor_contamination,F01,nonwrapping_shift_12s,32,22,22,0.30054466046534856,0.14251108413759916,0.44803602197674625,common_success_null_minus_real_same_support; missing_nulls_preserved
synthetic,Htau_kappa,driver_amplitude,F01,nonwrapping_shift_12s,32,32,32,0.23974354637766482,0.17341908242449952,0.3010299135217089,common_success_null_minus_real_same_support; missing_nulls_preserved
synthetic,Htau_kappa,driver_amplitude_gain,F01,nonwrapping_shift_12s,32,32,32,0.13239523366215877,0.09419572455213454,0.1729637541454796,common_success_null_minus_real_same_support; missing_nulls_preserved
synthetic,Htau_kappa,global_component_only,F01,nonwrapping_shift_12s,32,32,32,0.30761568012714213,0.20334168318824403,0.4106362608468915,common_success_null_minus_real_same_support; missing_nulls_preserved
synthetic,Htau_kappa,shared_neural_only,F01,nonwrapping_shift_12s,32,32,32,0.1547113744093685,0.11321619884431564,0.1936046767214331,common_success_null_minus_real_same_support; missing_nulls_preserved
synthetic,Htau_kappa,target_neural_only,F01,nonwrapping_shift_12s,32,32,32,0.15339343400214567,0.10965227275131059,0.19423399692920423,common_success_null_minus_real_same_support; missing_nulls_preserved
measured,eeg_fnirs_single_trial,measured,F11,wrong_subject,24,24,6,0.06322902466078378,0.01002546738348263,0.12041862762936521,common_success_null_minus_real_same_support; missing_nulls_preserved
measured,simultaneous_eeg_nirs,measured,F11,wrong_subject,24,17,6,0.011555069568845944,0.003956859020399874,0.021375203402100345,common_success_null_minus_real_same_support; missing_nulls_preserved
measured,visual_cognitive_motivation,measured,F11,wrong_subject,24,22,6,-0.016694550353284297,-0.15455937850344212,0.06780024530769005,common_success_null_minus_real_same_support; missing_nulls_preserved
synthetic,H0,common_colored,F11,wrong_subject,32,32,32,0.20757832162031775,0.16265386306864144,0.2535225336748059,common_success_null_minus_real_same_support; missing_nulls_preserved
synthetic,H0,common_correlated,F11,wrong_subject,32,32,32,0.16788603680101905,0.13394070868060554,0.20964700563317828,common_success_null_minus_real_same_support; missing_nulls_preserved
synthetic,H0,donor_contamination,F11,wrong_subject,32,0,0,,,,common_success_null_minus_real_same_support; missing_nulls_preserved
synthetic,H0,driver_amplitude,F11,wrong_subject,32,0,0,,,,common_success_null_minus_real_same_support; missing_nulls_preserved
synthetic,H0,driver_amplitude_gain,F11,wrong_subject,32,0,0,,,,common_success_null_minus_real_same_support; missing_nulls_preserved
synthetic,H0,global_component_only,F11,wrong_subject,32,0,0,,,,common_success_null_minus_real_same_support; missing_nulls_preserved
synthetic,H0,shared_neural_only,F11,wrong_subject,32,32,32,5.197820457383026e-05,-6.456082195329718e-05,0.00016884348237335408,common_success_null_minus_real_same_support; missing_nulls_preserved
synthetic,H0,target_neural_only,F11,wrong_subject,32,0,0,,,,common_success_null_minus_real_same_support; missing_nulls_preserved
synthetic,Hkappa,common_colored,F11,wrong_subject,32,32,32,0.19951715953759636,0.15338453791839468,0.24480804721946833,common_success_null_minus_real_same_support; missing_nulls_preserved
synthetic,Hkappa,common_correlated,F11,wrong_subject,32,32,32,0.17208952959635468,0.13312972880036592,0.21629016650720562,common_success_null_minus_real_same_support; missing_nulls_preserved
synthetic,Hkappa,donor_contamination,F11,wrong_subject,32,0,0,,,,common_success_null_minus_real_same_support; missing_nulls_preserved
synthetic,Hkappa,driver_amplitude,F11,wrong_subject,32,0,0,,,,common_success_null_minus_real_same_support; missing_nulls_preserved
synthetic,Hkappa,driver_amplitude_gain,F11,wrong_subject,32,0,0,,,,common_success_null_minus_real_same_support; missing_nulls_preserved
synthetic,Hkappa,global_component_only,F11,wrong_subject,32,0,0,,,,common_success_null_minus_real_same_support; missing_nulls_preserved
synthetic,Hkappa,shared_neural_only,F11,wrong_subject,32,32,32,0.01854966010595316,0.01419559751551584,0.023697018121156422,common_success_null_minus_real_same_support; missing_nulls_preserved
synthetic,Hkappa,target_neural_only,F11,wrong_subject,32,0,0,,,,common_success_null_minus_real_same_support; missing_nulls_preserved
synthetic,Htau,common_colored,F11,wrong_subject,32,32,32,0.21014105604368194,0.16106646027357724,0.25663364189973387,common_success_null_minus_real_same_support; missing_nulls_preserved
synthetic,Htau,common_correlated,F11,wrong_subject,32,32,32,0.16660442985907603,0.12914100466033523,0.20860130091933227,common_success_null_minus_real_same_support; missing_nulls_preserved
synthetic,Htau,donor_contamination,F11,wrong_subject,32,0,0,,,,common_success_null_minus_real_same_support; missing_nulls_preserved
synthetic,Htau,driver_amplitude,F11,wrong_subject,32,0,0,,,,common_success_null_minus_real_same_support; missing_nulls_preserved
synthetic,Htau,driver_amplitude_gain,F11,wrong_subject,32,0,0,,,,common_success_null_minus_real_same_support; missing_nulls_preserved
synthetic,Htau,global_component_only,F11,wrong_subject,32,0,0,,,,common_success_null_minus_real_same_support; missing_nulls_preserved
synthetic,Htau,shared_neural_only,F11,wrong_subject,32,32,32,4.459052699384467e-05,-7.992984275821335e-05,0.00015353980663016328,common_success_null_minus_real_same_support; missing_nulls_preserved
synthetic,Htau,target_neural_only,F11,wrong_subject,32,0,0,,,,common_success_null_minus_real_same_support; missing_nulls_preserved
synthetic,Htau_kappa,common_colored,F11,wrong_subject,32,32,32,0.2092529236500881,0.16298231397708618,0.2553415762717673,common_success_null_minus_real_same_support; missing_nulls_preserved
synthetic,Htau_kappa,common_correlated,F11,wrong_subject,32,32,32,0.16586932997328913,0.1299084973145863,0.20793853697458003,common_success_null_minus_real_same_support; missing_nulls_preserved
synthetic,Htau_kappa,donor_contamination,F11,wrong_subject,32,0,0,,,,common_success_null_minus_real_same_support; missing_nulls_preserved
synthetic,Htau_kappa,driver_amplitude,F11,wrong_subject,32,0,0,,,,common_success_null_minus_real_same_support; missing_nulls_preserved
synthetic,Htau_kappa,driver_amplitude_gain,F11,wrong_subject,32,0,0,,,,common_success_null_minus_real_same_support; missing_nulls_preserved
synthetic,Htau_kappa,global_component_only,F11,wrong_subject,32,0,0,,,,common_success_null_minus_real_same_support; missing_nulls_preserved
synthetic,Htau_kappa,shared_neural_only,F11,wrong_subject,32,32,32,-0.00012486309946132873,-0.0003287166070707967,8.055147657000191e-05,common_success_null_minus_real_same_support; missing_nulls_preserved
synthetic,Htau_kappa,target_neural_only,F11,wrong_subject,32,0,0,,,,common_success_null_minus_real_same_support; missing_nulls_preserved
measured,eeg_fnirs_single_trial,measured,F11,nonwrapping_shift_12s,24,24,6,0.1834921093427766,0.05865428922570639,0.31203749821195237,common_success_null_minus_real_same_support; missing_nulls_preserved
measured,simultaneous_eeg_nirs,measured,F11,nonwrapping_shift_12s,24,24,6,0.01769403941629213,0.004269533483234685,0.03408564139137575,common_success_null_minus_real_same_support; missing_nulls_preserved
measured,visual_cognitive_motivation,measured,F11,nonwrapping_shift_12s,24,22,6,0.15250347255288269,0.043169992855505934,0.3158108710149922,common_success_null_minus_real_same_support; missing_nulls_preserved
synthetic,H0,common_colored,F11,nonwrapping_shift_12s,32,32,32,0.29830025099338653,0.18736155587197853,0.4096985089398475,common_success_null_minus_real_same_support; missing_nulls_preserved
synthetic,H0,common_correlated,F11,nonwrapping_shift_12s,32,32,32,0.39715326398238376,0.3130558230892259,0.47969463477989244,common_success_null_minus_real_same_support; missing_nulls_preserved
synthetic,H0,donor_contamination,F11,nonwrapping_shift_12s,32,25,25,0.1482328401951431,0.07163316655594648,0.23348934695293927,common_success_null_minus_real_same_support; missing_nulls_preserved
synthetic,H0,driver_amplitude,F11,nonwrapping_shift_12s,32,32,32,0.0003036024577846288,-7.411081212450493e-05,0.0006572885600030317,common_success_null_minus_real_same_support; missing_nulls_preserved
synthetic,H0,driver_amplitude_gain,F11,nonwrapping_shift_12s,32,32,32,0.006187612908538963,0.0033029569300600066,0.009102671380834669,common_success_null_minus_real_same_support; missing_nulls_preserved
synthetic,H0,global_component_only,F11,nonwrapping_shift_12s,32,32,32,0.30603686367866456,0.19527870212969076,0.4177919188350473,common_success_null_minus_real_same_support; missing_nulls_preserved
synthetic,H0,shared_neural_only,F11,nonwrapping_shift_12s,32,32,32,0.00020953828922631922,-0.00011147407739859092,0.0005055141581480394,common_success_null_minus_real_same_support; missing_nulls_preserved
synthetic,H0,target_neural_only,F11,nonwrapping_shift_12s,32,32,32,0.00023386980695113205,-7.648398992775954e-05,0.0005249679843445444,common_success_null_minus_real_same_support; missing_nulls_preserved
synthetic,Hkappa,common_colored,F11,nonwrapping_shift_12s,32,32,32,0.2786786242646344,0.1735459472095712,0.38798925841125476,common_success_null_minus_real_same_support; missing_nulls_preserved
synthetic,Hkappa,common_correlated,F11,nonwrapping_shift_12s,32,32,32,0.35313370902115304,0.27713188165913377,0.4281949667506549,common_success_null_minus_real_same_support; missing_nulls_preserved
synthetic,Hkappa,donor_contamination,F11,nonwrapping_shift_12s,32,20,20,0.27177291762709876,0.16734357438545283,0.38115243578603786,common_success_null_minus_real_same_support; missing_nulls_preserved
synthetic,Hkappa,driver_amplitude,F11,nonwrapping_shift_12s,32,32,32,0.04304743108085534,0.03108865210251377,0.05501732052459112,common_success_null_minus_real_same_support; missing_nulls_preserved
synthetic,Hkappa,driver_amplitude_gain,F11,nonwrapping_shift_12s,32,32,32,0.03420880321839244,0.023616200990425135,0.044166579500147275,common_success_null_minus_real_same_support; missing_nulls_preserved
synthetic,Hkappa,global_component_only,F11,nonwrapping_shift_12s,32,32,32,0.28789773441315253,0.17560356907592797,0.39353328827304956,common_success_null_minus_real_same_support; missing_nulls_preserved
synthetic,Hkappa,shared_neural_only,F11,nonwrapping_shift_12s,32,32,32,0.028138672591668724,0.019215073952140293,0.03675099206226678,common_success_null_minus_real_same_support; missing_nulls_preserved
synthetic,Hkappa,target_neural_only,F11,nonwrapping_shift_12s,32,32,32,0.028348945005535624,0.02012248350253322,0.03661749363090108,common_success_null_minus_real_same_support; missing_nulls_preserved
synthetic,Htau,common_colored,F11,nonwrapping_shift_12s,32,32,32,0.2686171858704287,0.1644156241292825,0.36902035773382086,common_success_null_minus_real_same_support; missing_nulls_preserved
synthetic,Htau,common_correlated,F11,nonwrapping_shift_12s,32,32,32,0.35794397184762144,0.2836450647391804,0.4319125703119895,common_success_null_minus_real_same_support; missing_nulls_preserved
synthetic,Htau,donor_contamination,F11,nonwrapping_shift_12s,32,24,24,0.16916030653200942,0.0766411152641283,0.2648352063089915,common_success_null_minus_real_same_support; missing_nulls_preserved
synthetic,Htau,driver_amplitude,F11,nonwrapping_shift_12s,32,32,32,0.0003936513985362592,-7.104133621985679e-05,0.0008720456720778957,common_success_null_minus_real_same_support; missing_nulls_preserved
synthetic,Htau,driver_amplitude_gain,F11,nonwrapping_shift_12s,32,32,32,0.016548483381556064,0.008752684089555087,0.024366810589165146,common_success_null_minus_real_same_support; missing_nulls_preserved
synthetic,Htau,global_component_only,F11,nonwrapping_shift_12s,32,32,32,0.277921311845172,0.17055069999670483,0.3802083367257351,common_success_null_minus_real_same_support; missing_nulls_preserved
synthetic,Htau,shared_neural_only,F11,nonwrapping_shift_12s,32,32,32,0.00022290205892150556,-0.00019293642391978873,0.000637778772002087,common_success_null_minus_real_same_support; missing_nulls_preserved
synthetic,Htau,target_neural_only,F11,nonwrapping_shift_12s,32,32,32,0.0002723599800914297,-0.00012238466879856724,0.0006705582588891309,common_success_null_minus_real_same_support; missing_nulls_preserved
synthetic,Htau_kappa,common_colored,F11,nonwrapping_shift_12s,32,32,32,0.25446821672882997,0.153042928086853,0.35372498003434094,common_success_null_minus_real_same_support; missing_nulls_preserved
synthetic,Htau_kappa,common_correlated,F11,nonwrapping_shift_12s,32,32,32,0.3531246311120855,0.27621968553950743,0.4315610305626933,common_success_null_minus_real_same_support; missing_nulls_preserved
synthetic,Htau_kappa,donor_contamination,F11,nonwrapping_shift_12s,32,19,19,0.1085697060281115,0.030027759141747226,0.1851864878399084,common_success_null_minus_real_same_support; missing_nulls_preserved
synthetic,Htau_kappa,driver_amplitude,F11,nonwrapping_shift_12s,32,32,32,0.00019507263059334275,-0.00028108953034290186,0.0007264518701233223,common_success_null_minus_real_same_support; missing_nulls_preserved
synthetic,Htau_kappa,driver_amplitude_gain,F11,nonwrapping_shift_12s,32,32,32,0.011653869482160647,-0.002838073656398001,0.02616176218884898,common_success_null_minus_real_same_support; missing_nulls_preserved
synthetic,Htau_kappa,global_component_only,F11,nonwrapping_shift_12s,32,32,32,0.2595761981331212,0.1551716250859881,0.35979108471612525,common_success_null_minus_real_same_support; missing_nulls_preserved
synthetic,Htau_kappa,shared_neural_only,F11,nonwrapping_shift_12s,32,32,32,7.745169244939256e-05,-0.000457928264159153,0.0006558998442506695,common_success_null_minus_real_same_support; missing_nulls_preserved
synthetic,Htau_kappa,target_neural_only,F11,nonwrapping_shift_12s,32,32,32,0.00012687905244093125,-0.0003632859675933261,0.0006574586802720937,common_success_null_minus_real_same_support; missing_nulls_preserved
measured,eeg_fnirs_single_trial,measured,S-mean,wrong_subject,24,23,6,0.003482827632005497,0.0010393714025421043,0.006396668363086558,common_success_null_minus_real_same_support; missing_nulls_preserved
measured,simultaneous_eeg_nirs,measured,S-mean,wrong_subject,24,17,6,-0.0006836490885067126,-0.004123525245016873,0.0029683665423157132,common_success_null_minus_real_same_support; missing_nulls_preserved
measured,visual_cognitive_motivation,measured,S-mean,wrong_subject,24,22,6,-0.0087505867419145,-0.026628367463247454,0.0003714410295137434,common_success_null_minus_real_same_support; missing_nulls_preserved
synthetic,H0,common_colored,S-mean,wrong_subject,32,32,32,0.2211338325081949,0.17546135458024834,0.26746974448527366,common_success_null_minus_real_same_support; missing_nulls_preserved
synthetic,H0,common_correlated,S-mean,wrong_subject,32,32,32,0.17524459099590464,0.14050685548315184,0.21675171012741637,common_success_null_minus_real_same_support; missing_nulls_preserved
synthetic,H0,donor_contamination,S-mean,wrong_subject,32,0,0,,,,common_success_null_minus_real_same_support; missing_nulls_preserved
synthetic,H0,driver_amplitude,S-mean,wrong_subject,32,0,0,,,,common_success_null_minus_real_same_support; missing_nulls_preserved
synthetic,H0,driver_amplitude_gain,S-mean,wrong_subject,32,0,0,,,,common_success_null_minus_real_same_support; missing_nulls_preserved
synthetic,H0,global_component_only,S-mean,wrong_subject,32,0,0,,,,common_success_null_minus_real_same_support; missing_nulls_preserved
synthetic,H0,shared_neural_only,S-mean,wrong_subject,32,32,32,9.575722726586815e-05,-2.067906557695767e-05,0.00021031398690649945,common_success_null_minus_real_same_support; missing_nulls_preserved
synthetic,H0,target_neural_only,S-mean,wrong_subject,32,0,0,,,,common_success_null_minus_real_same_support; missing_nulls_preserved
synthetic,Hkappa,common_colored,S-mean,wrong_subject,32,32,32,0.20931732618250048,0.16653590034855245,0.25291048174525277,common_success_null_minus_real_same_support; missing_nulls_preserved
synthetic,Hkappa,common_correlated,S-mean,wrong_subject,32,32,32,0.14587115365864997,0.11695545378318145,0.17906462023525999,common_success_null_minus_real_same_support; missing_nulls_preserved
synthetic,Hkappa,donor_contamination,S-mean,wrong_subject,32,0,0,,,,common_success_null_minus_real_same_support; missing_nulls_preserved
synthetic,Hkappa,driver_amplitude,S-mean,wrong_subject,32,0,0,,,,common_success_null_minus_real_same_support; missing_nulls_preserved
synthetic,Hkappa,driver_amplitude_gain,S-mean,wrong_subject,32,0,0,,,,common_success_null_minus_real_same_support; missing_nulls_preserved
synthetic,Hkappa,global_component_only,S-mean,wrong_subject,32,0,0,,,,common_success_null_minus_real_same_support; missing_nulls_preserved
synthetic,Hkappa,shared_neural_only,S-mean,wrong_subject,32,32,32,0.0036347749611398226,0.002694571461102483,0.004645384889580265,common_success_null_minus_real_same_support; missing_nulls_preserved
synthetic,Hkappa,target_neural_only,S-mean,wrong_subject,32,0,0,,,,common_success_null_minus_real_same_support; missing_nulls_preserved
synthetic,Htau,common_colored,S-mean,wrong_subject,32,32,32,0.23603095728608417,0.18602807714183495,0.28986788722830537,common_success_null_minus_real_same_support; missing_nulls_preserved
synthetic,Htau,common_correlated,S-mean,wrong_subject,32,32,32,0.19139614900263258,0.15651612674726711,0.2315344191731624,common_success_null_minus_real_same_support; missing_nulls_preserved
synthetic,Htau,donor_contamination,S-mean,wrong_subject,32,0,0,,,,common_success_null_minus_real_same_support; missing_nulls_preserved
synthetic,Htau,driver_amplitude,S-mean,wrong_subject,32,0,0,,,,common_success_null_minus_real_same_support; missing_nulls_preserved
synthetic,Htau,driver_amplitude_gain,S-mean,wrong_subject,32,0,0,,,,common_success_null_minus_real_same_support; missing_nulls_preserved
synthetic,Htau,global_component_only,S-mean,wrong_subject,32,0,0,,,,common_success_null_minus_real_same_support; missing_nulls_preserved
synthetic,Htau,shared_neural_only,S-mean,wrong_subject,32,32,32,0.03288520070226456,0.025015345133096605,0.04090161114749811,common_success_null_minus_real_same_support; missing_nulls_preserved
synthetic,Htau,target_neural_only,S-mean,wrong_subject,32,0,0,,,,common_success_null_minus_real_same_support; missing_nulls_preserved
synthetic,Htau_kappa,common_colored,S-mean,wrong_subject,32,32,32,0.2138123889623037,0.1695307695405156,0.2621169625808769,common_success_null_minus_real_same_support; missing_nulls_preserved
synthetic,Htau_kappa,common_correlated,S-mean,wrong_subject,32,32,32,0.13906255703145554,0.11201615139764673,0.16911238729033762,common_success_null_minus_real_same_support; missing_nulls_preserved
synthetic,Htau_kappa,donor_contamination,S-mean,wrong_subject,32,0,0,,,,common_success_null_minus_real_same_support; missing_nulls_preserved
synthetic,Htau_kappa,driver_amplitude,S-mean,wrong_subject,32,0,0,,,,common_success_null_minus_real_same_support; missing_nulls_preserved
synthetic,Htau_kappa,driver_amplitude_gain,S-mean,wrong_subject,32,0,0,,,,common_success_null_minus_real_same_support; missing_nulls_preserved
synthetic,Htau_kappa,global_component_only,S-mean,wrong_subject,32,0,0,,,,common_success_null_minus_real_same_support; missing_nulls_preserved
synthetic,Htau_kappa,shared_neural_only,S-mean,wrong_subject,32,32,32,0.019570040374504945,0.01508786961392826,0.02403583968174308,common_success_null_minus_real_same_support; missing_nulls_preserved
synthetic,Htau_kappa,target_neural_only,S-mean,wrong_subject,32,0,0,,,,common_success_null_minus_real_same_support; missing_nulls_preserved
measured,eeg_fnirs_single_trial,measured,S-mean,nonwrapping_shift_12s,24,23,6,0.011554070356678244,0.003025620916343523,0.02204012766212773,common_success_null_minus_real_same_support; missing_nulls_preserved
measured,simultaneous_eeg_nirs,measured,S-mean,nonwrapping_shift_12s,24,24,6,0.001922589231971198,-0.0025798073487371628,0.0055460494866373415,common_success_null_minus_real_same_support; missing_nulls_preserved
measured,visual_cognitive_motivation,measured,S-mean,nonwrapping_shift_12s,24,22,6,0.010656905851505019,-0.00326008238865289,0.0329104830642715,common_success_null_minus_real_same_support; missing_nulls_preserved
synthetic,H0,common_colored,S-mean,nonwrapping_shift_12s,32,32,32,0.31411821988377603,0.19193486752187253,0.4393209940291077,common_success_null_minus_real_same_support; missing_nulls_preserved
synthetic,H0,common_correlated,S-mean,nonwrapping_shift_12s,32,32,32,0.41966206316850113,0.3271219647958195,0.5109890444020372,common_success_null_minus_real_same_support; missing_nulls_preserved
synthetic,H0,donor_contamination,S-mean,nonwrapping_shift_12s,32,25,25,0.10437852260996965,0.04007385860416579,0.17183723770379242,common_success_null_minus_real_same_support; missing_nulls_preserved
synthetic,H0,driver_amplitude,S-mean,nonwrapping_shift_12s,32,32,32,0.0003112055524998889,-7.932735921798516e-05,0.0006751075514059146,common_success_null_minus_real_same_support; missing_nulls_preserved
synthetic,H0,driver_amplitude_gain,S-mean,nonwrapping_shift_12s,32,32,32,0.002971480179992687,0.00030372388614461997,0.00557557600966803,common_success_null_minus_real_same_support; missing_nulls_preserved
synthetic,H0,global_component_only,S-mean,nonwrapping_shift_12s,32,32,32,0.32179912057469595,0.20046878795622639,0.44478902708448587,common_success_null_minus_real_same_support; missing_nulls_preserved
synthetic,H0,shared_neural_only,S-mean,nonwrapping_shift_12s,32,32,32,0.00020577073305150782,-0.00011628287732692871,0.0005095393892378527,common_success_null_minus_real_same_support; missing_nulls_preserved
synthetic,H0,target_neural_only,S-mean,nonwrapping_shift_12s,32,32,32,0.00023430517930758741,-8.28268959241044e-05,0.0005269884226097262,common_success_null_minus_real_same_support; missing_nulls_preserved
synthetic,Hkappa,common_colored,S-mean,nonwrapping_shift_12s,32,32,32,0.29115117230307797,0.18041329186872757,0.40636421560461966,common_success_null_minus_real_same_support; missing_nulls_preserved
synthetic,Hkappa,common_correlated,S-mean,nonwrapping_shift_12s,32,32,32,0.4049022433667123,0.31639526424620185,0.4965153641932603,common_success_null_minus_real_same_support; missing_nulls_preserved
synthetic,Hkappa,donor_contamination,S-mean,nonwrapping_shift_12s,32,23,23,0.09927952962299329,0.04721417686171134,0.16534786008409194,common_success_null_minus_real_same_support; missing_nulls_preserved
synthetic,Hkappa,driver_amplitude,S-mean,nonwrapping_shift_12s,32,32,32,0.0022913435299141372,-0.00040211823505483885,0.004895054389625798,common_success_null_minus_real_same_support; missing_nulls_preserved
synthetic,Hkappa,driver_amplitude_gain,S-mean,nonwrapping_shift_12s,32,32,32,0.0002237949084891908,-0.0021588734064448825,0.002684636111767256,common_success_null_minus_real_same_support; missing_nulls_preserved
synthetic,Hkappa,global_component_only,S-mean,nonwrapping_shift_12s,32,32,32,0.3140255598106234,0.1960079615297236,0.4335518704124621,common_success_null_minus_real_same_support; missing_nulls_preserved
synthetic,Hkappa,shared_neural_only,S-mean,nonwrapping_shift_12s,32,32,32,0.001751304019389006,-0.00015192680458452374,0.003640996183125319,common_success_null_minus_real_same_support; missing_nulls_preserved
synthetic,Hkappa,target_neural_only,S-mean,nonwrapping_shift_12s,32,32,32,0.0016361944918298309,-0.000249307017950558,0.003530839575603463,common_success_null_minus_real_same_support; missing_nulls_preserved
synthetic,Htau,common_colored,S-mean,nonwrapping_shift_12s,32,32,32,0.3305193103514506,0.20999787564504216,0.45367579504961053,common_success_null_minus_real_same_support; missing_nulls_preserved
synthetic,Htau,common_correlated,S-mean,nonwrapping_shift_12s,32,32,32,0.5098419249090593,0.4039159386386702,0.6152595394041341,common_success_null_minus_real_same_support; missing_nulls_preserved
synthetic,Htau,donor_contamination,S-mean,nonwrapping_shift_12s,32,23,23,0.09190436576563796,0.040822573969432126,0.14587485882740756,common_success_null_minus_real_same_support; missing_nulls_preserved
synthetic,Htau,driver_amplitude,S-mean,nonwrapping_shift_12s,32,32,32,0.05471842597180129,0.035388765303574043,0.07264433249000496,common_success_null_minus_real_same_support; missing_nulls_preserved
synthetic,Htau,driver_amplitude_gain,S-mean,nonwrapping_shift_12s,32,32,32,0.0854718015239622,0.05680095030566616,0.1164363326089533,common_success_null_minus_real_same_support; missing_nulls_preserved
synthetic,Htau,global_component_only,S-mean,nonwrapping_shift_12s,32,32,32,0.33699077614861517,0.2113916076092944,0.4636164166974646,common_success_null_minus_real_same_support; missing_nulls_preserved
synthetic,Htau,shared_neural_only,S-mean,nonwrapping_shift_12s,32,32,32,0.03313434117629542,0.018473583910951552,0.04730992626172006,common_success_null_minus_real_same_support; missing_nulls_preserved
synthetic,Htau,target_neural_only,S-mean,nonwrapping_shift_12s,32,32,32,0.034472605276533765,0.02108477084136797,0.04685618234315242,common_success_null_minus_real_same_support; missing_nulls_preserved
synthetic,Htau_kappa,common_colored,S-mean,nonwrapping_shift_12s,32,32,32,0.3001770688921517,0.19021984022994914,0.41419962562387885,common_success_null_minus_real_same_support; missing_nulls_preserved
synthetic,Htau_kappa,common_correlated,S-mean,nonwrapping_shift_12s,32,32,32,0.4403727754393607,0.34276673713511585,0.5396936556492902,common_success_null_minus_real_same_support; missing_nulls_preserved
synthetic,Htau_kappa,donor_contamination,S-mean,nonwrapping_shift_12s,32,22,22,0.10311652862572913,0.05157515214901496,0.15808381151051437,common_success_null_minus_real_same_support; missing_nulls_preserved
synthetic,Htau_kappa,driver_amplitude,S-mean,nonwrapping_shift_12s,32,32,32,0.03177378676770988,0.022252371628909157,0.04073841395314298,common_success_null_minus_real_same_support; missing_nulls_preserved
synthetic,Htau_kappa,driver_amplitude_gain,S-mean,nonwrapping_shift_12s,32,32,32,0.05074630813938404,0.03177643518404478,0.07130091500780128,common_success_null_minus_real_same_support; missing_nulls_preserved
synthetic,Htau_kappa,global_component_only,S-mean,nonwrapping_shift_12s,32,32,32,0.33123655150584064,0.20768295246320892,0.4548464668963373,common_success_null_minus_real_same_support; missing_nulls_preserved
synthetic,Htau_kappa,shared_neural_only,S-mean,nonwrapping_shift_12s,32,32,32,0.01969206650370744,0.012459909475605255,0.02663966032243186,common_success_null_minus_real_same_support; missing_nulls_preserved
synthetic,Htau_kappa,target_neural_only,S-mean,nonwrapping_shift_12s,32,32,32,0.02011528311876705,0.013840317806860595,0.026060401184341782,common_success_null_minus_real_same_support; missing_nulls_preserved
measured,eeg_fnirs_single_trial,measured,spatial_ridge,wrong_subject,24,24,6,0.10129003150469618,0.03556949907730118,0.16784730990881028,common_success_null_minus_real_same_support; missing_nulls_preserved
measured,simultaneous_eeg_nirs,measured,spatial_ridge,wrong_subject,24,17,6,0.09330475916680019,-0.0684173313785179,0.20205328034295456,common_success_null_minus_real_same_support; missing_nulls_preserved
measured,visual_cognitive_motivation,measured,spatial_ridge,wrong_subject,24,24,6,-1.3742821852884937,-4.450179412932417,0.21585968937851274,common_success_null_minus_real_same_support; missing_nulls_preserved
synthetic,H0,common_colored,spatial_ridge,wrong_subject,32,32,32,1.3649815513614918,1.2454339019674017,1.4818424679154465,common_success_null_minus_real_same_support; missing_nulls_preserved
synthetic,H0,common_correlated,spatial_ridge,wrong_subject,32,32,32,1.3700552677295015,1.2335822700757988,1.4992193174072208,common_success_null_minus_real_same_support; missing_nulls_preserved
synthetic,H0,donor_contamination,spatial_ridge,wrong_subject,32,0,0,,,,common_success_null_minus_real_same_support; missing_nulls_preserved
synthetic,H0,driver_amplitude,spatial_ridge,wrong_subject,32,0,0,,,,common_success_null_minus_real_same_support; missing_nulls_preserved
synthetic,H0,driver_amplitude_gain,spatial_ridge,wrong_subject,32,0,0,,,,common_success_null_minus_real_same_support; missing_nulls_preserved
synthetic,H0,global_component_only,spatial_ridge,wrong_subject,32,0,0,,,,common_success_null_minus_real_same_support; missing_nulls_preserved
synthetic,H0,shared_neural_only,spatial_ridge,wrong_subject,32,32,32,0.904303149404373,0.8116400313718528,0.9925991445193149,common_success_null_minus_real_same_support; missing_nulls_preserved
synthetic,H0,target_neural_only,spatial_ridge,wrong_subject,32,0,0,,,,common_success_null_minus_real_same_support; missing_nulls_preserved
synthetic,Hkappa,common_colored,spatial_ridge,wrong_subject,32,32,32,1.1470946976442986,1.0246302126456361,1.271877812826162,common_success_null_minus_real_same_support; missing_nulls_preserved
synthetic,Hkappa,common_correlated,spatial_ridge,wrong_subject,32,32,32,1.1246515311857712,1.01392514122269,1.236350029811383,common_success_null_minus_real_same_support; missing_nulls_preserved
synthetic,Hkappa,donor_contamination,spatial_ridge,wrong_subject,32,0,0,,,,common_success_null_minus_real_same_support; missing_nulls_preserved
synthetic,Hkappa,driver_amplitude,spatial_ridge,wrong_subject,32,0,0,,,,common_success_null_minus_real_same_support; missing_nulls_preserved
synthetic,Hkappa,driver_amplitude_gain,spatial_ridge,wrong_subject,32,0,0,,,,common_success_null_minus_real_same_support; missing_nulls_preserved
synthetic,Hkappa,global_component_only,spatial_ridge,wrong_subject,32,0,0,,,,common_success_null_minus_real_same_support; missing_nulls_preserved
synthetic,Hkappa,shared_neural_only,spatial_ridge,wrong_subject,32,32,32,0.5506328544456875,0.48173838959343407,0.6177098728814808,common_success_null_minus_real_same_support; missing_nulls_preserved
synthetic,Hkappa,target_neural_only,spatial_ridge,wrong_subject,32,0,0,,,,common_success_null_minus_real_same_support; missing_nulls_preserved
synthetic,Htau,common_colored,spatial_ridge,wrong_subject,32,32,32,1.2911438608630048,1.1484701065713798,1.4213441192567087,common_success_null_minus_real_same_support; missing_nulls_preserved
synthetic,Htau,common_correlated,spatial_ridge,wrong_subject,32,32,32,1.2562976301769448,1.1229827250548676,1.386458013629019,common_success_null_minus_real_same_support; missing_nulls_preserved
synthetic,Htau,donor_contamination,spatial_ridge,wrong_subject,32,0,0,,,,common_success_null_minus_real_same_support; missing_nulls_preserved
synthetic,Htau,driver_amplitude,spatial_ridge,wrong_subject,32,0,0,,,,common_success_null_minus_real_same_support; missing_nulls_preserved
synthetic,Htau,driver_amplitude_gain,spatial_ridge,wrong_subject,32,0,0,,,,common_success_null_minus_real_same_support; missing_nulls_preserved
synthetic,Htau,global_component_only,spatial_ridge,wrong_subject,32,0,0,,,,common_success_null_minus_real_same_support; missing_nulls_preserved
synthetic,Htau,shared_neural_only,spatial_ridge,wrong_subject,32,32,32,0.7128180377388009,0.6475499824758032,0.7751491190082085,common_success_null_minus_real_same_support; missing_nulls_preserved
synthetic,Htau,target_neural_only,spatial_ridge,wrong_subject,32,0,0,,,,common_success_null_minus_real_same_support; missing_nulls_preserved
synthetic,Htau_kappa,common_colored,spatial_ridge,wrong_subject,32,32,32,1.1648467473451367,1.026324709792186,1.2986541412546329,common_success_null_minus_real_same_support; missing_nulls_preserved
synthetic,Htau_kappa,common_correlated,spatial_ridge,wrong_subject,32,32,32,1.1031347771647644,0.9810503633491038,1.2252328453503896,common_success_null_minus_real_same_support; missing_nulls_preserved
synthetic,Htau_kappa,donor_contamination,spatial_ridge,wrong_subject,32,0,0,,,,common_success_null_minus_real_same_support; missing_nulls_preserved
synthetic,Htau_kappa,driver_amplitude,spatial_ridge,wrong_subject,32,0,0,,,,common_success_null_minus_real_same_support; missing_nulls_preserved
synthetic,Htau_kappa,driver_amplitude_gain,spatial_ridge,wrong_subject,32,0,0,,,,common_success_null_minus_real_same_support; missing_nulls_preserved
synthetic,Htau_kappa,global_component_only,spatial_ridge,wrong_subject,32,0,0,,,,common_success_null_minus_real_same_support; missing_nulls_preserved
synthetic,Htau_kappa,shared_neural_only,spatial_ridge,wrong_subject,32,32,32,0.5006051725173291,0.4416653807373721,0.5615309316493553,common_success_null_minus_real_same_support; missing_nulls_preserved
synthetic,Htau_kappa,target_neural_only,spatial_ridge,wrong_subject,32,0,0,,,,common_success_null_minus_real_same_support; missing_nulls_preserved
measured,eeg_fnirs_single_trial,measured,spatial_ridge,nonwrapping_shift_12s,24,24,6,0.04805345396297872,0.01075003514394669,0.09867266586182145,common_success_null_minus_real_same_support; missing_nulls_preserved
measured,simultaneous_eeg_nirs,measured,spatial_ridge,nonwrapping_shift_12s,24,24,6,0.0833881979403955,0.035260432009945435,0.13665840380590924,common_success_null_minus_real_same_support; missing_nulls_preserved
measured,visual_cognitive_motivation,measured,spatial_ridge,nonwrapping_shift_12s,24,24,6,0.7991496705375454,0.01975044834132626,2.301738211990458,common_success_null_minus_real_same_support; missing_nulls_preserved
synthetic,H0,common_colored,spatial_ridge,nonwrapping_shift_12s,32,32,32,1.3551135439004005,1.2198402210909627,1.4897054146374018,common_success_null_minus_real_same_support; missing_nulls_preserved
synthetic,H0,common_correlated,spatial_ridge,nonwrapping_shift_12s,32,32,32,1.453421694842593,1.3221345695132167,1.5912116414983803,common_success_null_minus_real_same_support; missing_nulls_preserved
synthetic,H0,donor_contamination,spatial_ridge,nonwrapping_shift_12s,32,32,32,1.5703507179126648,1.053805743423024,2.0650177369431657,common_success_null_minus_real_same_support; missing_nulls_preserved
synthetic,H0,driver_amplitude,spatial_ridge,nonwrapping_shift_12s,32,32,32,1.5470266742135266,1.3772026255851655,1.7314259952754278,common_success_null_minus_real_same_support; missing_nulls_preserved
synthetic,H0,driver_amplitude_gain,spatial_ridge,nonwrapping_shift_12s,32,32,32,2.017363830357164,1.7969045958343104,2.252340550300431,common_success_null_minus_real_same_support; missing_nulls_preserved
synthetic,H0,global_component_only,spatial_ridge,nonwrapping_shift_12s,32,32,32,0.791697162641672,0.6839575965671206,0.903073804330028,common_success_null_minus_real_same_support; missing_nulls_preserved
synthetic,H0,shared_neural_only,spatial_ridge,nonwrapping_shift_12s,32,32,32,0.9833540233142276,0.8649314651585849,1.1101176614113,common_success_null_minus_real_same_support; missing_nulls_preserved
synthetic,H0,target_neural_only,spatial_ridge,nonwrapping_shift_12s,32,32,32,0.9955956522597514,0.8765148512384692,1.1242787806100298,common_success_null_minus_real_same_support; missing_nulls_preserved
synthetic,Hkappa,common_colored,spatial_ridge,nonwrapping_shift_12s,32,32,32,1.130043581981273,1.0135883759943323,1.2472484628834497,common_success_null_minus_real_same_support; missing_nulls_preserved
synthetic,Hkappa,common_correlated,spatial_ridge,nonwrapping_shift_12s,32,32,32,1.251233315278914,1.1321249149450394,1.3661472659213494,common_success_null_minus_real_same_support; missing_nulls_preserved
synthetic,Hkappa,donor_contamination,spatial_ridge,nonwrapping_shift_12s,32,32,32,1.4811691040001755,0.9645444771768109,1.9873033903305481,common_success_null_minus_real_same_support; missing_nulls_preserved
synthetic,Hkappa,driver_amplitude,spatial_ridge,nonwrapping_shift_12s,32,32,32,1.035703542276993,0.8933746785717985,1.1719162046093543,common_success_null_minus_real_same_support; missing_nulls_preserved
synthetic,Hkappa,driver_amplitude_gain,spatial_ridge,nonwrapping_shift_12s,32,32,32,1.350606656815668,1.1672290704500319,1.5275249067102399,common_success_null_minus_real_same_support; missing_nulls_preserved
synthetic,Hkappa,global_component_only,spatial_ridge,nonwrapping_shift_12s,32,32,32,0.817178869592783,0.7091886472612723,0.9304433157807562,common_success_null_minus_real_same_support; missing_nulls_preserved
synthetic,Hkappa,shared_neural_only,spatial_ridge,nonwrapping_shift_12s,32,32,32,0.6529256572727157,0.5598356303290841,0.7464342827339295,common_success_null_minus_real_same_support; missing_nulls_preserved
synthetic,Hkappa,target_neural_only,spatial_ridge,nonwrapping_shift_12s,32,32,32,0.6796321710494355,0.5856946724396884,0.7774553423760586,common_success_null_minus_real_same_support; missing_nulls_preserved
synthetic,Htau,common_colored,spatial_ridge,nonwrapping_shift_12s,32,32,32,1.1800196965126877,1.0674663482692697,1.2969180804657037,common_success_null_minus_real_same_support; missing_nulls_preserved
synthetic,Htau,common_correlated,spatial_ridge,nonwrapping_shift_12s,32,32,32,1.3654171961963761,1.2268261433759378,1.5008105458211949,common_success_null_minus_real_same_support; missing_nulls_preserved
synthetic,Htau,donor_contamination,spatial_ridge,nonwrapping_shift_12s,32,32,32,1.593696436266456,1.0411457078864632,2.143393169896696,common_success_null_minus_real_same_support; missing_nulls_preserved
synthetic,Htau,driver_amplitude,spatial_ridge,nonwrapping_shift_12s,32,32,32,1.1612100352811172,1.0219593518538401,1.2940265137783844,common_success_null_minus_real_same_support; missing_nulls_preserved
synthetic,Htau,driver_amplitude_gain,spatial_ridge,nonwrapping_shift_12s,32,32,32,1.5180772418679254,1.3384953397493224,1.6898852287836397,common_success_null_minus_real_same_support; missing_nulls_preserved
synthetic,Htau,global_component_only,spatial_ridge,nonwrapping_shift_12s,32,32,32,0.8099059822777026,0.6999975202931311,0.9179503722479455,common_success_null_minus_real_same_support; missing_nulls_preserved
synthetic,Htau,shared_neural_only,spatial_ridge,nonwrapping_shift_12s,32,32,32,0.731387215264256,0.6352322231874105,0.8238310118729666,common_success_null_minus_real_same_support; missing_nulls_preserved
synthetic,Htau,target_neural_only,spatial_ridge,nonwrapping_shift_12s,32,32,32,0.7594663572278062,0.6636528799272531,0.8563202847875948,common_success_null_minus_real_same_support; missing_nulls_preserved
synthetic,Htau_kappa,common_colored,spatial_ridge,nonwrapping_shift_12s,32,32,32,1.0262966130553322,0.9205287186954583,1.131071334268926,common_success_null_minus_real_same_support; missing_nulls_preserved
synthetic,Htau_kappa,common_correlated,spatial_ridge,nonwrapping_shift_12s,32,32,32,1.2008621440133251,1.0657614458269682,1.3229961893803306,common_success_null_minus_real_same_support; missing_nulls_preserved
synthetic,Htau_kappa,donor_contamination,spatial_ridge,nonwrapping_shift_12s,32,32,32,1.5130719762669265,0.9778219423007446,2.0562710171205834,common_success_null_minus_real_same_support; missing_nulls_preserved
synthetic,Htau_kappa,driver_amplitude,spatial_ridge,nonwrapping_shift_12s,32,32,32,0.7798526912606005,0.6653156351517608,0.8858485285820438,common_success_null_minus_real_same_support; missing_nulls_preserved
synthetic,Htau_kappa,driver_amplitude_gain,spatial_ridge,nonwrapping_shift_12s,32,32,32,1.0206500695731755,0.8717067351885384,1.159637739187906,common_success_null_minus_real_same_support; missing_nulls_preserved
synthetic,Htau_kappa,global_component_only,spatial_ridge,nonwrapping_shift_12s,32,32,32,0.8245385089076396,0.714985792971684,0.9345013244126474,common_success_null_minus_real_same_support; missing_nulls_preserved
synthetic,Htau_kappa,shared_neural_only,spatial_ridge,nonwrapping_shift_12s,32,32,32,0.4847119440807052,0.4103934268751243,0.5566874473201487,common_success_null_minus_real_same_support; missing_nulls_preserved
synthetic,Htau_kappa,target_neural_only,spatial_ridge,nonwrapping_shift_12s,32,32,32,0.508783353037675,0.43361494109544474,0.5821919799844758,common_success_null_minus_real_same_support; missing_nulls_preserved
