dataset,subject,kind,parameter,value,converged,tau,gain,base_tau,base_gain,objective
eeg_fnirs_single_trial,subject_08,fixed_parameter,alpha,0.2,True,1.414181747602464,0.5955401401114409,1.8822243811944301,0.9521120987592779,99.95804798293739
eeg_fnirs_single_trial,subject_08,fixed_parameter,alpha,0.5,True,1.72399060490449,1.1377577531575753,1.8822243811944301,0.9521120987592779,76.17938235945763
eeg_fnirs_single_trial,subject_08,fixed_parameter,E0,0.2,True,1.8710356938343669,0.8276815384806997,1.8822243811944301,0.9521120987592779,91.93819123456217
eeg_fnirs_single_trial,subject_08,fixed_parameter,E0,0.5,True,1.6586898712048945,1.1586079923435142,1.8822243811944301,0.9521120987592779,85.74375060812838
eeg_fnirs_single_trial,subject_08,fixed_parameter,gamma,0.2,True,1.9090931780974534,0.8516399046317661,1.8822243811944301,0.9521120987592779,91.87754647484624
eeg_fnirs_single_trial,subject_08,fixed_parameter,gamma,0.5,True,2.370831514113177,1.3432054680990237,1.8822243811944301,0.9521120987592779,90.78246838164847
eeg_fnirs_single_trial,subject_08,logflow_penalty,flow_weight,0.1,False,1.8826282531451095,0.9412037980019142,1.8822243811944301,0.9521120987592779,89.40820913784695
eeg_fnirs_single_trial,subject_08,logflow_penalty,flow_weight,1.0,False,1.8822243811944301,0.9521120987592779,1.8822243811944301,0.9521120987592779,89.93655265788328
eeg_fnirs_single_trial,subject_08,logflow_penalty,flow_weight,4.0,True,1.8352643136190614,0.9438740127203095,1.8822243811944301,0.9521120987592779,90.88549738305636
eeg_fnirs_single_trial,subject_19,fixed_parameter,alpha,0.2,True,4.084077688082427,0.10000000000000002,3.698496067534147,0.10000000000000002,78.37998288733641
eeg_fnirs_single_trial,subject_19,fixed_parameter,alpha,0.5,True,3.1075220276304103,0.10000000000000002,3.698496067534147,0.10000000000000002,65.35383214865475
eeg_fnirs_single_trial,subject_19,fixed_parameter,E0,0.2,True,3.741939520521456,0.10000000000000002,3.698496067534147,0.10000000000000002,73.17443422773752
eeg_fnirs_single_trial,subject_19,fixed_parameter,E0,0.5,True,3.5995312951925644,0.10000000000000002,3.698496067534147,0.10000000000000002,69.90083398480292
eeg_fnirs_single_trial,subject_19,fixed_parameter,gamma,0.2,True,3.460326373702126,0.10000000000000002,3.698496067534147,0.10000000000000002,70.74874698031039
eeg_fnirs_single_trial,subject_19,fixed_parameter,gamma,0.5,True,3.959052786261797,0.10000000000000002,3.698496067534147,0.10000000000000002,77.60537368852391
eeg_fnirs_single_trial,subject_19,logflow_penalty,flow_weight,0.1,True,3.6835980049243577,0.10000000000000002,3.698496067534147,0.10000000000000002,71.7516582628916
eeg_fnirs_single_trial,subject_19,logflow_penalty,flow_weight,1.0,True,3.698496067534147,0.10000000000000002,3.698496067534147,0.10000000000000002,72.05698331538979
eeg_fnirs_single_trial,subject_19,logflow_penalty,flow_weight,4.0,True,3.7192582243811456,0.10000000000000002,3.698496067534147,0.10000000000000002,72.63170290825653
eeg_fnirs_single_trial,subject_28,fixed_parameter,alpha,0.2,True,4.110232191618577,0.8551831931021906,3.410648481246194,0.8329527937879444,68.80211087479783
eeg_fnirs_single_trial,subject_28,fixed_parameter,alpha,0.5,True,2.8322036687895,0.7578946985268359,3.410648481246194,0.8329527937879444,69.55582712639796
eeg_fnirs_single_trial,subject_28,fixed_parameter,E0,0.2,True,3.647684232635185,0.8109621347360315,3.410648481246194,0.8329527937879444,65.21392116687304
eeg_fnirs_single_trial,subject_28,fixed_parameter,E0,0.5,True,2.996495872313637,0.8750623684830162,3.410648481246194,0.8329527937879444,70.13852420427585
eeg_fnirs_single_trial,subject_28,fixed_parameter,gamma,0.2,True,2.413428125438074,0.6549271831313151,3.410648481246194,0.8329527937879444,58.71549468209125
eeg_fnirs_single_trial,subject_28,fixed_parameter,gamma,0.5,True,4.146948991311581,1.0600016788447195,3.410648481246194,0.8329527937879444,81.82503557019209
eeg_fnirs_single_trial,subject_28,logflow_penalty,flow_weight,0.1,True,3.344296891625856,0.829792190784804,3.410648481246194,0.8329527937879444,65.97679758637696
eeg_fnirs_single_trial,subject_28,logflow_penalty,flow_weight,1.0,True,3.410648481246194,0.8329527937879444,3.410648481246194,0.8329527937879444,66.64698399398038
eeg_fnirs_single_trial,subject_28,logflow_penalty,flow_weight,4.0,True,3.457299778024388,0.8198562066270666,3.410648481246194,0.8329527937879444,67.96906760633891
eeg_fnirs_single_trial,subject_11,fixed_parameter,alpha,0.2,True,2.013710646543745,0.10000000000000002,1.7650217498939027,0.10000000000000002,31.310929506670142
eeg_fnirs_single_trial,subject_11,fixed_parameter,alpha,0.5,True,7.999999999999998,0.5312636030639437,1.7650217498939027,0.10000000000000002,31.11710347007885
eeg_fnirs_single_trial,subject_11,fixed_parameter,E0,0.2,True,1.8342693822198597,0.10000000000000002,1.7650217498939027,0.10000000000000002,30.87540189928953
eeg_fnirs_single_trial,subject_11,fixed_parameter,E0,0.5,True,1.6372703248418008,0.10000000000000002,1.7650217498939027,0.10000000000000002,30.633188322760397
eeg_fnirs_single_trial,subject_11,fixed_parameter,gamma,0.2,True,7.999999999999998,0.4687872850225742,1.7650217498939027,0.10000000000000002,29.416798460585312
eeg_fnirs_single_trial,subject_11,fixed_parameter,gamma,0.5,True,1.8566653037397012,0.10000000000000002,1.7650217498939027,0.10000000000000002,30.284901683438648
eeg_fnirs_single_trial,subject_11,logflow_penalty,flow_weight,0.1,True,1.7765706271476365,0.10000000000000002,1.7650217498939027,0.10000000000000002,30.700466762863606
eeg_fnirs_single_trial,subject_11,logflow_penalty,flow_weight,1.0,True,1.7650217498939027,0.10000000000000002,1.7650217498939027,0.10000000000000002,30.777810652628936
eeg_fnirs_single_trial,subject_11,logflow_penalty,flow_weight,4.0,True,1.7496952817485087,0.10000000000000002,1.7650217498939027,0.10000000000000002,30.903098686762128
eeg_fnirs_single_trial,subject_05,fixed_parameter,alpha,0.2,True,2.3606030161500042,0.16341856992665996,1.8755448343690546,0.214511845231491,260.51614192328293
eeg_fnirs_single_trial,subject_05,fixed_parameter,alpha,0.5,True,1.272425475675914,0.2519037555028472,1.8755448343690546,0.214511845231491,217.6094173611114
eeg_fnirs_single_trial,subject_05,fixed_parameter,E0,0.2,True,1.9855680725926532,0.190981999295936,1.8755448343690546,0.214511845231491,243.06797677495422
eeg_fnirs_single_trial,subject_05,fixed_parameter,E0,0.5,True,1.6382839508003495,0.2674371981964456,1.8755448343690546,0.214511845231491,234.56726887480994
eeg_fnirs_single_trial,subject_05,fixed_parameter,gamma,0.2,True,1.6477637015259234,0.10722654729066493,1.8755448343690546,0.214511845231491,269.81745581587546
eeg_fnirs_single_trial,subject_05,fixed_parameter,gamma,0.5,True,2.5594942055799925,0.3922903887726467,1.8755448343690546,0.214511845231491,230.84197925807848
eeg_fnirs_single_trial,subject_05,logflow_penalty,flow_weight,0.1,True,1.8509145838855388,0.22294063658322122,1.8755448343690546,0.214511845231491,239.0767112820386
eeg_fnirs_single_trial,subject_05,logflow_penalty,flow_weight,1.0,True,1.8755448343690546,0.214511845231491,1.8755448343690546,0.214511845231491,240.25240538149964
eeg_fnirs_single_trial,subject_05,logflow_penalty,flow_weight,4.0,True,1.907545773773091,0.2029433823003639,1.8755448343690546,0.214511845231491,242.29952422191505
eeg_fnirs_single_trial,subject_24,fixed_parameter,alpha,0.2,True,7.999999999999998,5.838353660103102,4.634907180938193,3.481694839597549,140.6448018088148
eeg_fnirs_single_trial,subject_24,fixed_parameter,alpha,0.5,True,2.2039860161878932,1.8123734193480918,4.634907180938193,3.481694839597549,112.83463359892741
eeg_fnirs_single_trial,subject_24,fixed_parameter,E0,0.2,True,5.4429658613127465,3.8113974779970756,4.634907180938193,3.481694839597549,125.84107870148401
eeg_fnirs_single_trial,subject_24,fixed_parameter,E0,0.5,True,3.249440221278019,2.867535349743937,4.634907180938193,3.481694839597549,118.19850431632278
eeg_fnirs_single_trial,subject_24,fixed_parameter,gamma,0.2,True,4.092295994392997,3.6419007302577606,4.634907180938193,3.481694839597549,138.92363722165368
eeg_fnirs_single_trial,subject_24,fixed_parameter,gamma,0.5,True,5.187828884436525,4.3570173692401735,4.634907180938193,3.481694839597549,111.45556681228621
eeg_fnirs_single_trial,subject_24,logflow_penalty,flow_weight,0.1,True,4.982948822458734,3.909655553857431,4.634907180938193,3.481694839597549,121.27337188886929
eeg_fnirs_single_trial,subject_24,logflow_penalty,flow_weight,1.0,True,4.634907180938193,3.481694839597549,4.634907180938193,3.481694839597549,123.46098145011484
eeg_fnirs_single_trial,subject_24,logflow_penalty,flow_weight,4.0,True,3.9689914988175716,2.762002788044718,4.634907180938193,3.481694839597549,128.2894118433896
simultaneous_eeg_nirs,VP009,fixed_parameter,alpha,0.2,True,2.9151972577984377,0.10000000000000002,2.409207595249816,0.10000000000000002,19.65891975842214
simultaneous_eeg_nirs,VP009,fixed_parameter,alpha,0.5,True,1.8830956414717186,0.10000000000000002,2.409207595249816,0.10000000000000002,19.397179922248014
simultaneous_eeg_nirs,VP009,fixed_parameter,E0,0.2,True,2.549758277877749,0.10000000000000002,2.409207595249816,0.10000000000000002,19.060537580179627
simultaneous_eeg_nirs,VP009,fixed_parameter,E0,0.5,True,2.156760319707298,0.10000000000000002,2.409207595249816,0.10000000000000002,19.410872379080647
simultaneous_eeg_nirs,VP009,fixed_parameter,gamma,0.2,True,1.8226847325180537,0.10000000000000002,2.409207595249816,0.10000000000000002,18.57602787052252
simultaneous_eeg_nirs,VP009,fixed_parameter,gamma,0.5,True,3.0187292410682964,0.10000000000000002,2.409207595249816,0.10000000000000002,22.01864036743532
simultaneous_eeg_nirs,VP009,logflow_penalty,flow_weight,0.1,True,2.450192512324047,0.10000000000000002,2.409207595249816,0.10000000000000002,19.00850573535909
simultaneous_eeg_nirs,VP009,logflow_penalty,flow_weight,1.0,True,2.409207595249816,0.10000000000000002,2.409207595249816,0.10000000000000002,19.146709200660332
simultaneous_eeg_nirs,VP009,logflow_penalty,flow_weight,4.0,True,2.3561809880565128,0.10000000000000002,2.409207595249816,0.10000000000000002,19.368882506767772
simultaneous_eeg_nirs,VP020,fixed_parameter,alpha,0.2,True,7.999999999999998,10.000000000000002,7.999999999999998,10.000000000000002,225.05193997323474
simultaneous_eeg_nirs,VP020,fixed_parameter,alpha,0.5,True,7.798505190094115,10.000000000000002,7.999999999999998,10.000000000000002,101.9839661738646
simultaneous_eeg_nirs,VP020,fixed_parameter,E0,0.2,True,7.999999999999998,10.000000000000002,7.999999999999998,10.000000000000002,168.56875293655233
simultaneous_eeg_nirs,VP020,fixed_parameter,E0,0.5,True,7.999999999999998,10.000000000000002,7.999999999999998,10.000000000000002,135.79637470828186
simultaneous_eeg_nirs,VP020,fixed_parameter,gamma,0.2,True,7.999999999999998,10.000000000000002,7.999999999999998,10.000000000000002,147.69146752225782
simultaneous_eeg_nirs,VP020,fixed_parameter,gamma,0.5,True,7.999999999999998,10.000000000000002,7.999999999999998,10.000000000000002,168.74838552680512
simultaneous_eeg_nirs,VP020,logflow_penalty,flow_weight,0.1,True,7.999999999999998,10.000000000000002,7.999999999999998,10.000000000000002,131.50869665103104
simultaneous_eeg_nirs,VP020,logflow_penalty,flow_weight,1.0,True,7.999999999999998,10.000000000000002,7.999999999999998,10.000000000000002,151.6914993330711
simultaneous_eeg_nirs,VP020,logflow_penalty,flow_weight,4.0,True,7.999999999999998,10.000000000000002,7.999999999999998,10.000000000000002,184.46537017825514
simultaneous_eeg_nirs,VP013,fixed_parameter,alpha,0.2,True,7.999999999999998,5.191425056839749,5.145117436985374,4.247336147696122,66.3985980474874
simultaneous_eeg_nirs,VP013,fixed_parameter,alpha,0.5,True,1.883998007632665,2.499909820849164,5.145117436985374,4.247336147696122,45.91353302476244
simultaneous_eeg_nirs,VP013,fixed_parameter,E0,0.2,True,7.02641162462126,5.0776633579686035,5.145117436985374,4.247336147696122,54.953869912177495
simultaneous_eeg_nirs,VP013,fixed_parameter,E0,0.5,True,2.731673415299565,3.1312422543794587,5.145117436985374,4.247336147696122,54.347306595243516
simultaneous_eeg_nirs,VP013,fixed_parameter,gamma,0.2,True,5.125425726364615,3.881734437657024,5.145117436985374,4.247336147696122,56.887907040286194
simultaneous_eeg_nirs,VP013,fixed_parameter,gamma,0.5,True,5.0679616904369915,4.737692510916364,5.145117436985374,4.247336147696122,55.8674920320455
simultaneous_eeg_nirs,VP013,logflow_penalty,flow_weight,0.1,True,6.035707252533037,5.206562620173726,5.145117436985374,4.247336147696122,53.94039083382373
simultaneous_eeg_nirs,VP013,logflow_penalty,flow_weight,1.0,True,5.145117436985374,4.247336147696122,5.145117436985374,4.247336147696122,55.503816132404395
simultaneous_eeg_nirs,VP013,logflow_penalty,flow_weight,4.0,True,4.094529266461093,3.248447656016671,5.145117436985374,4.247336147696122,58.307427417318635
simultaneous_eeg_nirs,VP019,fixed_parameter,alpha,0.2,True,3.0795491780709905,0.8771278318990923,2.160593995657796,0.8371594076139596,16.324863766183018
simultaneous_eeg_nirs,VP019,fixed_parameter,alpha,0.5,True,1.497538714609709,0.840712385754927,2.160593995657796,0.8371594076139596,11.664559719716474
simultaneous_eeg_nirs,VP019,fixed_parameter,E0,0.2,True,2.4732912104345415,0.7954016460370502,2.160593995657796,0.8371594076139596,14.534478224701411
simultaneous_eeg_nirs,VP019,fixed_parameter,E0,0.5,True,1.6845700511799022,0.9482980303957946,2.160593995657796,0.8371594076139596,13.893750477793056
simultaneous_eeg_nirs,VP019,fixed_parameter,gamma,0.2,True,1.5383912073070563,0.622809147362668,2.160593995657796,0.8371594076139596,15.443534294171839
simultaneous_eeg_nirs,VP019,fixed_parameter,gamma,0.5,True,2.9870059356210183,1.2984030494652303,2.160593995657796,0.8371594076139596,14.074633656318992
simultaneous_eeg_nirs,VP019,logflow_penalty,flow_weight,0.1,True,2.2101987387857878,0.8562802035398425,2.160593995657796,0.8371594076139596,14.275535202753428
simultaneous_eeg_nirs,VP019,logflow_penalty,flow_weight,1.0,True,2.160593995657796,0.8371594076139596,2.160593995657796,0.8371594076139596,14.39439607271208
simultaneous_eeg_nirs,VP019,logflow_penalty,flow_weight,4.0,True,2.0837853126247667,0.8082102549991848,2.160593995657796,0.8371594076139596,14.626315002105661
simultaneous_eeg_nirs,VP006,fixed_parameter,alpha,0.2,True,1.2870130842954122,0.46819942394870856,6.145216839685082,0.10000000000000002,65.8041557262457
simultaneous_eeg_nirs,VP006,fixed_parameter,alpha,0.5,True,4.717885059223589,0.10000000000000002,6.145216839685082,0.10000000000000002,67.62801504271985
simultaneous_eeg_nirs,VP006,fixed_parameter,E0,0.2,True,6.338869565820014,0.10000000000000002,6.145216839685082,0.10000000000000002,64.67678117209832
simultaneous_eeg_nirs,VP006,fixed_parameter,E0,0.5,True,5.7214268227917735,0.10000000000000002,6.145216839685082,0.10000000000000002,63.34481545372617
simultaneous_eeg_nirs,VP006,fixed_parameter,gamma,0.2,True,5.840091292796083,0.10000000000000002,6.145216839685082,0.10000000000000002,63.1710525768835
simultaneous_eeg_nirs,VP006,fixed_parameter,gamma,0.5,True,6.266502472874133,0.10000000000000002,6.145216839685082,0.10000000000000002,68.43853308161745
simultaneous_eeg_nirs,VP006,logflow_penalty,flow_weight,0.1,True,6.508413593817058,0.10000000000000002,6.145216839685082,0.10000000000000002,62.87154347348233
simultaneous_eeg_nirs,VP006,logflow_penalty,flow_weight,1.0,True,6.145216839685082,0.10000000000000002,6.145216839685082,0.10000000000000002,64.19883759143576
simultaneous_eeg_nirs,VP006,logflow_penalty,flow_weight,4.0,True,5.748892255131489,0.10000000000000002,6.145216839685082,0.10000000000000002,66.15415740570454
simultaneous_eeg_nirs,VP003,fixed_parameter,alpha,0.2,True,7.999999999999998,10.000000000000002,1.7293783481603682,6.975486291017258,205.8247039537663
simultaneous_eeg_nirs,VP003,fixed_parameter,alpha,0.5,True,0.5,5.155766657546638,1.7293783481603682,6.975486291017258,89.52565964486465
simultaneous_eeg_nirs,VP003,fixed_parameter,E0,0.2,True,7.999999999999998,10.000000000000002,1.7293783481603682,6.975486291017258,168.80930676073623
simultaneous_eeg_nirs,VP003,fixed_parameter,E0,0.5,True,0.7951693754985452,5.7913426657852725,1.7293783481603682,6.975486291017258,145.64212525169606
simultaneous_eeg_nirs,VP003,fixed_parameter,gamma,0.2,True,1.6333308404089482,5.65805497964331,1.7293783481603682,6.975486291017258,170.91753101459912
simultaneous_eeg_nirs,VP003,fixed_parameter,gamma,0.5,True,1.764331522140669,9.092026260945525,1.7293783481603682,6.975486291017258,164.78527632736666
simultaneous_eeg_nirs,VP003,logflow_penalty,flow_weight,0.1,True,2.52435176279178,10.000000000000002,1.7293783481603682,6.975486291017258,161.31432064502513
simultaneous_eeg_nirs,VP003,logflow_penalty,flow_weight,1.0,True,1.7293783481603682,6.975486291017258,1.7293783481603682,6.975486291017258,167.2241668254077
simultaneous_eeg_nirs,VP003,logflow_penalty,flow_weight,4.0,True,1.313240451795851,4.637991908261849,1.7293783481603682,6.975486291017258,173.27012989230428
visual_cognitive_motivation,S13,fixed_parameter,alpha,0.2,True,2.4384030349578114,0.10796046214209265,2.339339533480057,0.10000000000000002,18.891251058381023
visual_cognitive_motivation,S13,fixed_parameter,alpha,0.5,True,2.345324379866997,0.10000000000000002,2.339339533480057,0.10000000000000002,20.31175565242489
visual_cognitive_motivation,S13,fixed_parameter,E0,0.2,True,2.4091663299309514,0.10000000000000002,2.339339533480057,0.10000000000000002,18.87975486965114
visual_cognitive_motivation,S13,fixed_parameter,E0,0.5,True,2.223148667194602,0.10000000000000002,2.339339533480057,0.10000000000000002,20.041898591013414
visual_cognitive_motivation,S13,fixed_parameter,gamma,0.2,True,1.8322604694387299,0.12077329476771904,2.339339533480057,0.10000000000000002,17.589780959163974
visual_cognitive_motivation,S13,fixed_parameter,gamma,0.5,True,3.0030647021809385,0.10000000000000002,2.339339533480057,0.10000000000000002,21.42663459019562
visual_cognitive_motivation,S13,logflow_penalty,flow_weight,0.1,False,2.3712307150301437,0.10000000000000002,2.339339533480057,0.10000000000000002,19.069269863839786
visual_cognitive_motivation,S13,logflow_penalty,flow_weight,1.0,True,2.339339533480057,0.10000000000000002,2.339339533480057,0.10000000000000002,19.252516930571694
visual_cognitive_motivation,S13,logflow_penalty,flow_weight,4.0,True,2.2974193550186466,0.10000000000000002,2.339339533480057,0.10000000000000002,19.516412093927126
visual_cognitive_motivation,S06,fixed_parameter,alpha,0.2,True,2.21652004743032,2.303414360137836,1.3504035070944056,1.7385893695094299,40.35502057011297
visual_cognitive_motivation,S06,fixed_parameter,alpha,0.5,True,0.8623548991196122,1.3689800300368347,1.3504035070944056,1.7385893695094299,40.655544246873035
visual_cognitive_motivation,S06,fixed_parameter,E0,0.2,True,1.5105130406364498,1.7017972597410909,1.3504035070944056,1.7385893695094299,35.4687031797393
visual_cognitive_motivation,S06,fixed_parameter,E0,0.5,True,1.0903908652116017,1.848703777892688,1.3504035070944056,1.7385893695094299,35.381996126627186
visual_cognitive_motivation,S06,fixed_parameter,gamma,0.2,True,1.1646320632671434,1.6995369894231498,1.3504035070944056,1.7385893695094299,37.693672643733954
visual_cognitive_motivation,S06,fixed_parameter,gamma,0.5,True,1.778874323845474,2.25482529675168,1.3504035070944056,1.7385893695094299,36.484822363517374
visual_cognitive_motivation,S06,logflow_penalty,flow_weight,0.1,True,1.3846471873417676,1.784189246318386,1.3504035070944056,1.7385893695094299,34.601518705466
visual_cognitive_motivation,S06,logflow_penalty,flow_weight,1.0,True,1.3504035070944056,1.7385893695094299,1.3504035070944056,1.7385893695094299,35.111800641179876
visual_cognitive_motivation,S06,logflow_penalty,flow_weight,4.0,True,1.2846637066186137,1.6604865598538667,1.3504035070944056,1.7385893695094299,36.21592440231358
visual_cognitive_motivation,S05,fixed_parameter,alpha,0.2,True,1.833049923773573,2.24751511610308,1.3641704793417242,1.9462104680250405,38.88219641008363
visual_cognitive_motivation,S05,fixed_parameter,alpha,0.5,True,1.2177625129153826,1.5912331609621888,1.3641704793417242,1.9462104680250405,82.17809864547651
visual_cognitive_motivation,S05,fixed_parameter,E0,0.2,True,1.480845932415521,1.850939520434258,1.3641704793417242,1.9462104680250405,46.62172867192229
visual_cognitive_motivation,S05,fixed_parameter,E0,0.5,True,1.1937300883343624,2.160332703976278,1.3641704793417242,1.9462104680250405,61.54578109622698
visual_cognitive_motivation,S05,fixed_parameter,gamma,0.2,True,1.2401133736195493,1.7378117130773665,1.3641704793417242,1.9462104680250405,43.56401265569069
visual_cognitive_motivation,S05,fixed_parameter,gamma,0.5,True,1.5303239284728185,2.4690692363340476,1.3641704793417242,1.9462104680250405,67.51075864713677
visual_cognitive_motivation,S05,logflow_penalty,flow_weight,0.1,True,1.3580768882422347,1.9011889445071275,1.3641704793417242,1.9462104680250405,49.757250897709504
visual_cognitive_motivation,S05,logflow_penalty,flow_weight,1.0,True,1.3641704793417242,1.9462104680250405,1.3641704793417242,1.9462104680250405,50.823703563693705
visual_cognitive_motivation,S05,logflow_penalty,flow_weight,4.0,True,1.3571398364333076,1.9732174573979941,1.3641704793417242,1.9462104680250405,53.12124775631018
visual_cognitive_motivation,S01,fixed_parameter,alpha,0.2,True,7.999999999999998,3.7004054763990815,7.055294578572989,2.9105116916421205,45.985078398559565
visual_cognitive_motivation,S01,fixed_parameter,alpha,0.5,True,5.09346053309573,1.9212746005595447,7.055294578572989,2.9105116916421205,48.56084572344043
visual_cognitive_motivation,S01,fixed_parameter,E0,0.2,True,7.555950055379425,2.9061942450891536,7.055294578572989,2.9105116916421205,45.27088210522204
visual_cognitive_motivation,S01,fixed_parameter,E0,0.5,True,6.106610932680971,2.850951977035574,7.055294578572989,2.9105116916421205,45.42191523623542
visual_cognitive_motivation,S01,fixed_parameter,gamma,0.2,True,6.293597690891875,2.4379136222515894,7.055294578572989,2.9105116916421205,39.92493627777999
visual_cognitive_motivation,S01,fixed_parameter,gamma,0.5,True,7.815016643431472,4.279659256170411,7.055294578572989,2.9105116916421205,55.645510353398265
visual_cognitive_motivation,S01,logflow_penalty,flow_weight,0.1,True,7.386378000882819,3.1343014167659633,7.055294578572989,2.9105116916421205,42.48295545728624
visual_cognitive_motivation,S01,logflow_penalty,flow_weight,1.0,True,7.055294578572989,2.9105116916421205,7.055294578572989,2.9105116916421205,45.008625641825915
visual_cognitive_motivation,S01,logflow_penalty,flow_weight,4.0,True,6.551495811574975,2.600350116744842,7.055294578572989,2.9105116916421205,48.78054133175942
visual_cognitive_motivation,S03,fixed_parameter,alpha,0.2,True,7.999999999999998,10.000000000000002,6.856791277705454,10.000000000000002,84.27051952797112
visual_cognitive_motivation,S03,fixed_parameter,alpha,0.5,True,4.121621972621781,7.303597182134184,6.856791277705454,10.000000000000002,68.66567870139363
visual_cognitive_motivation,S03,fixed_parameter,E0,0.2,True,7.297385279241255,9.790541289181112,6.856791277705454,10.000000000000002,77.83356451144722
visual_cognitive_motivation,S03,fixed_parameter,E0,0.5,True,5.919840130281754,9.999842196489162,6.856791277705454,10.000000000000002,70.06330369169946
visual_cognitive_motivation,S03,fixed_parameter,gamma,0.2,True,7.159465037225337,9.360592967106733,6.856791277705454,10.000000000000002,76.5024825685418
visual_cognitive_motivation,S03,fixed_parameter,gamma,0.5,True,6.183466803468723,10.000000000000002,6.856791277705454,10.000000000000002,73.71474433753582
visual_cognitive_motivation,S03,logflow_penalty,flow_weight,0.1,True,6.9376783361683785,10.000000000000002,6.856791277705454,10.000000000000002,69.96026819343433
visual_cognitive_motivation,S03,logflow_penalty,flow_weight,1.0,True,6.856791277705454,10.000000000000002,6.856791277705454,10.000000000000002,74.54432594397704
visual_cognitive_motivation,S03,logflow_penalty,flow_weight,4.0,True,5.557379623439678,6.8344150189142425,6.856791277705454,10.000000000000002,81.71639407304548
visual_cognitive_motivation,S16,fixed_parameter,alpha,0.2,True,0.5,4.308618193698536,0.7404712729103763,5.086756200059502,121.13962001460897
visual_cognitive_motivation,S16,fixed_parameter,alpha,0.5,True,1.853155204796004,0.10000000000000002,0.7404712729103763,5.086756200059502,185.75438343213506
visual_cognitive_motivation,S16,fixed_parameter,E0,0.2,True,0.6874646382030921,4.505086031968203,0.7404712729103763,5.086756200059502,138.69704351070408
visual_cognitive_motivation,S16,fixed_parameter,E0,0.5,True,1.5591246448394662,0.10000000000000002,0.7404712729103763,5.086756200059502,180.07422336853563
visual_cognitive_motivation,S16,fixed_parameter,gamma,0.2,True,0.7362407942747486,4.6459401826163615,0.7404712729103763,5.086756200059502,148.44118736703524
visual_cognitive_motivation,S16,fixed_parameter,gamma,0.5,True,0.7552114488791358,5.743183016523364,0.7404712729103763,5.086756200059502,145.5834823946849
visual_cognitive_motivation,S16,logflow_penalty,flow_weight,0.1,True,0.7139568024763906,5.265176589617304,0.7404712729103763,5.086756200059502,143.94534410689747
visual_cognitive_motivation,S16,logflow_penalty,flow_weight,1.0,True,0.7404712729103763,5.086756200059502,0.7404712729103763,5.086756200059502,147.13262224568098
visual_cognitive_motivation,S16,logflow_penalty,flow_weight,4.0,True,0.760615794553978,4.779347731077956,0.7404712729103763,5.086756200059502,152.1743622346471
