key,dataset,site,status,selected_gamma,eeg_factor,hb_factor,seconds
eeg_fnirs_single_trial__prefrontal__outer0,eeg_fnirs_single_trial,prefrontal,completed,1.0,0.005716485978132267,6.270262166669883,10.457119281869382
eeg_fnirs_single_trial__motor__outer0,eeg_fnirs_single_trial,motor,completed,1.0,0.007755791505252086,2.588794504566151,8.92762450221926
eeg_fnirs_single_trial__posterior__outer0,eeg_fnirs_single_trial,posterior,completed,1.0,0.009548694315239725,4.700048662302171,9.067153878044337
eeg_fnirs_single_trial__prefrontal__outer3,eeg_fnirs_single_trial,prefrontal,completed,1.0,0.005987514782250565,6.905847523074302,10.029759463854134
eeg_fnirs_single_trial__motor__outer3,eeg_fnirs_single_trial,motor,completed,-1.0,0.008067431998425485,2.5889123670204492,8.901522584725171
eeg_fnirs_single_trial__posterior__outer3,eeg_fnirs_single_trial,posterior,completed,-1.0,0.009512733144942049,2.3256395650730712,8.50800818298012
eeg_fnirs_single_trial__prefrontal__outer1,eeg_fnirs_single_trial,prefrontal,completed,1.0,0.005187038932710602,5.945913920411717,9.550129651091993
eeg_fnirs_single_trial__motor__outer1,eeg_fnirs_single_trial,motor,completed,1.0,0.006970274689221645,2.9649758746625436,9.353817118797451
eeg_fnirs_single_trial__posterior__outer1,eeg_fnirs_single_trial,posterior,completed,1.0,0.00831849950140327,2.3162678884501813,8.793505549896508
eeg_fnirs_single_trial__prefrontal__outer4,eeg_fnirs_single_trial,prefrontal,completed,-1.0,0.00481795798859482,6.1810627137055,9.526032903697342
eeg_fnirs_single_trial__motor__outer4,eeg_fnirs_single_trial,motor,completed,0.5,0.006272282281670816,2.4429283453899258,9.249803250655532
eeg_fnirs_single_trial__posterior__outer4,eeg_fnirs_single_trial,posterior,completed,-1.0,0.006910005280729617,2.3710956752367447,8.670069172047079
simultaneous_eeg_nirs__prefrontal__outer0,simultaneous_eeg_nirs,prefrontal,completed,1.0,0.005848916837394742,16.44618681733996,9.144223114009947
simultaneous_eeg_nirs__motor__outer0,simultaneous_eeg_nirs,motor,completed,0.5,0.008114098677903836,7.859800589994681,8.862300164997578
simultaneous_eeg_nirs__posterior__outer0,simultaneous_eeg_nirs,posterior,completed,-1.0,0.008826375927765464,8.923192809540327,8.526047362014651
simultaneous_eeg_nirs__prefrontal__outer2,simultaneous_eeg_nirs,prefrontal,completed,-1.0,0.006020190480158016,17.119211014234,9.268487179186195
simultaneous_eeg_nirs__motor__outer2,simultaneous_eeg_nirs,motor,completed,-1.0,0.009186013250622784,7.995620729935079,8.74589113611728
simultaneous_eeg_nirs__posterior__outer2,simultaneous_eeg_nirs,posterior,completed,-1.0,0.009986942219882788,9.096458860220412,8.821647085715085
simultaneous_eeg_nirs__prefrontal__outer4,simultaneous_eeg_nirs,prefrontal,completed,1.0,0.005753858284694819,15.666217109267398,9.445547703187913
simultaneous_eeg_nirs__motor__outer4,simultaneous_eeg_nirs,motor,completed,1.0,0.009063721376226425,12.463967874729844,8.936139956116676
simultaneous_eeg_nirs__posterior__outer4,simultaneous_eeg_nirs,posterior,completed,1.0,0.010954268319545416,9.162046559355108,8.825024619232863
visual_cognitive_motivation__prefrontal__montage0__outer3,visual_cognitive_motivation,prefrontal__montage0,completed,-1.0,0.006736330513297632,0.3132314941799335,9.358099597040564
visual_cognitive_motivation__motor__outer3,visual_cognitive_motivation,motor,completed,-1.0,0.006656244389587674,0.1916672066571541,9.205484145786613
visual_cognitive_motivation__posterior__montage0__outer3,visual_cognitive_motivation,posterior__montage0,completed,-1.0,0.006515386934105633,0.014231211973993184,10.411423289682716
visual_cognitive_motivation__prefrontal__montage0__outer4,visual_cognitive_motivation,prefrontal__montage0,completed,-1.0,0.007273542718835615,0.3081598721926317,10.144078931771219
visual_cognitive_motivation__motor__outer4,visual_cognitive_motivation,motor,completed,1.0,0.007408905437531613,0.11109560290743246,8.377645201049745
visual_cognitive_motivation__posterior__montage0__outer4,visual_cognitive_motivation,posterior__montage0,completed,1.0,0.006630734375001813,0.014524605552954225,8.937855171971023
visual_cognitive_motivation__prefrontal__montage0__outer2,visual_cognitive_motivation,prefrontal__montage0,completed,-0.5,0.007522895000895846,0.3388602388834248,10.037652530241758
visual_cognitive_motivation__motor__outer2,visual_cognitive_motivation,motor,completed,1.0,0.007311453424612907,0.11286993921809177,8.405773255974054
visual_cognitive_motivation__posterior__montage0__outer2,visual_cognitive_motivation,posterior__montage0,completed,1.0,0.006533603209001087,0.014225087366064537,8.172025945968926
visual_cognitive_motivation__prefrontal__montage0__outer1,visual_cognitive_motivation,prefrontal__montage0,completed,1.0,0.0075919130645251635,0.3017809207869477,8.783407809212804
visual_cognitive_motivation__motor__outer1,visual_cognitive_motivation,motor,completed,-1.0,0.0072848731326462975,0.10846482135391816,9.515869449824095
visual_cognitive_motivation__posterior__montage0__outer1,visual_cognitive_motivation,posterior__montage0,completed,1.0,0.006547954371357829,0.014213224198859056,8.484608834143728
visual_cognitive_motivation__prefrontal__montage0__outer0,visual_cognitive_motivation,prefrontal__montage0,completed,-1.0,0.007977266359231459,0.3257343078741822,8.871072430163622
visual_cognitive_motivation__motor__outer0,visual_cognitive_motivation,motor,completed,1.0,0.008116344641913008,0.10948020952614344,11.200081016868353
visual_cognitive_motivation__posterior__montage0__outer0,visual_cognitive_motivation,posterior__montage0,completed,1.0,0.006787865913084865,0.1176557428174947,9.666724641807377
