dataset,region,mode,arm,control,planned_pairs,common_success_pairs,failed_or_invalid_pairs,subjects,gain,ci_low,ci_high,metric,positive_gain,interval
eeg_fnirs_single_trial,motor,EEG_channels_hidden,real,wrong_training_subject,0,0,0,0,,,,Hb_nrmse,arm_better,subject_block_1000_frozen_coordinates_exploratory
eeg_fnirs_single_trial,motor,HbO_hidden,real,wrong_training_subject,0,0,0,0,,,,Hb_nrmse,arm_better,subject_block_1000_frozen_coordinates_exploratory
eeg_fnirs_single_trial,motor,HbR_hidden,real,wrong_training_subject,0,0,0,0,,,,Hb_nrmse,arm_better,subject_block_1000_frozen_coordinates_exploratory
eeg_fnirs_single_trial,motor,Hb_hidden,real,wrong_training_subject,24,24,0,6,-0.1305736663501944,-0.27176117644889014,-0.03254213211223434,Hb_nrmse,arm_better,subject_block_1000_frozen_coordinates_exploratory
eeg_fnirs_single_trial,motor,center_EEG,real,wrong_training_subject,0,0,0,0,,,,Hb_nrmse,arm_better,subject_block_1000_frozen_coordinates_exploratory
eeg_fnirs_single_trial,motor,center_Hb,real,wrong_training_subject,24,24,0,6,-0.06358943649447639,-0.16606924302318493,0.023055730959667026,Hb_nrmse,arm_better,subject_block_1000_frozen_coordinates_exploratory
eeg_fnirs_single_trial,motor,full,real,wrong_training_subject,0,0,0,0,,,,Hb_nrmse,arm_better,subject_block_1000_frozen_coordinates_exploratory
eeg_fnirs_single_trial,posterior,EEG_channels_hidden,real,wrong_training_subject,0,0,0,0,,,,Hb_nrmse,arm_better,subject_block_1000_frozen_coordinates_exploratory
eeg_fnirs_single_trial,posterior,HbO_hidden,real,wrong_training_subject,0,0,0,0,,,,Hb_nrmse,arm_better,subject_block_1000_frozen_coordinates_exploratory
eeg_fnirs_single_trial,posterior,HbR_hidden,real,wrong_training_subject,0,0,0,0,,,,Hb_nrmse,arm_better,subject_block_1000_frozen_coordinates_exploratory
eeg_fnirs_single_trial,posterior,Hb_hidden,real,wrong_training_subject,24,24,0,6,-0.13456841750636395,-0.3142171920972799,-0.005669760706306499,Hb_nrmse,arm_better,subject_block_1000_frozen_coordinates_exploratory
eeg_fnirs_single_trial,posterior,center_EEG,real,wrong_training_subject,0,0,0,0,,,,Hb_nrmse,arm_better,subject_block_1000_frozen_coordinates_exploratory
eeg_fnirs_single_trial,posterior,center_Hb,real,wrong_training_subject,24,24,0,6,-0.05526702877747564,-0.13785101220548113,0.018300430097509725,Hb_nrmse,arm_better,subject_block_1000_frozen_coordinates_exploratory
eeg_fnirs_single_trial,posterior,full,real,wrong_training_subject,0,0,0,0,,,,Hb_nrmse,arm_better,subject_block_1000_frozen_coordinates_exploratory
eeg_fnirs_single_trial,prefrontal,EEG_channels_hidden,real,wrong_training_subject,0,0,0,0,,,,Hb_nrmse,arm_better,subject_block_1000_frozen_coordinates_exploratory
eeg_fnirs_single_trial,prefrontal,HbO_hidden,real,wrong_training_subject,0,0,0,0,,,,Hb_nrmse,arm_better,subject_block_1000_frozen_coordinates_exploratory
eeg_fnirs_single_trial,prefrontal,HbR_hidden,real,wrong_training_subject,0,0,0,0,,,,Hb_nrmse,arm_better,subject_block_1000_frozen_coordinates_exploratory
eeg_fnirs_single_trial,prefrontal,Hb_hidden,real,wrong_training_subject,24,24,0,6,-0.0729686748203774,-0.24762509581382078,0.06929091190291421,Hb_nrmse,arm_better,subject_block_1000_frozen_coordinates_exploratory
eeg_fnirs_single_trial,prefrontal,center_EEG,real,wrong_training_subject,0,0,0,0,,,,Hb_nrmse,arm_better,subject_block_1000_frozen_coordinates_exploratory
eeg_fnirs_single_trial,prefrontal,center_Hb,real,wrong_training_subject,24,24,0,6,-0.03155248920728945,-0.20669848140929348,0.09025878271748106,Hb_nrmse,arm_better,subject_block_1000_frozen_coordinates_exploratory
eeg_fnirs_single_trial,prefrontal,full,real,wrong_training_subject,0,0,0,0,,,,Hb_nrmse,arm_better,subject_block_1000_frozen_coordinates_exploratory
simultaneous_eeg_nirs,motor,EEG_channels_hidden,real,wrong_training_subject,0,0,0,0,,,,Hb_nrmse,arm_better,subject_block_1000_frozen_coordinates_exploratory
simultaneous_eeg_nirs,motor,HbO_hidden,real,wrong_training_subject,0,0,0,0,,,,Hb_nrmse,arm_better,subject_block_1000_frozen_coordinates_exploratory
simultaneous_eeg_nirs,motor,HbR_hidden,real,wrong_training_subject,0,0,0,0,,,,Hb_nrmse,arm_better,subject_block_1000_frozen_coordinates_exploratory
simultaneous_eeg_nirs,motor,Hb_hidden,real,wrong_training_subject,24,17,7,6,0.030516751631625334,-0.1844744740043416,0.30496422590848093,Hb_nrmse,arm_better,subject_block_1000_frozen_coordinates_exploratory
simultaneous_eeg_nirs,motor,center_EEG,real,wrong_training_subject,0,0,0,0,,,,Hb_nrmse,arm_better,subject_block_1000_frozen_coordinates_exploratory
simultaneous_eeg_nirs,motor,center_Hb,real,wrong_training_subject,24,17,7,6,-0.001379812748282688,-0.0632166111301272,0.07143045505311917,Hb_nrmse,arm_better,subject_block_1000_frozen_coordinates_exploratory
simultaneous_eeg_nirs,motor,full,real,wrong_training_subject,0,0,0,0,,,,Hb_nrmse,arm_better,subject_block_1000_frozen_coordinates_exploratory
simultaneous_eeg_nirs,posterior,EEG_channels_hidden,real,wrong_training_subject,0,0,0,0,,,,Hb_nrmse,arm_better,subject_block_1000_frozen_coordinates_exploratory
simultaneous_eeg_nirs,posterior,HbO_hidden,real,wrong_training_subject,0,0,0,0,,,,Hb_nrmse,arm_better,subject_block_1000_frozen_coordinates_exploratory
simultaneous_eeg_nirs,posterior,HbR_hidden,real,wrong_training_subject,0,0,0,0,,,,Hb_nrmse,arm_better,subject_block_1000_frozen_coordinates_exploratory
simultaneous_eeg_nirs,posterior,Hb_hidden,real,wrong_training_subject,24,17,7,6,0.023720940332608093,-0.023849237375113137,0.06885053236101972,Hb_nrmse,arm_better,subject_block_1000_frozen_coordinates_exploratory
simultaneous_eeg_nirs,posterior,center_EEG,real,wrong_training_subject,0,0,0,0,,,,Hb_nrmse,arm_better,subject_block_1000_frozen_coordinates_exploratory
simultaneous_eeg_nirs,posterior,center_Hb,real,wrong_training_subject,24,17,7,6,-0.07185057187446259,-0.12809497587737415,-0.018837908910710233,Hb_nrmse,arm_better,subject_block_1000_frozen_coordinates_exploratory
simultaneous_eeg_nirs,posterior,full,real,wrong_training_subject,0,0,0,0,,,,Hb_nrmse,arm_better,subject_block_1000_frozen_coordinates_exploratory
simultaneous_eeg_nirs,prefrontal,EEG_channels_hidden,real,wrong_training_subject,0,0,0,0,,,,Hb_nrmse,arm_better,subject_block_1000_frozen_coordinates_exploratory
simultaneous_eeg_nirs,prefrontal,HbO_hidden,real,wrong_training_subject,0,0,0,0,,,,Hb_nrmse,arm_better,subject_block_1000_frozen_coordinates_exploratory
simultaneous_eeg_nirs,prefrontal,HbR_hidden,real,wrong_training_subject,0,0,0,0,,,,Hb_nrmse,arm_better,subject_block_1000_frozen_coordinates_exploratory
simultaneous_eeg_nirs,prefrontal,Hb_hidden,real,wrong_training_subject,24,17,7,6,0.04514003275968,-0.06518676339173181,0.18144476158525266,Hb_nrmse,arm_better,subject_block_1000_frozen_coordinates_exploratory
simultaneous_eeg_nirs,prefrontal,center_EEG,real,wrong_training_subject,0,0,0,0,,,,Hb_nrmse,arm_better,subject_block_1000_frozen_coordinates_exploratory
simultaneous_eeg_nirs,prefrontal,center_Hb,real,wrong_training_subject,24,17,7,6,-0.045540301247970344,-0.17781810956811653,0.05008696895269093,Hb_nrmse,arm_better,subject_block_1000_frozen_coordinates_exploratory
simultaneous_eeg_nirs,prefrontal,full,real,wrong_training_subject,0,0,0,0,,,,Hb_nrmse,arm_better,subject_block_1000_frozen_coordinates_exploratory
visual_cognitive_motivation,motor,EEG_channels_hidden,real,wrong_training_subject,0,0,0,0,,,,Hb_nrmse,arm_better,subject_block_1000_frozen_coordinates_exploratory
visual_cognitive_motivation,motor,HbO_hidden,real,wrong_training_subject,0,0,0,0,,,,Hb_nrmse,arm_better,subject_block_1000_frozen_coordinates_exploratory
visual_cognitive_motivation,motor,HbR_hidden,real,wrong_training_subject,0,0,0,0,,,,Hb_nrmse,arm_better,subject_block_1000_frozen_coordinates_exploratory
visual_cognitive_motivation,motor,Hb_hidden,real,wrong_training_subject,24,24,0,6,0.005911472615052353,-0.13114588581443554,0.14773378321023978,Hb_nrmse,arm_better,subject_block_1000_frozen_coordinates_exploratory
visual_cognitive_motivation,motor,center_EEG,real,wrong_training_subject,0,0,0,0,,,,Hb_nrmse,arm_better,subject_block_1000_frozen_coordinates_exploratory
visual_cognitive_motivation,motor,center_Hb,real,wrong_training_subject,24,24,0,6,0.0010894773235871416,-0.06325636506479165,0.05945664613874476,Hb_nrmse,arm_better,subject_block_1000_frozen_coordinates_exploratory
visual_cognitive_motivation,motor,full,real,wrong_training_subject,0,0,0,0,,,,Hb_nrmse,arm_better,subject_block_1000_frozen_coordinates_exploratory
visual_cognitive_motivation,posterior,EEG_channels_hidden,real,wrong_training_subject,0,0,0,0,,,,Hb_nrmse,arm_better,subject_block_1000_frozen_coordinates_exploratory
visual_cognitive_motivation,posterior,HbO_hidden,real,wrong_training_subject,0,0,0,0,,,,Hb_nrmse,arm_better,subject_block_1000_frozen_coordinates_exploratory
visual_cognitive_motivation,posterior,HbR_hidden,real,wrong_training_subject,0,0,0,0,,,,Hb_nrmse,arm_better,subject_block_1000_frozen_coordinates_exploratory
visual_cognitive_motivation,posterior,Hb_hidden,real,wrong_training_subject,24,24,0,6,0.23045651283704727,0.031571129504132135,0.5905538638742794,Hb_nrmse,arm_better,subject_block_1000_frozen_coordinates_exploratory
visual_cognitive_motivation,posterior,center_EEG,real,wrong_training_subject,0,0,0,0,,,,Hb_nrmse,arm_better,subject_block_1000_frozen_coordinates_exploratory
visual_cognitive_motivation,posterior,center_Hb,real,wrong_training_subject,24,20,4,5,0.044330430032232984,-0.020210593672952994,0.10825772645942963,Hb_nrmse,arm_better,subject_block_1000_frozen_coordinates_exploratory
visual_cognitive_motivation,posterior,full,real,wrong_training_subject,0,0,0,0,,,,Hb_nrmse,arm_better,subject_block_1000_frozen_coordinates_exploratory
visual_cognitive_motivation,prefrontal,EEG_channels_hidden,real,wrong_training_subject,0,0,0,0,,,,Hb_nrmse,arm_better,subject_block_1000_frozen_coordinates_exploratory
visual_cognitive_motivation,prefrontal,HbO_hidden,real,wrong_training_subject,0,0,0,0,,,,Hb_nrmse,arm_better,subject_block_1000_frozen_coordinates_exploratory
visual_cognitive_motivation,prefrontal,HbR_hidden,real,wrong_training_subject,0,0,0,0,,,,Hb_nrmse,arm_better,subject_block_1000_frozen_coordinates_exploratory
visual_cognitive_motivation,prefrontal,Hb_hidden,real,wrong_training_subject,24,24,0,6,0.0047079676589475705,-0.11498155457242228,0.12033848739828744,Hb_nrmse,arm_better,subject_block_1000_frozen_coordinates_exploratory
visual_cognitive_motivation,prefrontal,center_EEG,real,wrong_training_subject,0,0,0,0,,,,Hb_nrmse,arm_better,subject_block_1000_frozen_coordinates_exploratory
visual_cognitive_motivation,prefrontal,center_Hb,real,wrong_training_subject,24,24,0,6,-0.016302936962483618,-0.04983727881141899,0.01578855321590451,Hb_nrmse,arm_better,subject_block_1000_frozen_coordinates_exploratory
visual_cognitive_motivation,prefrontal,full,real,wrong_training_subject,0,0,0,0,,,,Hb_nrmse,arm_better,subject_block_1000_frozen_coordinates_exploratory
eeg_fnirs_single_trial,motor,EEG_channels_hidden,real,other_region_EEG,0,0,0,0,,,,Hb_nrmse,arm_better,subject_block_1000_frozen_coordinates_exploratory
eeg_fnirs_single_trial,motor,HbO_hidden,real,other_region_EEG,0,0,0,0,,,,Hb_nrmse,arm_better,subject_block_1000_frozen_coordinates_exploratory
eeg_fnirs_single_trial,motor,HbR_hidden,real,other_region_EEG,0,0,0,0,,,,Hb_nrmse,arm_better,subject_block_1000_frozen_coordinates_exploratory
eeg_fnirs_single_trial,motor,Hb_hidden,real,other_region_EEG,24,24,0,6,0.021851378197944932,-0.0030596746493021403,0.051963134837179334,Hb_nrmse,arm_better,subject_block_1000_frozen_coordinates_exploratory
eeg_fnirs_single_trial,motor,center_EEG,real,other_region_EEG,0,0,0,0,,,,Hb_nrmse,arm_better,subject_block_1000_frozen_coordinates_exploratory
eeg_fnirs_single_trial,motor,center_Hb,real,other_region_EEG,24,24,0,6,0.015634574447759623,-0.008225516933409581,0.041909351958424886,Hb_nrmse,arm_better,subject_block_1000_frozen_coordinates_exploratory
eeg_fnirs_single_trial,motor,full,real,other_region_EEG,0,0,0,0,,,,Hb_nrmse,arm_better,subject_block_1000_frozen_coordinates_exploratory
eeg_fnirs_single_trial,posterior,EEG_channels_hidden,real,other_region_EEG,0,0,0,0,,,,Hb_nrmse,arm_better,subject_block_1000_frozen_coordinates_exploratory
eeg_fnirs_single_trial,posterior,HbO_hidden,real,other_region_EEG,0,0,0,0,,,,Hb_nrmse,arm_better,subject_block_1000_frozen_coordinates_exploratory
eeg_fnirs_single_trial,posterior,HbR_hidden,real,other_region_EEG,0,0,0,0,,,,Hb_nrmse,arm_better,subject_block_1000_frozen_coordinates_exploratory
eeg_fnirs_single_trial,posterior,Hb_hidden,real,other_region_EEG,24,24,0,6,-0.007839417933742812,-0.05210305711940283,0.030002836657164692,Hb_nrmse,arm_better,subject_block_1000_frozen_coordinates_exploratory
eeg_fnirs_single_trial,posterior,center_EEG,real,other_region_EEG,0,0,0,0,,,,Hb_nrmse,arm_better,subject_block_1000_frozen_coordinates_exploratory
eeg_fnirs_single_trial,posterior,center_Hb,real,other_region_EEG,24,24,0,6,-0.02489035589976234,-0.05584236770303236,0.0004921150349356664,Hb_nrmse,arm_better,subject_block_1000_frozen_coordinates_exploratory
eeg_fnirs_single_trial,posterior,full,real,other_region_EEG,0,0,0,0,,,,Hb_nrmse,arm_better,subject_block_1000_frozen_coordinates_exploratory
eeg_fnirs_single_trial,prefrontal,EEG_channels_hidden,real,other_region_EEG,0,0,0,0,,,,Hb_nrmse,arm_better,subject_block_1000_frozen_coordinates_exploratory
eeg_fnirs_single_trial,prefrontal,HbO_hidden,real,other_region_EEG,0,0,0,0,,,,Hb_nrmse,arm_better,subject_block_1000_frozen_coordinates_exploratory
eeg_fnirs_single_trial,prefrontal,HbR_hidden,real,other_region_EEG,0,0,0,0,,,,Hb_nrmse,arm_better,subject_block_1000_frozen_coordinates_exploratory
eeg_fnirs_single_trial,prefrontal,Hb_hidden,real,other_region_EEG,24,24,0,6,-0.026498916539130325,-0.09204452243158046,0.013997020933851577,Hb_nrmse,arm_better,subject_block_1000_frozen_coordinates_exploratory
eeg_fnirs_single_trial,prefrontal,center_EEG,real,other_region_EEG,0,0,0,0,,,,Hb_nrmse,arm_better,subject_block_1000_frozen_coordinates_exploratory
eeg_fnirs_single_trial,prefrontal,center_Hb,real,other_region_EEG,24,24,0,6,-0.004800454318424781,-0.08613247133604957,0.04305068494342583,Hb_nrmse,arm_better,subject_block_1000_frozen_coordinates_exploratory
eeg_fnirs_single_trial,prefrontal,full,real,other_region_EEG,0,0,0,0,,,,Hb_nrmse,arm_better,subject_block_1000_frozen_coordinates_exploratory
simultaneous_eeg_nirs,motor,EEG_channels_hidden,real,other_region_EEG,0,0,0,0,,,,Hb_nrmse,arm_better,subject_block_1000_frozen_coordinates_exploratory
simultaneous_eeg_nirs,motor,HbO_hidden,real,other_region_EEG,0,0,0,0,,,,Hb_nrmse,arm_better,subject_block_1000_frozen_coordinates_exploratory
simultaneous_eeg_nirs,motor,HbR_hidden,real,other_region_EEG,0,0,0,0,,,,Hb_nrmse,arm_better,subject_block_1000_frozen_coordinates_exploratory
simultaneous_eeg_nirs,motor,Hb_hidden,real,other_region_EEG,24,24,0,6,0.00250007179397962,-0.048873357846291404,0.06291741841944994,Hb_nrmse,arm_better,subject_block_1000_frozen_coordinates_exploratory
simultaneous_eeg_nirs,motor,center_EEG,real,other_region_EEG,0,0,0,0,,,,Hb_nrmse,arm_better,subject_block_1000_frozen_coordinates_exploratory
simultaneous_eeg_nirs,motor,center_Hb,real,other_region_EEG,24,24,0,6,0.002593565169040447,-0.021960888300590953,0.0236508925309097,Hb_nrmse,arm_better,subject_block_1000_frozen_coordinates_exploratory
simultaneous_eeg_nirs,motor,full,real,other_region_EEG,0,0,0,0,,,,Hb_nrmse,arm_better,subject_block_1000_frozen_coordinates_exploratory
simultaneous_eeg_nirs,posterior,EEG_channels_hidden,real,other_region_EEG,0,0,0,0,,,,Hb_nrmse,arm_better,subject_block_1000_frozen_coordinates_exploratory
simultaneous_eeg_nirs,posterior,HbO_hidden,real,other_region_EEG,0,0,0,0,,,,Hb_nrmse,arm_better,subject_block_1000_frozen_coordinates_exploratory
simultaneous_eeg_nirs,posterior,HbR_hidden,real,other_region_EEG,0,0,0,0,,,,Hb_nrmse,arm_better,subject_block_1000_frozen_coordinates_exploratory
simultaneous_eeg_nirs,posterior,Hb_hidden,real,other_region_EEG,24,24,0,6,0.02185018176308261,-0.010512532259012197,0.05290028682250078,Hb_nrmse,arm_better,subject_block_1000_frozen_coordinates_exploratory
simultaneous_eeg_nirs,posterior,center_EEG,real,other_region_EEG,0,0,0,0,,,,Hb_nrmse,arm_better,subject_block_1000_frozen_coordinates_exploratory
simultaneous_eeg_nirs,posterior,center_Hb,real,other_region_EEG,24,24,0,6,0.0011474446370942169,-0.03480557636806612,0.03616292468396605,Hb_nrmse,arm_better,subject_block_1000_frozen_coordinates_exploratory
simultaneous_eeg_nirs,posterior,full,real,other_region_EEG,0,0,0,0,,,,Hb_nrmse,arm_better,subject_block_1000_frozen_coordinates_exploratory
simultaneous_eeg_nirs,prefrontal,EEG_channels_hidden,real,other_region_EEG,0,0,0,0,,,,Hb_nrmse,arm_better,subject_block_1000_frozen_coordinates_exploratory
simultaneous_eeg_nirs,prefrontal,HbO_hidden,real,other_region_EEG,0,0,0,0,,,,Hb_nrmse,arm_better,subject_block_1000_frozen_coordinates_exploratory
simultaneous_eeg_nirs,prefrontal,HbR_hidden,real,other_region_EEG,0,0,0,0,,,,Hb_nrmse,arm_better,subject_block_1000_frozen_coordinates_exploratory
simultaneous_eeg_nirs,prefrontal,Hb_hidden,real,other_region_EEG,24,24,0,6,0.012859390577258302,-0.012546495487497061,0.04291793222593055,Hb_nrmse,arm_better,subject_block_1000_frozen_coordinates_exploratory
simultaneous_eeg_nirs,prefrontal,center_EEG,real,other_region_EEG,0,0,0,0,,,,Hb_nrmse,arm_better,subject_block_1000_frozen_coordinates_exploratory
simultaneous_eeg_nirs,prefrontal,center_Hb,real,other_region_EEG,24,24,0,6,0.0005999034294718904,-0.02290278759874691,0.024774047243627983,Hb_nrmse,arm_better,subject_block_1000_frozen_coordinates_exploratory
simultaneous_eeg_nirs,prefrontal,full,real,other_region_EEG,0,0,0,0,,,,Hb_nrmse,arm_better,subject_block_1000_frozen_coordinates_exploratory
visual_cognitive_motivation,motor,EEG_channels_hidden,real,other_region_EEG,0,0,0,0,,,,Hb_nrmse,arm_better,subject_block_1000_frozen_coordinates_exploratory
visual_cognitive_motivation,motor,HbO_hidden,real,other_region_EEG,0,0,0,0,,,,Hb_nrmse,arm_better,subject_block_1000_frozen_coordinates_exploratory
visual_cognitive_motivation,motor,HbR_hidden,real,other_region_EEG,0,0,0,0,,,,Hb_nrmse,arm_better,subject_block_1000_frozen_coordinates_exploratory
visual_cognitive_motivation,motor,Hb_hidden,real,other_region_EEG,24,24,0,6,-0.02234366439237843,-0.0668282684949057,0.013976468797059551,Hb_nrmse,arm_better,subject_block_1000_frozen_coordinates_exploratory
visual_cognitive_motivation,motor,center_EEG,real,other_region_EEG,0,0,0,0,,,,Hb_nrmse,arm_better,subject_block_1000_frozen_coordinates_exploratory
visual_cognitive_motivation,motor,center_Hb,real,other_region_EEG,24,24,0,6,0.0129915648365547,0.0003650648172316753,0.02618682772724941,Hb_nrmse,arm_better,subject_block_1000_frozen_coordinates_exploratory
visual_cognitive_motivation,motor,full,real,other_region_EEG,0,0,0,0,,,,Hb_nrmse,arm_better,subject_block_1000_frozen_coordinates_exploratory
visual_cognitive_motivation,posterior,EEG_channels_hidden,real,other_region_EEG,0,0,0,0,,,,Hb_nrmse,arm_better,subject_block_1000_frozen_coordinates_exploratory
visual_cognitive_motivation,posterior,HbO_hidden,real,other_region_EEG,0,0,0,0,,,,Hb_nrmse,arm_better,subject_block_1000_frozen_coordinates_exploratory
visual_cognitive_motivation,posterior,HbR_hidden,real,other_region_EEG,0,0,0,0,,,,Hb_nrmse,arm_better,subject_block_1000_frozen_coordinates_exploratory
visual_cognitive_motivation,posterior,Hb_hidden,real,other_region_EEG,24,24,0,6,-0.049796916567545625,-0.15851364182404495,0.013600039147003602,Hb_nrmse,arm_better,subject_block_1000_frozen_coordinates_exploratory
visual_cognitive_motivation,posterior,center_EEG,real,other_region_EEG,0,0,0,0,,,,Hb_nrmse,arm_better,subject_block_1000_frozen_coordinates_exploratory
visual_cognitive_motivation,posterior,center_Hb,real,other_region_EEG,24,20,4,5,-0.03656727024229285,-0.07373733616270646,-0.0024333444337233975,Hb_nrmse,arm_better,subject_block_1000_frozen_coordinates_exploratory
visual_cognitive_motivation,posterior,full,real,other_region_EEG,0,0,0,0,,,,Hb_nrmse,arm_better,subject_block_1000_frozen_coordinates_exploratory
visual_cognitive_motivation,prefrontal,EEG_channels_hidden,real,other_region_EEG,0,0,0,0,,,,Hb_nrmse,arm_better,subject_block_1000_frozen_coordinates_exploratory
visual_cognitive_motivation,prefrontal,HbO_hidden,real,other_region_EEG,0,0,0,0,,,,Hb_nrmse,arm_better,subject_block_1000_frozen_coordinates_exploratory
visual_cognitive_motivation,prefrontal,HbR_hidden,real,other_region_EEG,0,0,0,0,,,,Hb_nrmse,arm_better,subject_block_1000_frozen_coordinates_exploratory
visual_cognitive_motivation,prefrontal,Hb_hidden,real,other_region_EEG,24,24,0,6,0.025432865281554015,0.009529901628547163,0.03621174125854242,Hb_nrmse,arm_better,subject_block_1000_frozen_coordinates_exploratory
visual_cognitive_motivation,prefrontal,center_EEG,real,other_region_EEG,0,0,0,0,,,,Hb_nrmse,arm_better,subject_block_1000_frozen_coordinates_exploratory
visual_cognitive_motivation,prefrontal,center_Hb,real,other_region_EEG,24,24,0,6,0.0013085298167922945,-0.012073356091047814,0.01361894223289996,Hb_nrmse,arm_better,subject_block_1000_frozen_coordinates_exploratory
visual_cognitive_motivation,prefrontal,full,real,other_region_EEG,0,0,0,0,,,,Hb_nrmse,arm_better,subject_block_1000_frozen_coordinates_exploratory
eeg_fnirs_single_trial,motor,Hb_hidden,real_shift_support,nonwrapping_shift_12s,24,24,0,6,-0.04229633587114909,-0.14178436233678576,0.050950348202351864,Hb_nrmse,arm_better,subject_block_1000_frozen_coordinates_exploratory
eeg_fnirs_single_trial,motor,center_Hb,real_shift_support,nonwrapping_shift_12s,24,24,0,6,0.02885010394978874,-0.045824621405313154,0.13669192987735723,Hb_nrmse,arm_better,subject_block_1000_frozen_coordinates_exploratory
eeg_fnirs_single_trial,posterior,Hb_hidden,real_shift_support,nonwrapping_shift_12s,24,24,0,6,0.04373480656183967,-0.06827653728730963,0.21884228312826887,Hb_nrmse,arm_better,subject_block_1000_frozen_coordinates_exploratory
eeg_fnirs_single_trial,posterior,center_Hb,real_shift_support,nonwrapping_shift_12s,24,24,0,6,0.05270522602170182,0.0004586539910022304,0.13357012734781948,Hb_nrmse,arm_better,subject_block_1000_frozen_coordinates_exploratory
eeg_fnirs_single_trial,prefrontal,Hb_hidden,real_shift_support,nonwrapping_shift_12s,24,24,0,6,-0.04428686639018272,-0.156296880882374,0.045280439612691924,Hb_nrmse,arm_better,subject_block_1000_frozen_coordinates_exploratory
eeg_fnirs_single_trial,prefrontal,center_Hb,real_shift_support,nonwrapping_shift_12s,24,24,0,6,0.019368627080472763,-0.014283392631311119,0.06671747297395031,Hb_nrmse,arm_better,subject_block_1000_frozen_coordinates_exploratory
simultaneous_eeg_nirs,motor,Hb_hidden,real_shift_support,nonwrapping_shift_12s,24,24,0,6,-0.08309082900687782,-0.24197285914193895,0.08900413201129527,Hb_nrmse,arm_better,subject_block_1000_frozen_coordinates_exploratory
simultaneous_eeg_nirs,motor,center_Hb,real_shift_support,nonwrapping_shift_12s,24,24,0,6,-0.010395139019562608,-0.027265541871862836,0.006114140435091024,Hb_nrmse,arm_better,subject_block_1000_frozen_coordinates_exploratory
simultaneous_eeg_nirs,posterior,Hb_hidden,real_shift_support,nonwrapping_shift_12s,24,24,0,6,0.021761691848676833,-0.033821597490056206,0.07044583459972951,Hb_nrmse,arm_better,subject_block_1000_frozen_coordinates_exploratory
simultaneous_eeg_nirs,posterior,center_Hb,real_shift_support,nonwrapping_shift_12s,24,24,0,6,-0.007335902512747998,-0.02682616306720564,0.013334279543779033,Hb_nrmse,arm_better,subject_block_1000_frozen_coordinates_exploratory
simultaneous_eeg_nirs,prefrontal,Hb_hidden,real_shift_support,nonwrapping_shift_12s,24,24,0,6,-0.006299224727273844,-0.09143213363266883,0.06604917782264547,Hb_nrmse,arm_better,subject_block_1000_frozen_coordinates_exploratory
simultaneous_eeg_nirs,prefrontal,center_Hb,real_shift_support,nonwrapping_shift_12s,24,24,0,6,0.00347332825788187,-0.00820160604500947,0.019386317087136267,Hb_nrmse,arm_better,subject_block_1000_frozen_coordinates_exploratory
visual_cognitive_motivation,motor,Hb_hidden,real_shift_support,nonwrapping_shift_12s,24,24,0,6,0.0730724730981705,-0.022200959559009945,0.19728978817156617,Hb_nrmse,arm_better,subject_block_1000_frozen_coordinates_exploratory
visual_cognitive_motivation,motor,center_Hb,real_shift_support,nonwrapping_shift_12s,24,24,0,6,0.0027233157459567413,-0.013080061826340994,0.018384972280328923,Hb_nrmse,arm_better,subject_block_1000_frozen_coordinates_exploratory
visual_cognitive_motivation,posterior,Hb_hidden,real_shift_support,nonwrapping_shift_12s,24,24,0,6,0.09779422512757042,0.013162702083298136,0.18856801150900573,Hb_nrmse,arm_better,subject_block_1000_frozen_coordinates_exploratory
visual_cognitive_motivation,posterior,center_Hb,real_shift_support,nonwrapping_shift_12s,24,20,4,5,0.0007881868704161084,-0.011694909471103618,0.018357911526701083,Hb_nrmse,arm_better,subject_block_1000_frozen_coordinates_exploratory
visual_cognitive_motivation,prefrontal,Hb_hidden,real_shift_support,nonwrapping_shift_12s,24,24,0,6,0.1006967364030358,-0.0181140570385802,0.2141432098268486,Hb_nrmse,arm_better,subject_block_1000_frozen_coordinates_exploratory
visual_cognitive_motivation,prefrontal,center_Hb,real_shift_support,nonwrapping_shift_12s,24,24,0,6,0.029896909798465755,0.00730884374185735,0.052745119313315304,Hb_nrmse,arm_better,subject_block_1000_frozen_coordinates_exploratory
