id,subject,dataset,key,pairing,converged,donor_id,component_nrmse,component_correlation,hidden_Hb_nrmse
simultaneous_eeg_nirs__VP009__cnt_dsr__prefrontal__w3,VP009,simultaneous_eeg_nirs,simultaneous_eeg_nirs__prefrontal__outer0,real,True,simultaneous_eeg_nirs__VP009__cnt_dsr__prefrontal__w3,0.33185131010363267,-0.4434698407218026,0.6563411357489951
simultaneous_eeg_nirs__VP009__cnt_dsr__prefrontal__w3,VP009,simultaneous_eeg_nirs,simultaneous_eeg_nirs__prefrontal__outer0,zero,True,simultaneous_eeg_nirs__VP009__cnt_dsr__prefrontal__w3,0.2216363491032741,,0.7010574159336218
simultaneous_eeg_nirs__VP009__cnt_dsr__prefrontal__w3,VP009,simultaneous_eeg_nirs,simultaneous_eeg_nirs__prefrontal__outer0,training_mean,True,simultaneous_eeg_nirs__VP009__cnt_dsr__prefrontal__w3,0.3341487093055063,,0.6493297747840205
simultaneous_eeg_nirs__VP009__cnt_dsr__prefrontal__w22,VP009,simultaneous_eeg_nirs,simultaneous_eeg_nirs__prefrontal__outer0,real,True,simultaneous_eeg_nirs__VP009__cnt_dsr__prefrontal__w22,0.19791110986887964,-0.6647610879185866,1.060271171409404
simultaneous_eeg_nirs__VP009__cnt_dsr__prefrontal__w22,VP009,simultaneous_eeg_nirs,simultaneous_eeg_nirs__prefrontal__outer0,zero,True,simultaneous_eeg_nirs__VP009__cnt_dsr__prefrontal__w22,0.21955609813419713,,1.0031291126423447
simultaneous_eeg_nirs__VP009__cnt_dsr__prefrontal__w22,VP009,simultaneous_eeg_nirs,simultaneous_eeg_nirs__prefrontal__outer0,training_mean,True,simultaneous_eeg_nirs__VP009__cnt_dsr__prefrontal__w22,0.15680843475647724,,1.0375108559238801
simultaneous_eeg_nirs__VP009__cnt_dsr__prefrontal__w10,VP009,simultaneous_eeg_nirs,simultaneous_eeg_nirs__prefrontal__outer0,real,True,simultaneous_eeg_nirs__VP009__cnt_dsr__prefrontal__w10,0.5714533839321737,0.5332452833306014,0.5120252236518533
simultaneous_eeg_nirs__VP009__cnt_dsr__prefrontal__w10,VP009,simultaneous_eeg_nirs,simultaneous_eeg_nirs__prefrontal__outer0,wrong_subject,True,simultaneous_eeg_nirs__VP003__cnt_dsr__prefrontal__w15,0.6771899522812095,-0.8015620181633751,0.5430242559366417
simultaneous_eeg_nirs__VP009__cnt_dsr__prefrontal__w10,VP009,simultaneous_eeg_nirs,simultaneous_eeg_nirs__prefrontal__outer0,zero,True,simultaneous_eeg_nirs__VP009__cnt_dsr__prefrontal__w10,0.3839708778762646,,0.4994531915144974
simultaneous_eeg_nirs__VP009__cnt_dsr__prefrontal__w10,VP009,simultaneous_eeg_nirs,simultaneous_eeg_nirs__prefrontal__outer0,training_mean,True,simultaneous_eeg_nirs__VP009__cnt_dsr__prefrontal__w10,0.582957685500637,,0.5142414748169962
simultaneous_eeg_nirs__VP009__cnt_dsr__prefrontal__w15,VP009,simultaneous_eeg_nirs,simultaneous_eeg_nirs__prefrontal__outer0,real,True,simultaneous_eeg_nirs__VP009__cnt_dsr__prefrontal__w15,0.6329095512088105,0.004707646239957961,0.9582094694991273
simultaneous_eeg_nirs__VP009__cnt_dsr__prefrontal__w15,VP009,simultaneous_eeg_nirs,simultaneous_eeg_nirs__prefrontal__outer0,zero,True,simultaneous_eeg_nirs__VP009__cnt_dsr__prefrontal__w15,0.4315239779093502,,0.9151203636864211
simultaneous_eeg_nirs__VP009__cnt_dsr__prefrontal__w15,VP009,simultaneous_eeg_nirs,simultaneous_eeg_nirs__prefrontal__outer0,training_mean,True,simultaneous_eeg_nirs__VP009__cnt_dsr__prefrontal__w15,0.6269478990598037,,0.9566044395195125
simultaneous_eeg_nirs__VP013__cnt_nback__prefrontal__w3,VP013,simultaneous_eeg_nirs,simultaneous_eeg_nirs__prefrontal__outer0,real,True,simultaneous_eeg_nirs__VP013__cnt_nback__prefrontal__w3,0.39862978950781786,-0.5698073893236972,0.8536695869595051
simultaneous_eeg_nirs__VP013__cnt_nback__prefrontal__w3,VP013,simultaneous_eeg_nirs,simultaneous_eeg_nirs__prefrontal__outer0,zero,True,simultaneous_eeg_nirs__VP013__cnt_nback__prefrontal__w3,0.37536077618857744,,0.9325556096017694
simultaneous_eeg_nirs__VP013__cnt_nback__prefrontal__w3,VP013,simultaneous_eeg_nirs,simultaneous_eeg_nirs__prefrontal__outer0,training_mean,True,simultaneous_eeg_nirs__VP013__cnt_nback__prefrontal__w3,0.37014266294670384,,0.8542041899726556
simultaneous_eeg_nirs__VP013__cnt_nback__prefrontal__w16,VP013,simultaneous_eeg_nirs,simultaneous_eeg_nirs__prefrontal__outer0,real,True,simultaneous_eeg_nirs__VP013__cnt_nback__prefrontal__w16,1.6589371772199495,-0.1578843189167763,2.1951779200002846
simultaneous_eeg_nirs__VP013__cnt_nback__prefrontal__w16,VP013,simultaneous_eeg_nirs,simultaneous_eeg_nirs__prefrontal__outer0,zero,True,simultaneous_eeg_nirs__VP013__cnt_nback__prefrontal__w16,1.8339475790329807,,2.1999299409734263
simultaneous_eeg_nirs__VP013__cnt_nback__prefrontal__w16,VP013,simultaneous_eeg_nirs,simultaneous_eeg_nirs__prefrontal__outer0,training_mean,True,simultaneous_eeg_nirs__VP013__cnt_nback__prefrontal__w16,1.6519823925089325,,2.1953841820013325
simultaneous_eeg_nirs__VP013__cnt_nback__prefrontal__w8,VP013,simultaneous_eeg_nirs,simultaneous_eeg_nirs__prefrontal__outer0,real,True,simultaneous_eeg_nirs__VP013__cnt_nback__prefrontal__w8,0.12376424077299103,0.5865077967655401,0.5522204115074125
simultaneous_eeg_nirs__VP013__cnt_nback__prefrontal__w8,VP013,simultaneous_eeg_nirs,simultaneous_eeg_nirs__prefrontal__outer0,wrong_subject,True,simultaneous_eeg_nirs__VP017__cnt_nback__prefrontal__w8,0.14453732848275738,0.12453172315091747,0.5511052696174455
simultaneous_eeg_nirs__VP013__cnt_nback__prefrontal__w8,VP013,simultaneous_eeg_nirs,simultaneous_eeg_nirs__prefrontal__outer0,zero,True,simultaneous_eeg_nirs__VP013__cnt_nback__prefrontal__w8,0.3057657465928996,,0.5589794039482151
simultaneous_eeg_nirs__VP013__cnt_nback__prefrontal__w8,VP013,simultaneous_eeg_nirs,simultaneous_eeg_nirs__prefrontal__outer0,training_mean,True,simultaneous_eeg_nirs__VP013__cnt_nback__prefrontal__w8,0.14349173093401055,,0.5560874976408031
simultaneous_eeg_nirs__VP013__cnt_nback__prefrontal__w11,VP013,simultaneous_eeg_nirs,simultaneous_eeg_nirs__prefrontal__outer0,real,True,simultaneous_eeg_nirs__VP013__cnt_nback__prefrontal__w11,0.31077470626675063,0.33990813731310987,0.33937603221444185
simultaneous_eeg_nirs__VP013__cnt_nback__prefrontal__w11,VP013,simultaneous_eeg_nirs,simultaneous_eeg_nirs__prefrontal__outer0,wrong_subject,True,simultaneous_eeg_nirs__VP003__cnt_nback__prefrontal__w7,0.29563221299250675,0.6737558698089677,0.3317809870214514
simultaneous_eeg_nirs__VP013__cnt_nback__prefrontal__w11,VP013,simultaneous_eeg_nirs,simultaneous_eeg_nirs__prefrontal__outer0,zero,True,simultaneous_eeg_nirs__VP013__cnt_nback__prefrontal__w11,0.1617716416932889,,0.23256996404187102
simultaneous_eeg_nirs__VP013__cnt_nback__prefrontal__w11,VP013,simultaneous_eeg_nirs,simultaneous_eeg_nirs__prefrontal__outer0,training_mean,True,simultaneous_eeg_nirs__VP013__cnt_nback__prefrontal__w11,0.3460754398324913,,0.3696624166583917
simultaneous_eeg_nirs__VP019__cnt_nback__prefrontal__w3,VP019,simultaneous_eeg_nirs,simultaneous_eeg_nirs__prefrontal__outer0,real,True,simultaneous_eeg_nirs__VP019__cnt_nback__prefrontal__w3,0.2731268097186054,0.1835467819361442,0.3728490019361317
simultaneous_eeg_nirs__VP019__cnt_nback__prefrontal__w3,VP019,simultaneous_eeg_nirs,simultaneous_eeg_nirs__prefrontal__outer0,zero,True,simultaneous_eeg_nirs__VP019__cnt_nback__prefrontal__w3,0.24822886406660122,,0.34237900416247236
simultaneous_eeg_nirs__VP019__cnt_nback__prefrontal__w3,VP019,simultaneous_eeg_nirs,simultaneous_eeg_nirs__prefrontal__outer0,training_mean,True,simultaneous_eeg_nirs__VP019__cnt_nback__prefrontal__w3,0.28791773405594356,,0.3819440667944046
simultaneous_eeg_nirs__VP019__cnt_nback__prefrontal__w16,VP019,simultaneous_eeg_nirs,simultaneous_eeg_nirs__prefrontal__outer0,real,True,simultaneous_eeg_nirs__VP019__cnt_nback__prefrontal__w16,0.13237830613382487,-0.49903385240291515,0.6030425354666757
simultaneous_eeg_nirs__VP019__cnt_nback__prefrontal__w16,VP019,simultaneous_eeg_nirs,simultaneous_eeg_nirs__prefrontal__outer0,zero,True,simultaneous_eeg_nirs__VP019__cnt_nback__prefrontal__w16,0.24337762538317856,,0.6175703551328905
simultaneous_eeg_nirs__VP019__cnt_nback__prefrontal__w16,VP019,simultaneous_eeg_nirs,simultaneous_eeg_nirs__prefrontal__outer0,training_mean,True,simultaneous_eeg_nirs__VP019__cnt_nback__prefrontal__w16,0.09871072922486131,,0.5980531276512
simultaneous_eeg_nirs__VP019__cnt_nback__prefrontal__w8,VP019,simultaneous_eeg_nirs,simultaneous_eeg_nirs__prefrontal__outer0,real,True,simultaneous_eeg_nirs__VP019__cnt_nback__prefrontal__w8,0.11246933042011396,-0.3866665375558316,0.6711764029093978
simultaneous_eeg_nirs__VP019__cnt_nback__prefrontal__w8,VP019,simultaneous_eeg_nirs,simultaneous_eeg_nirs__prefrontal__outer0,wrong_subject,True,simultaneous_eeg_nirs__VP017__cnt_nback__prefrontal__w8,0.10161263719983477,-0.315323382103375,0.6628845730726753
simultaneous_eeg_nirs__VP019__cnt_nback__prefrontal__w8,VP019,simultaneous_eeg_nirs,simultaneous_eeg_nirs__prefrontal__outer0,zero,True,simultaneous_eeg_nirs__VP019__cnt_nback__prefrontal__w8,0.23037645443348023,,0.719425812350766
simultaneous_eeg_nirs__VP019__cnt_nback__prefrontal__w8,VP019,simultaneous_eeg_nirs,simultaneous_eeg_nirs__prefrontal__outer0,training_mean,True,simultaneous_eeg_nirs__VP019__cnt_nback__prefrontal__w8,0.09051165794580544,,0.6580194520286128
simultaneous_eeg_nirs__VP019__cnt_nback__prefrontal__w11,VP019,simultaneous_eeg_nirs,simultaneous_eeg_nirs__prefrontal__outer0,real,True,simultaneous_eeg_nirs__VP019__cnt_nback__prefrontal__w11,0.18096832295845156,0.23022834573078862,0.6296024958512612
simultaneous_eeg_nirs__VP019__cnt_nback__prefrontal__w11,VP019,simultaneous_eeg_nirs,simultaneous_eeg_nirs__prefrontal__outer0,wrong_subject,True,simultaneous_eeg_nirs__VP003__cnt_nback__prefrontal__w7,0.16403273139623883,0.37634088640538904,0.6094663149279677
simultaneous_eeg_nirs__VP019__cnt_nback__prefrontal__w11,VP019,simultaneous_eeg_nirs,simultaneous_eeg_nirs__prefrontal__outer0,zero,True,simultaneous_eeg_nirs__VP019__cnt_nback__prefrontal__w11,0.15560386046416536,,0.5042312816458345
simultaneous_eeg_nirs__VP019__cnt_nback__prefrontal__w11,VP019,simultaneous_eeg_nirs,simultaneous_eeg_nirs__prefrontal__outer0,training_mean,True,simultaneous_eeg_nirs__VP019__cnt_nback__prefrontal__w11,0.2016586457954875,,0.6520987399186152
simultaneous_eeg_nirs__VP020__cnt_dsr__prefrontal__w3,VP020,simultaneous_eeg_nirs,simultaneous_eeg_nirs__prefrontal__outer2,real,True,simultaneous_eeg_nirs__VP020__cnt_dsr__prefrontal__w3,0.8718973754113167,0.08840202801396013,0.8150524426509237
simultaneous_eeg_nirs__VP020__cnt_dsr__prefrontal__w3,VP020,simultaneous_eeg_nirs,simultaneous_eeg_nirs__prefrontal__outer2,wrong_subject,True,simultaneous_eeg_nirs__VP008__cnt_dsr__prefrontal__w26,0.9249965753217556,-0.5607827079109611,0.8546530392622551
simultaneous_eeg_nirs__VP020__cnt_dsr__prefrontal__w3,VP020,simultaneous_eeg_nirs,simultaneous_eeg_nirs__prefrontal__outer2,zero,True,simultaneous_eeg_nirs__VP020__cnt_dsr__prefrontal__w3,0.8002630217184771,,0.7583059893355784
simultaneous_eeg_nirs__VP020__cnt_dsr__prefrontal__w3,VP020,simultaneous_eeg_nirs,simultaneous_eeg_nirs__prefrontal__outer2,training_mean,True,simultaneous_eeg_nirs__VP020__cnt_dsr__prefrontal__w3,0.913082183556658,,0.8473730610024813
simultaneous_eeg_nirs__VP020__cnt_dsr__prefrontal__w22,VP020,simultaneous_eeg_nirs,simultaneous_eeg_nirs__prefrontal__outer2,real,True,simultaneous_eeg_nirs__VP020__cnt_dsr__prefrontal__w22,1.835589598806414,0.4961824854236442,1.4547601828795682
simultaneous_eeg_nirs__VP020__cnt_dsr__prefrontal__w22,VP020,simultaneous_eeg_nirs,simultaneous_eeg_nirs__prefrontal__outer2,wrong_subject,True,simultaneous_eeg_nirs__VP008__cnt_dsr__prefrontal__w26,1.9703204308511615,-0.2599431858719352,1.4944183229816979
simultaneous_eeg_nirs__VP020__cnt_dsr__prefrontal__w22,VP020,simultaneous_eeg_nirs,simultaneous_eeg_nirs__prefrontal__outer2,zero,True,simultaneous_eeg_nirs__VP020__cnt_dsr__prefrontal__w22,2.191440544198911,,1.5668172185757367
simultaneous_eeg_nirs__VP020__cnt_dsr__prefrontal__w22,VP020,simultaneous_eeg_nirs,simultaneous_eeg_nirs__prefrontal__outer2,training_mean,True,simultaneous_eeg_nirs__VP020__cnt_dsr__prefrontal__w22,1.969721072628469,,1.493574288912879
simultaneous_eeg_nirs__VP020__cnt_dsr__prefrontal__w10,VP020,simultaneous_eeg_nirs,simultaneous_eeg_nirs__prefrontal__outer2,real,True,simultaneous_eeg_nirs__VP020__cnt_dsr__prefrontal__w10,1.472524201071652,-0.4809070711887406,1.3242235056322365
simultaneous_eeg_nirs__VP020__cnt_dsr__prefrontal__w10,VP020,simultaneous_eeg_nirs,simultaneous_eeg_nirs__prefrontal__outer2,wrong_subject,True,simultaneous_eeg_nirs__VP008__cnt_dsr__prefrontal__w26,1.458824245437622,-0.3254936938889165,1.3178602406367004
simultaneous_eeg_nirs__VP020__cnt_dsr__prefrontal__w10,VP020,simultaneous_eeg_nirs,simultaneous_eeg_nirs__prefrontal__outer2,zero,True,simultaneous_eeg_nirs__VP020__cnt_dsr__prefrontal__w10,1.1928689535618053,,1.2271856097556542
simultaneous_eeg_nirs__VP020__cnt_dsr__prefrontal__w10,VP020,simultaneous_eeg_nirs,simultaneous_eeg_nirs__prefrontal__outer2,training_mean,True,simultaneous_eeg_nirs__VP020__cnt_dsr__prefrontal__w10,1.452690568054031,,1.3152715445110696
simultaneous_eeg_nirs__VP020__cnt_dsr__prefrontal__w15,VP020,simultaneous_eeg_nirs,simultaneous_eeg_nirs__prefrontal__outer2,real,True,simultaneous_eeg_nirs__VP020__cnt_dsr__prefrontal__w15,1.4435801293235317,0.40413264763389106,1.437265736298239
simultaneous_eeg_nirs__VP020__cnt_dsr__prefrontal__w15,VP020,simultaneous_eeg_nirs,simultaneous_eeg_nirs__prefrontal__outer2,wrong_subject,True,simultaneous_eeg_nirs__VP008__cnt_dsr__prefrontal__w26,1.4495647265856468,0.1643677546357492,1.4354628954859445
simultaneous_eeg_nirs__VP020__cnt_dsr__prefrontal__w15,VP020,simultaneous_eeg_nirs,simultaneous_eeg_nirs__prefrontal__outer2,zero,True,simultaneous_eeg_nirs__VP020__cnt_dsr__prefrontal__w15,1.5350482436980664,,1.4839506320064861
simultaneous_eeg_nirs__VP020__cnt_dsr__prefrontal__w15,VP020,simultaneous_eeg_nirs,simultaneous_eeg_nirs__prefrontal__outer2,training_mean,True,simultaneous_eeg_nirs__VP020__cnt_dsr__prefrontal__w15,1.453483270769297,,1.437850018559432
simultaneous_eeg_nirs__VP006__cnt_dsr__prefrontal__w3,VP006,simultaneous_eeg_nirs,simultaneous_eeg_nirs__prefrontal__outer4,real,True,simultaneous_eeg_nirs__VP006__cnt_dsr__prefrontal__w3,2.304227910018157,-0.41742712713909463,1.8773142910455924
simultaneous_eeg_nirs__VP006__cnt_dsr__prefrontal__w3,VP006,simultaneous_eeg_nirs,simultaneous_eeg_nirs__prefrontal__outer4,wrong_subject,True,simultaneous_eeg_nirs__VP001__cnt_dsr__prefrontal__w8,2.306423846034503,-0.5752892959433515,1.8758598433213842
simultaneous_eeg_nirs__VP006__cnt_dsr__prefrontal__w3,VP006,simultaneous_eeg_nirs,simultaneous_eeg_nirs__prefrontal__outer4,zero,True,simultaneous_eeg_nirs__VP006__cnt_dsr__prefrontal__w3,2.2326405618576786,,1.82855748014756
simultaneous_eeg_nirs__VP006__cnt_dsr__prefrontal__w3,VP006,simultaneous_eeg_nirs,simultaneous_eeg_nirs__prefrontal__outer4,training_mean,True,simultaneous_eeg_nirs__VP006__cnt_dsr__prefrontal__w3,2.298284005707974,,1.8737304480763453
simultaneous_eeg_nirs__VP006__cnt_dsr__prefrontal__w22,VP006,simultaneous_eeg_nirs,simultaneous_eeg_nirs__prefrontal__outer4,real,True,simultaneous_eeg_nirs__VP006__cnt_dsr__prefrontal__w22,1.1026184082041242,0.36391527450289357,0.7652251285109477
simultaneous_eeg_nirs__VP006__cnt_dsr__prefrontal__w22,VP006,simultaneous_eeg_nirs,simultaneous_eeg_nirs__prefrontal__outer4,wrong_subject,True,simultaneous_eeg_nirs__VP001__cnt_dsr__prefrontal__w8,1.1189893270720048,-0.6817752564018225,0.7663576035422137
simultaneous_eeg_nirs__VP006__cnt_dsr__prefrontal__w22,VP006,simultaneous_eeg_nirs,simultaneous_eeg_nirs__prefrontal__outer4,zero,True,simultaneous_eeg_nirs__VP006__cnt_dsr__prefrontal__w22,1.0552810586168884,,0.7234293567738009
simultaneous_eeg_nirs__VP006__cnt_dsr__prefrontal__w22,VP006,simultaneous_eeg_nirs,simultaneous_eeg_nirs__prefrontal__outer4,training_mean,True,simultaneous_eeg_nirs__VP006__cnt_dsr__prefrontal__w22,1.108405726755647,,0.7670448597852149
simultaneous_eeg_nirs__VP006__cnt_dsr__prefrontal__w10,VP006,simultaneous_eeg_nirs,simultaneous_eeg_nirs__prefrontal__outer4,real,True,simultaneous_eeg_nirs__VP006__cnt_dsr__prefrontal__w10,0.3723346803975656,-0.13693123282566563,0.6470811858864302
simultaneous_eeg_nirs__VP006__cnt_dsr__prefrontal__w10,VP006,simultaneous_eeg_nirs,simultaneous_eeg_nirs__prefrontal__outer4,wrong_subject,True,simultaneous_eeg_nirs__VP001__cnt_dsr__prefrontal__w8,0.3754068687412694,0.3353204250131491,0.646370801971124
simultaneous_eeg_nirs__VP006__cnt_dsr__prefrontal__w10,VP006,simultaneous_eeg_nirs,simultaneous_eeg_nirs__prefrontal__outer4,zero,True,simultaneous_eeg_nirs__VP006__cnt_dsr__prefrontal__w10,0.5098435618192448,,0.6801664784128548
simultaneous_eeg_nirs__VP006__cnt_dsr__prefrontal__w10,VP006,simultaneous_eeg_nirs,simultaneous_eeg_nirs__prefrontal__outer4,training_mean,True,simultaneous_eeg_nirs__VP006__cnt_dsr__prefrontal__w10,0.37554793886055937,,0.6479034661031624
simultaneous_eeg_nirs__VP006__cnt_dsr__prefrontal__w15,VP006,simultaneous_eeg_nirs,simultaneous_eeg_nirs__prefrontal__outer4,real,True,simultaneous_eeg_nirs__VP006__cnt_dsr__prefrontal__w15,2.258604358382038,-0.25365604292689087,1.4713389674522126
simultaneous_eeg_nirs__VP006__cnt_dsr__prefrontal__w15,VP006,simultaneous_eeg_nirs,simultaneous_eeg_nirs__prefrontal__outer4,wrong_subject,True,simultaneous_eeg_nirs__VP001__cnt_dsr__prefrontal__w8,2.2603995727122395,-0.17514436449792498,1.476180564385763
simultaneous_eeg_nirs__VP006__cnt_dsr__prefrontal__w15,VP006,simultaneous_eeg_nirs,simultaneous_eeg_nirs__prefrontal__outer4,zero,True,simultaneous_eeg_nirs__VP006__cnt_dsr__prefrontal__w15,2.2664319539561,,1.5129564543947869
simultaneous_eeg_nirs__VP006__cnt_dsr__prefrontal__w15,VP006,simultaneous_eeg_nirs,simultaneous_eeg_nirs__prefrontal__outer4,training_mean,True,simultaneous_eeg_nirs__VP006__cnt_dsr__prefrontal__w15,2.25663753661158,,1.4729342038140558
simultaneous_eeg_nirs__VP003__cnt_dsr__prefrontal__w3,VP003,simultaneous_eeg_nirs,simultaneous_eeg_nirs__prefrontal__outer4,real,True,simultaneous_eeg_nirs__VP003__cnt_dsr__prefrontal__w3,0.531811943023132,-0.09061191288909902,0.8056570874110675
simultaneous_eeg_nirs__VP003__cnt_dsr__prefrontal__w3,VP003,simultaneous_eeg_nirs,simultaneous_eeg_nirs__prefrontal__outer4,wrong_subject,True,simultaneous_eeg_nirs__VP014__cnt_dsr__prefrontal__w0,0.5486089501520134,-0.052512374775333784,0.8130031995344715
simultaneous_eeg_nirs__VP003__cnt_dsr__prefrontal__w3,VP003,simultaneous_eeg_nirs,simultaneous_eeg_nirs__prefrontal__outer4,zero,True,simultaneous_eeg_nirs__VP003__cnt_dsr__prefrontal__w3,0.6921228318519986,,0.8597109992241053
simultaneous_eeg_nirs__VP003__cnt_dsr__prefrontal__w3,VP003,simultaneous_eeg_nirs,simultaneous_eeg_nirs__prefrontal__outer4,training_mean,True,simultaneous_eeg_nirs__VP003__cnt_dsr__prefrontal__w3,0.5473363606654831,,0.8122100965355701
simultaneous_eeg_nirs__VP003__cnt_dsr__prefrontal__w22,VP003,simultaneous_eeg_nirs,simultaneous_eeg_nirs__prefrontal__outer4,real,True,simultaneous_eeg_nirs__VP003__cnt_dsr__prefrontal__w22,1.128281569370184,0.35359361642353626,1.0796547702616375
simultaneous_eeg_nirs__VP003__cnt_dsr__prefrontal__w22,VP003,simultaneous_eeg_nirs,simultaneous_eeg_nirs__prefrontal__outer4,wrong_subject,True,simultaneous_eeg_nirs__VP001__cnt_dsr__prefrontal__w8,1.166427026520759,-0.7341926852913927,1.0932005746539986
simultaneous_eeg_nirs__VP003__cnt_dsr__prefrontal__w22,VP003,simultaneous_eeg_nirs,simultaneous_eeg_nirs__prefrontal__outer4,zero,True,simultaneous_eeg_nirs__VP003__cnt_dsr__prefrontal__w22,1.3074218520944232,,1.1455216530186705
simultaneous_eeg_nirs__VP003__cnt_dsr__prefrontal__w22,VP003,simultaneous_eeg_nirs,simultaneous_eeg_nirs__prefrontal__outer4,training_mean,True,simultaneous_eeg_nirs__VP003__cnt_dsr__prefrontal__w22,1.1533130613222526,,1.0897792270956794
simultaneous_eeg_nirs__VP003__cnt_dsr__prefrontal__w10,VP003,simultaneous_eeg_nirs,simultaneous_eeg_nirs__prefrontal__outer4,real,True,simultaneous_eeg_nirs__VP003__cnt_dsr__prefrontal__w10,0.9130019205333931,-0.25621513846085364,0.5122713201811346
simultaneous_eeg_nirs__VP003__cnt_dsr__prefrontal__w10,VP003,simultaneous_eeg_nirs,simultaneous_eeg_nirs__prefrontal__outer4,wrong_subject,True,simultaneous_eeg_nirs__VP014__cnt_dsr__prefrontal__w0,0.8831422602210761,-0.41562957572929926,0.5139255057452509
simultaneous_eeg_nirs__VP003__cnt_dsr__prefrontal__w10,VP003,simultaneous_eeg_nirs,simultaneous_eeg_nirs__prefrontal__outer4,zero,True,simultaneous_eeg_nirs__VP003__cnt_dsr__prefrontal__w10,0.7597175702406415,,0.532628314983299
simultaneous_eeg_nirs__VP003__cnt_dsr__prefrontal__w10,VP003,simultaneous_eeg_nirs,simultaneous_eeg_nirs__prefrontal__outer4,training_mean,True,simultaneous_eeg_nirs__VP003__cnt_dsr__prefrontal__w10,0.8794582847847993,,0.5131127320546814
simultaneous_eeg_nirs__VP003__cnt_dsr__prefrontal__w15,VP003,simultaneous_eeg_nirs,simultaneous_eeg_nirs__prefrontal__outer4,real,True,simultaneous_eeg_nirs__VP003__cnt_dsr__prefrontal__w15,0.7035715617753168,0.3888986417420052,0.8053092564122888
simultaneous_eeg_nirs__VP003__cnt_dsr__prefrontal__w15,VP003,simultaneous_eeg_nirs,simultaneous_eeg_nirs__prefrontal__outer4,wrong_subject,True,simultaneous_eeg_nirs__VP014__cnt_dsr__prefrontal__w0,0.742770728452539,0.5538616795550526,0.7916127432964887
simultaneous_eeg_nirs__VP003__cnt_dsr__prefrontal__w15,VP003,simultaneous_eeg_nirs,simultaneous_eeg_nirs__prefrontal__outer4,zero,True,simultaneous_eeg_nirs__VP003__cnt_dsr__prefrontal__w15,0.8691240848747307,,0.7581975274775752
simultaneous_eeg_nirs__VP003__cnt_dsr__prefrontal__w15,VP003,simultaneous_eeg_nirs,simultaneous_eeg_nirs__prefrontal__outer4,training_mean,True,simultaneous_eeg_nirs__VP003__cnt_dsr__prefrontal__w15,0.7485064141608562,,0.792236778679575
