scenario,mode,arm,denominator,converged,success_fraction,driver_change_error_SD_median,driver_change_error_SD_mean,driver_change_error_SD_p90,driver_estimated_change_SD_median,driver_estimated_change_SD_mean,driver_estimated_change_SD_p90,driver_truth_change_SD_median,driver_truth_change_SD_mean,driver_truth_change_SD_p90,physical_prediction_change_error_SD_median,physical_prediction_change_error_SD_mean,physical_prediction_change_error_SD_p90,observation_component_change_error_SD_median,observation_component_change_error_SD_mean,observation_component_change_error_SD_p90,physical_prediction_projection_fraction_median,physical_prediction_projection_fraction_mean,physical_prediction_projection_fraction_p90,observation_component_projection_fraction_median,observation_component_projection_fraction_mean,observation_component_projection_fraction_p90,residual_projection_fraction_median,residual_projection_fraction_mean,residual_projection_fraction_p90
EEG_gain,EEG_hidden,D-combined,32,32,1.0,0.0,0.0,0.0,0.0,0.0,0.0,0.0,0.0,0.0,0.0,0.0,0.0,0.0,0.0,0.0,,,,,,,,,
EEG_gain,EEG_hidden,D-exchange,32,32,1.0,0.0,0.0,0.0,0.0,0.0,0.0,0.0,0.0,0.0,0.0,0.0,0.0,0.0,0.0,0.0,,,,,,,,,
EEG_gain,EEG_hidden,D-fixed,32,32,1.0,0.0,0.0,0.0,0.0,0.0,0.0,0.0,0.0,0.0,0.0,0.0,0.0,0.0,0.0,0.0,,,,,,,,,
EEG_gain,EEG_hidden,D-trained,32,32,1.0,0.0,0.0,0.0,0.0,0.0,0.0,0.0,0.0,0.0,0.0,0.0,0.0,0.0,0.0,0.0,,,,,,,,,
EEG_gain,EEG_hidden,M0,32,32,1.0,0.0,0.0,0.0,0.0,0.0,0.0,0.0,0.0,0.0,0.0,0.0,0.0,0.0,0.0,0.0,,,,,,,,,
EEG_gain,Hb_hidden,D-combined,32,32,1.0,0.28337561403629563,0.27948529459359817,0.2936344577313623,0.28337561403629563,0.27948529459359817,0.2936344577313623,0.0,0.0,0.0,0.2711896436502551,0.26720228992335254,0.32252084120112035,0.0,0.0,0.0,,,,,,,,,
EEG_gain,Hb_hidden,D-exchange,32,32,1.0,0.29454856716597344,0.29137733784974557,0.3077561792361901,0.29454856716597344,0.29137733784974557,0.3077561792361901,0.0,0.0,0.0,0.2754881772641288,0.2712839517750679,0.32398760590202375,0.0,0.0,0.0,,,,,,,,,
EEG_gain,Hb_hidden,D-fixed,32,32,1.0,0.29454856716597344,0.29137733784974557,0.3077561792361901,0.29454856716597344,0.29137733784974557,0.3077561792361901,0.0,0.0,0.0,0.2754881772641288,0.2712839517750679,0.32398760590202375,0.0,0.0,0.0,,,,,,,,,
EEG_gain,Hb_hidden,D-trained,32,32,1.0,0.29454856716597344,0.29137733784974557,0.3077561792361901,0.29454856716597344,0.29137733784974557,0.3077561792361901,0.0,0.0,0.0,0.2754881772641288,0.2712839517750679,0.32398760590202375,0.0,0.0,0.0,,,,,,,,,
EEG_gain,Hb_hidden,M0,32,32,1.0,0.29454856716597344,0.29137733784974557,0.3077561792361901,0.29454856716597344,0.29137733784974557,0.3077561792361901,0.0,0.0,0.0,0.2754881772641285,0.271283951775068,0.3239876059020238,0.0,0.0,0.0,,,,,,,,,
EEG_gain,full,D-combined,32,32,1.0,0.2471527821481509,0.2538146044252213,0.2909134459376713,0.2471527821481509,0.2538146044252213,0.2909134459376713,0.0,0.0,0.0,0.14591582784964385,0.15507937312444295,0.2208065629052736,0.020940833238716552,0.020696074917236393,0.028165392354144406,,,,,,,,,
EEG_gain,full,D-exchange,32,32,1.0,0.43914271250018355,0.44145226786270314,0.5939215172323581,0.43914271250018355,0.44145226786270314,0.5939215172323581,0.0,0.0,0.0,0.19019059582957748,0.19887171747161592,0.27467069017312484,0.10712246390899469,0.10758013647304673,0.15963404249150107,,,,,,,,,
EEG_gain,full,D-fixed,32,32,1.0,0.47503515782648753,0.4544204570353174,0.5649560350854467,0.47503515782648753,0.4544204570353174,0.5649560350854467,0.0,0.0,0.0,0.1495316570826542,0.15822527860558533,0.22366034096693643,0.015855183493528872,0.017319435869203304,0.022892944019867877,,,,,,,,,
EEG_gain,full,D-trained,32,32,1.0,0.45911450346635213,0.448003435631713,0.560952902606937,0.45911450346635213,0.448003435631713,0.560952902606937,0.0,0.0,0.0,0.1514438548357638,0.162136274982454,0.2280955677573423,0.034303568477472124,0.03334422830831332,0.05233786256478987,,,,,,,,,
EEG_gain,full,M0,32,32,1.0,0.48530411607584595,0.4722773149109346,0.5974823734741177,0.48530411607584595,0.4722773149109346,0.5974823734741177,0.0,0.0,0.0,0.14753146965883118,0.15635063953757372,0.22247869040596469,0.0,0.0,0.0,,,,,,,,,
Hb_gain,EEG_hidden,D-combined,32,32,1.0,0.21862386172703036,0.2170305115654586,0.2567428139952127,0.21862386172703036,0.2170305115654586,0.2567428139952127,0.0,0.0,0.0,0.2331337848538833,0.24726489432721555,0.3096536369554478,0.0032070511093398963,0.0038413165846118064,0.00713240072908331,,,,,,,,,
Hb_gain,EEG_hidden,D-exchange,32,32,1.0,0.34396612235509966,0.3774092241976401,0.47972546109731107,0.34396612235509966,0.3774092241976401,0.47972546109731107,0.0,0.0,0.0,0.28557173518810086,0.30083770678688515,0.38488858709037793,0.005100050237016523,0.007131324342077424,0.012469177531855526,,,,,,,,,
Hb_gain,EEG_hidden,D-fixed,32,32,1.0,0.3490844343917316,0.38104299834932415,0.5299345876086626,0.3490844343917316,0.38104299834932415,0.5299345876086626,0.0,0.0,0.0,0.29001252772547287,0.3045210745128519,0.3922760526456233,0.002160150771609105,0.002865464065226372,0.005656088488430647,,,,,,,,,
Hb_gain,EEG_hidden,D-trained,32,32,1.0,0.3484625950122194,0.3787690121360691,0.5041393291288871,0.3484625950122194,0.3787690121360691,0.5041393291288871,0.0,0.0,0.0,0.28619466829464457,0.302926524394631,0.39175667693204735,0.003441950154239812,0.004097216914076949,0.008074533814698555,,,,,,,,,
Hb_gain,EEG_hidden,M0,32,32,1.0,0.362047753693899,0.38961448904430573,0.5329397208324611,0.362047753693899,0.38961448904430573,0.5329397208324611,0.0,0.0,0.0,0.2920798395968106,0.3084705876181636,0.3882436285022686,0.0,0.0,0.0,,,,,,,,,
Hb_gain,Hb_hidden,D-combined,32,32,1.0,0.0,0.0,0.0,0.0,0.0,0.0,0.0,0.0,0.0,0.0,0.0,0.0,0.0,0.0,0.0,,,,,,,,,
Hb_gain,Hb_hidden,D-exchange,32,32,1.0,0.0,0.0,0.0,0.0,0.0,0.0,0.0,0.0,0.0,0.0,0.0,0.0,0.0,0.0,0.0,,,,,,,,,
Hb_gain,Hb_hidden,D-fixed,32,32,1.0,0.0,0.0,0.0,0.0,0.0,0.0,0.0,0.0,0.0,0.0,0.0,0.0,0.0,0.0,0.0,,,,,,,,,
Hb_gain,Hb_hidden,D-trained,32,32,1.0,0.0,0.0,0.0,0.0,0.0,0.0,0.0,0.0,0.0,0.0,0.0,0.0,0.0,0.0,0.0,,,,,,,,,
Hb_gain,Hb_hidden,M0,32,32,1.0,0.0,0.0,0.0,0.0,0.0,0.0,0.0,0.0,0.0,0.0,0.0,0.0,0.0,0.0,0.0,,,,,,,,,
Hb_gain,full,D-combined,32,32,1.0,0.17794925064572903,0.17240382840863797,0.22531536120703205,0.17794925064572903,0.17240382840863797,0.22531536120703205,0.0,0.0,0.0,0.1730781690564491,0.18440880945121274,0.24186783777334755,0.02134033100190593,0.02177263313933153,0.031948503779160704,,,,,,,,,
Hb_gain,full,D-exchange,32,32,1.0,0.3516719255260997,0.3444836451776517,0.4981119798861329,0.3516719255260997,0.3444836451776517,0.4981119798861329,0.0,0.0,0.0,0.14720420284542446,0.15629628008635404,0.22403781192654573,0.1055732141692329,0.10766536571175492,0.15792061690819412,,,,,,,,,
Hb_gain,full,D-fixed,32,32,1.0,0.429216175746564,0.3879390176533124,0.5088885670363746,0.429216175746564,0.3879390176533124,0.5088885670363746,0.0,0.0,0.0,0.17712499544755644,0.18721323387862807,0.24597937029852507,0.016797047713462868,0.017565628666598707,0.02536277360126303,,,,,,,,,
Hb_gain,full,D-trained,32,32,1.0,0.3998526946318496,0.37604936091761865,0.49921465569043655,0.3998526946318496,0.37604936091761865,0.49921465569043655,0.0,0.0,0.0,0.17434872542940946,0.1792087075955318,0.23856505295078748,0.03260605930039277,0.03279983262838053,0.05017538385356105,,,,,,,,,
Hb_gain,full,M0,32,32,1.0,0.4327788800846314,0.40900372306462524,0.5271587380137476,0.4327788800846314,0.40900372306462524,0.5271587380137476,0.0,0.0,0.0,0.177647661737164,0.1909942084491506,0.24952076436089807,0.0,0.0,0.0,,,,,,,,,
common_basis,EEG_hidden,D-combined,32,32,1.0,0.06275612760037166,0.07902528018448539,0.15772824553723624,0.06275612760037166,0.07902528018448539,0.15772824553723624,0.0,0.0,0.0,0.1202754287220612,0.13587797970025278,0.22858927833185644,0.11999126268691711,0.13348154290504483,0.22829910634873163,0.2230001224681434,0.2069629663538236,0.4280277303238538,0.742097902950293,0.7540891950605104,0.9257652553474869,0.02590571960256147,0.03894783858566588,0.08105016622794656
common_basis,EEG_hidden,D-exchange,32,32,1.0,5.198801740609525,6.15623315526671,8.636554459080386,5.198801740609525,6.15623315526671,8.636554459080386,0.0,0.0,0.0,2.7898038863140777,3.2708638942762445,4.539440770471859,0.36166076654739904,0.40720053567528147,0.6345530247373382,0.21469160304289397,0.1788625791227412,0.42047914878520515,0.755163475744883,0.759551783902072,1.000460706843311,0.04033743589708198,0.061585636975186854,0.13056125617725375
common_basis,EEG_hidden,D-fixed,32,32,1.0,3.344027354520437,4.36457880771524,8.151820870742345,3.344027354520437,4.36457880771524,8.151820870742345,0.0,0.0,0.0,1.7623940116416223,2.298470706601662,4.296851129602167,0.1468888803766082,0.15259615678455418,0.25324943898619406,0.25792534367312814,0.2568487426322046,0.4437824448441933,0.6980127142075967,0.7084485672707397,0.9103727517423089,0.0212294636689006,0.03470269009705585,0.07631950399236392
common_basis,EEG_hidden,D-trained,32,32,1.0,3.2012673617221417,3.927190570023143,7.828966747968502,3.2012673617221417,3.927190570023143,7.828966747968502,0.0,0.0,0.0,1.6823386344667914,2.06534241012241,4.118507902071115,0.14703471131720783,0.14039844149876723,0.22815961326219758,0.1492067999292911,0.13505144061310959,0.2957803465036573,0.8228101045622067,0.8389770205274191,1.032812184291112,0.016039025463295907,0.025971538859471437,0.0555304907252219
common_basis,EEG_hidden,M0,32,26,0.8125,10.710058414115345,13.609682200784588,30.872903284288764,10.710058414115345,13.609682200784588,30.872903284288764,0.0,0.0,0.0,5.64070327729452,7.163692625501434,16.257559720315488,0.35697701208103216,0.40599543343609246,0.6246502757082513,0.9101830847552843,0.8825746492310091,0.9524419657668965,0.0,0.0,0.0,0.0898169152447156,0.117425350768991,0.2325863537961036
common_basis,Hb_hidden,D-combined,32,32,1.0,0.0,0.0,0.0,0.0,0.0,0.0,0.0,0.0,0.0,0.0,0.0,0.0,0.3978139404553158,0.4479632295574174,0.7103449417071558,0.0,0.0,0.0,0.0,0.0,0.0,1.0,1.0,1.0
common_basis,Hb_hidden,D-exchange,32,32,1.0,0.0,0.0,0.0,0.0,0.0,0.0,0.0,0.0,0.0,0.0,0.0,0.0,0.3978139404553158,0.4479632295574174,0.7103449417071558,0.0,0.0,0.0,0.0,0.0,0.0,1.0,1.0,1.0
common_basis,Hb_hidden,D-fixed,32,32,1.0,0.0,0.0,0.0,0.0,0.0,0.0,0.0,0.0,0.0,0.0,0.0,0.0,0.3978139404553158,0.4479632295574174,0.7103449417071558,0.0,0.0,0.0,0.0,0.0,0.0,1.0,1.0,1.0
common_basis,Hb_hidden,D-trained,32,32,1.0,0.0,0.0,0.0,0.0,0.0,0.0,0.0,0.0,0.0,0.0,0.0,0.0,0.3978139404553158,0.4479632295574174,0.7103449417071558,0.0,0.0,0.0,0.0,0.0,0.0,1.0,1.0,1.0
common_basis,Hb_hidden,M0,32,32,1.0,0.0,0.0,0.0,0.0,0.0,0.0,0.0,0.0,0.0,0.0,0.0,0.0,0.3978139404553158,0.4479632295574174,0.7103449417071558,0.0,0.0,0.0,0.0,0.0,0.0,1.0,1.0,1.0
common_basis,full,D-combined,32,32,1.0,0.017671093094251997,0.02504675702969239,0.061978166430873505,0.017671093094251997,0.02504675702969239,0.061978166430873505,0.0,0.0,0.0,0.10889581453780034,0.12208938776736301,0.2099205626600296,0.1183531867179346,0.1300177475697948,0.21972253923085805,0.21399779706191596,0.1957126278452329,0.41978476385358177,0.7523695114655068,0.7638189399552738,0.9336008721357979,0.027002772454005126,0.040468432199493226,0.08288361975502201
common_basis,full,D-exchange,32,32,1.0,0.18532379020963008,0.2966252120131055,0.7293725294504921,0.18532379020963008,0.2966252120131055,0.7293725294504921,0.0,0.0,0.0,0.2814333897572997,0.3273356957792211,0.5343806821144461,0.30635262444878214,0.3508900343544005,0.5661477881811893,0.29901312949521364,0.28607321993415047,0.5624002947812432,0.6137415739504952,0.6043172666544229,0.8393708165089011,0.0782064586798264,0.1096095134114267,0.23753934368463994
common_basis,full,D-fixed,32,32,1.0,0.04103976468829174,0.0600102853589093,0.1679638479835384,0.04103976468829174,0.0600102853589093,0.1679638479835384,0.0,0.0,0.0,0.1108319276270725,0.12317129446702445,0.21177788471325795,0.11876040801006438,0.13101998648142973,0.22187435310029416,0.21632139774678139,0.19754112180621686,0.418591975093015,0.7472800655273897,0.7621427413004238,0.9298124042366782,0.026928118743813484,0.0403161368933594,0.08279079284900186
common_basis,full,D-trained,32,32,1.0,0.05404306162326332,0.0750025541432276,0.1660016040673518,0.05404306162326332,0.0750025541432276,0.1660016040673518,0.0,0.0,0.0,0.12472530485873562,0.12586380327226676,0.2166143111503644,0.13541012027242877,0.13293345726329553,0.22366219023830985,0.09737351895617626,0.096562123927565,0.2973056285438069,0.8851821170198177,0.8714213192050324,1.048399445390202,0.02139187127090282,0.032016556867402735,0.06400492078994907
common_basis,full,M0,32,32,1.0,0.21419741340525836,0.3368749562330569,0.5983324045095574,0.21419741340525836,0.3368749562330569,0.5983324045095574,0.0,0.0,0.0,0.34593992923191536,0.3962476652631545,0.654596601091888,0.3978139404553158,0.4479632295574174,0.7103449417071558,0.8523017217140221,0.7730088484089096,0.9095181107668617,0.0,0.0,0.0,0.14769827828597795,0.2269911515910904,0.5184736792361753
common_colored,EEG_hidden,D-combined,32,32,1.0,0.34547508559685836,0.35084078879058533,0.549374976884545,0.34547508559685836,0.35084078879058533,0.549374976884545,0.0,0.0,0.0,0.42852343476114907,0.43361397551270486,0.6462904172268784,0.4420778442522503,0.45528934488621725,0.6670113867673,0.1611199459402068,0.20868432114634097,0.4869930688890917,0.6014990938265551,0.6138488861339306,0.8730780937967046,0.15391943621802665,0.17746679271972837,0.39851074377620566
common_colored,EEG_hidden,D-exchange,32,26,0.8125,30.354692566471012,27.01269903057308,37.6421054776181,30.354692566471012,27.01269903057308,37.6421054776181,0.0,0.0,0.0,15.903730978401533,14.186190882583798,19.770085358517193,0.7040056243563448,0.7173183043661087,0.94797522384597,0.4443519660529151,0.4719302845582102,0.8343282699987299,0.4705052058694917,0.4327431221585767,0.7706050703703065,0.07861133166230078,0.09532659328321308,0.13275899700552304
common_colored,EEG_hidden,D-fixed,32,30,0.9375,25.52926957110916,22.24622105308633,34.949320068906495,25.52926957110916,22.24622105308633,34.949320068906495,0.0,0.0,0.0,13.384355557180738,11.667545932003062,18.297684672431583,0.45031534907359405,0.47818828828954557,0.6947085908810232,0.3193200769246341,0.3644931006063838,0.6983954295969587,0.5462381641085282,0.5364702153528975,0.8135161616465825,0.07567939160035898,0.09903668404071861,0.1621512808204055
common_colored,EEG_hidden,D-trained,32,32,1.0,19.78657555460785,20.661010664393515,34.40196090307038,19.78657555460785,20.661010664393515,34.40196090307038,0.0,0.0,0.0,10.342541255714151,10.840495619249948,17.958021406850094,0.5028987297661345,0.4864500731980823,0.727696320823785,0.21030339154125893,0.2604197021696809,0.5622432161844841,0.6564762614708523,0.6426654810420409,0.9777188936229175,0.07320465110114871,0.09691481678827817,0.17052204930883383
common_colored,EEG_hidden,M0,32,25,0.78125,38.59927258189946,37.817075736637214,43.07990670031224,38.59927258189946,37.817075736637214,43.07990670031224,0.0,0.0,0.0,20.16563490694117,19.8288922031926,22.612373630142898,0.7783040469986533,0.75729321168943,1.0194046833198542,0.9000292125473168,0.883295004674903,0.9315646640185188,0.0,0.0,0.0,0.0999707874526833,0.11670499532509701,0.15039153122338886
common_colored,Hb_hidden,D-combined,32,32,1.0,0.0,0.0,0.0,0.0,0.0,0.0,0.0,0.0,0.0,0.0,0.0,0.0,0.7390079146260414,0.7506588373440215,0.9718756164344127,0.0,0.0,0.0,0.0,0.0,0.0,1.0,1.0,1.0
common_colored,Hb_hidden,D-exchange,32,32,1.0,0.0,0.0,0.0,0.0,0.0,0.0,0.0,0.0,0.0,0.0,0.0,0.0,0.7390079146260414,0.7506588373440215,0.9718756164344127,0.0,0.0,0.0,0.0,0.0,0.0,1.0,1.0,1.0
common_colored,Hb_hidden,D-fixed,32,32,1.0,0.0,0.0,0.0,0.0,0.0,0.0,0.0,0.0,0.0,0.0,0.0,0.0,0.7390079146260414,0.7506588373440215,0.9718756164344127,0.0,0.0,0.0,0.0,0.0,0.0,1.0,1.0,1.0
common_colored,Hb_hidden,D-trained,32,32,1.0,0.0,0.0,0.0,0.0,0.0,0.0,0.0,0.0,0.0,0.0,0.0,0.0,0.7390079146260414,0.7506588373440215,0.9718756164344127,0.0,0.0,0.0,0.0,0.0,0.0,1.0,1.0,1.0
common_colored,Hb_hidden,M0,32,32,1.0,0.0,0.0,0.0,0.0,0.0,0.0,0.0,0.0,0.0,0.0,0.0,0.0,0.7390079146260414,0.7506588373440215,0.9718756164344127,0.0,0.0,0.0,0.0,0.0,0.0,1.0,1.0,1.0
common_colored,full,D-combined,32,32,1.0,0.11893072596176069,0.15385602994792885,0.3110156358446637,0.11893072596176069,0.15385602994792885,0.3110156358446637,0.0,0.0,0.0,0.36305386943633666,0.36659971222223325,0.6041229859698897,0.4506314313206427,0.45650523426812956,0.6858086250745761,0.1297552330009065,0.1786438623039086,0.4920437305138987,0.6113868927911766,0.6264976351374443,0.9059101906748505,0.16634513108818144,0.19485850255864712,0.4463066396540091
common_colored,full,D-exchange,32,32,1.0,0.4402274387960807,0.6519612741396281,1.5666458876289566,0.4402274387960807,0.6519612741396281,1.5666458876289566,0.0,0.0,0.0,0.5617321089032207,0.5875050793174648,0.8465154530057782,0.6723195762681546,0.685655606820678,0.9221973084417798,0.2356965931858188,0.2517943240793007,0.6285433283353404,0.48557298628468015,0.47215704428310773,0.7807440471131644,0.2348039877976514,0.2760486316375916,0.5501797274629456
common_colored,full,D-fixed,32,32,1.0,0.22092109026497797,0.3699358906270039,1.0237471089874823,0.22092109026497797,0.3699358906270039,1.0237471089874823,0.0,0.0,0.0,0.36316263646078695,0.36731702271252564,0.6038476808417655,0.44895265542978924,0.4565822844165963,0.6841730684557594,0.12866705597826342,0.18275574817519114,0.4935788317179299,0.613484151397883,0.6240239735810711,0.8968941289444134,0.16361398706712296,0.19322027824373772,0.44350799621028975
common_colored,full,D-trained,32,32,1.0,0.22743881792145176,0.356805829061186,0.9327224417475302,0.22743881792145176,0.356805829061186,0.9327224417475302,0.0,0.0,0.0,0.3846821800114236,0.3954929399795354,0.6245879521029056,0.49834196195452596,0.4745095910315399,0.7274945594935703,0.06632430038980507,0.08708131938374576,0.3957162833562355,0.7320867549413385,0.7329146652835061,1.032240694134546,0.15031545154179576,0.18000401533274807,0.43399324259299027
common_colored,full,M0,32,32,1.0,0.761619221301951,0.9605149385597763,1.887304321303474,0.761619221301951,0.9605149385597763,1.887304321303474,0.0,0.0,0.0,0.5843337389412643,0.5847246417345047,0.8847783014621196,0.7390079146260414,0.7506588373440215,0.9718756164344127,0.6396363664705415,0.5990255857285046,0.8603719386730266,0.0,0.0,0.0,0.3603636335294585,0.4009744142714954,0.7662887989372018
common_correlated,EEG_hidden,D-combined,32,32,1.0,0.27500384144809287,0.30245191091264456,0.5002510247438267,0.27500384144809287,0.30245191091264456,0.5002510247438267,0.0,0.0,0.0,0.35789321632758064,0.38927750790867754,0.651273348835538,0.36639077820814336,0.4138518799042466,0.6648005755937465,0.16156071044009912,0.21623366896413326,0.5617381969118478,0.7056194625534726,0.6526881739513618,0.9098836582067618,0.11324379493698965,0.13107815708450482,0.22669594626784573
common_correlated,EEG_hidden,D-exchange,32,26,0.8125,27.5254180000344,23.61811712946256,37.77164229530193,27.5254180000344,23.61811712946256,37.77164229530193,0.0,0.0,0.0,14.424049131226992,12.380074957638946,19.660352571094165,0.6628088427157213,0.6829964671324202,0.8752867390893687,0.34317929913019396,0.40319917215816037,0.7456440893206183,0.5710671883847456,0.5094110914345447,0.7477501004759818,0.08274747652933848,0.08738973640729499,0.12618727170447627
common_correlated,EEG_hidden,D-fixed,32,29,0.90625,13.206284764569054,17.747958831768408,34.76505429300636,13.206284764569054,17.747958831768408,34.76505429300636,0.0,0.0,0.0,6.9637770967891965,9.288499653234298,18.342057986400807,0.3976510293588125,0.43449791305072993,0.6743947495532345,0.34996914491676073,0.34501051241207137,0.6486963432320318,0.5750689782350692,0.5721598600084818,0.8138567716369728,0.08070381235060953,0.08282962757944673,0.1393334392116772
common_correlated,EEG_hidden,D-trained,32,31,0.96875,13.065258187064234,17.611303391894065,34.93761716029024,13.065258187064234,17.611303391894065,34.93761716029024,0.0,0.0,0.0,6.87933238344278,9.215230760648318,18.15785365719111,0.399509755558251,0.43374394410182393,0.6162139271171668,0.24272841597009992,0.22740839119402712,0.5922971819916175,0.7040997340965504,0.6959456397086431,0.979988681379489,0.07698112762482634,0.07664596909732976,0.12972237748707308
common_correlated,EEG_hidden,M0,32,26,0.8125,34.78304532863112,33.31240907151762,42.69989584443137,34.78304532863112,33.31240907151762,42.69989584443137,0.0,0.0,0.0,18.267908793261356,17.453423801247727,22.271561053102715,0.7266339974405942,0.7440240971142542,0.9877829179669507,0.91549441246445,0.9059854225014166,0.9569186229398091,0.0,0.0,0.0,0.08450558753555007,0.09401457749858325,0.14380786899516668
common_correlated,Hb_hidden,D-combined,32,32,1.0,0.0,0.0,0.0,0.0,0.0,0.0,0.0,0.0,0.0,0.0,0.0,0.0,0.7091406204848407,0.7311015825591558,0.9552399111063505,0.0,0.0,0.0,0.0,0.0,0.0,1.0,1.0,1.0
common_correlated,Hb_hidden,D-exchange,32,32,1.0,0.0,0.0,0.0,0.0,0.0,0.0,0.0,0.0,0.0,0.0,0.0,0.0,0.7091406204848407,0.7311015825591558,0.9552399111063505,0.0,0.0,0.0,0.0,0.0,0.0,1.0,1.0,1.0
common_correlated,Hb_hidden,D-fixed,32,32,1.0,0.0,0.0,0.0,0.0,0.0,0.0,0.0,0.0,0.0,0.0,0.0,0.0,0.7091406204848407,0.7311015825591558,0.9552399111063505,0.0,0.0,0.0,0.0,0.0,0.0,1.0,1.0,1.0
common_correlated,Hb_hidden,D-trained,32,32,1.0,0.0,0.0,0.0,0.0,0.0,0.0,0.0,0.0,0.0,0.0,0.0,0.0,0.7091406204848407,0.7311015825591558,0.9552399111063505,0.0,0.0,0.0,0.0,0.0,0.0,1.0,1.0,1.0
common_correlated,Hb_hidden,M0,32,32,1.0,0.0,0.0,0.0,0.0,0.0,0.0,0.0,0.0,0.0,0.0,0.0,0.0,0.7091406204848407,0.7311015825591558,0.9552399111063505,0.0,0.0,0.0,0.0,0.0,0.0,1.0,1.0,1.0
common_correlated,full,D-combined,32,32,1.0,0.1717454863147272,0.16812216279788986,0.2933251585097113,0.1717454863147272,0.16812216279788986,0.2933251585097113,0.0,0.0,0.0,0.304608345584106,0.3371501329203779,0.6196104432228795,0.37224437714491243,0.41372669893635494,0.6641329913286126,0.15153090477867076,0.196810844214066,0.5637462323399105,0.7076964049974275,0.6617138771878355,0.9232615860410427,0.12086913857880759,0.1414752785980986,0.24288631496401236
common_correlated,full,D-exchange,32,32,1.0,0.6108699879240564,0.7684420766882827,1.4340867395074524,0.6108699879240564,0.7684420766882827,1.4340867395074524,0.0,0.0,0.0,0.5817954568403303,0.5744341156483395,0.7976342589347052,0.6642520156694918,0.656363500597765,0.8536731959114857,0.26998197547267055,0.28072974835697134,0.7094041832901572,0.5350208911593006,0.49941344432864077,0.7483143287204356,0.19621945871100327,0.2198568073143878,0.37435940152628355
common_correlated,full,D-fixed,32,32,1.0,0.4549410408291433,0.4273371297396899,0.7093467877156604,0.4549410408291433,0.4273371297396899,0.7093467877156604,0.0,0.0,0.0,0.306336147689021,0.34152782486418026,0.6193380960676057,0.377927967198603,0.41641630199299057,0.6638124784674797,0.1596287322284649,0.20389939026306156,0.5679001751769053,0.7027165652075461,0.6565483946544337,0.9231123832402836,0.11920349994482468,0.1395522150825047,0.23787078751219537
common_correlated,full,D-trained,32,32,1.0,0.33510771968590825,0.3686373844963558,0.7032903752015169,0.33510771968590825,0.3686373844963558,0.7032903752015169,0.0,0.0,0.0,0.3374796332718656,0.36873833439353143,0.5199873621693294,0.39597394614222187,0.4336544601724589,0.5813434174309025,0.03115819691213661,0.10500558928433804,0.5319068264518105,0.7948647845908667,0.7678744495809726,1.0715415194997762,0.11395030584199506,0.12711996113468932,0.22009757722173653
common_correlated,full,M0,32,32,1.0,1.293060603511432,1.2709126532835386,2.192883547596274,1.293060603511432,1.2709126532835386,2.192883547596274,0.0,0.0,0.0,0.5882772385757371,0.5917081657151854,0.8490148104706242,0.7091406204848407,0.7311015825591558,0.9552399111063505,0.7042047194584816,0.66070276356175,0.8695814597905315,0.0,0.0,0.0,0.2957952805415183,0.33929723643825,0.5901512407174496
common_exchange,EEG_hidden,D-combined,32,32,1.0,0.26912506240029865,0.2976369058881455,0.45779570051456986,0.26912506240029865,0.2976369058881455,0.45779570051456986,0.0,0.0,0.0,0.43453001728865864,0.481460843834081,0.7682685922060313,0.3813784345444644,0.43838339477433774,0.7377443976255387,0.7010315093411459,0.7042255109186617,0.7645464919921666,0.28781076536317274,0.2808195603171164,0.3587050978429529,0.01350739912570563,0.014954928764221938,0.02475593098239253
common_exchange,EEG_hidden,D-exchange,32,32,1.0,4.148250985011625,4.535838833560726,8.720443937058231,4.148250985011625,4.535838833560726,8.720443937058231,0.0,0.0,0.0,2.178734059169247,2.404661129426617,4.595276703316966,0.2295267659847227,0.2442890888474367,0.3561028949245813,0.3718227785977115,0.3681332925341231,0.5374800057286089,0.6148406511739553,0.6152899692653612,0.7790329106562185,0.014641755720292395,0.016576738200515768,0.024977314705571744
common_exchange,EEG_hidden,D-fixed,32,32,1.0,3.361176741436258,3.83258185815229,8.42761397333012,3.361176741436258,3.83258185815229,8.42761397333012,0.0,0.0,0.0,1.7893482747306437,2.098233596887572,4.451786503517398,0.386329156461144,0.44487082607224526,0.7425879361279452,0.7334748727763274,0.7319038151271364,0.7855823505191646,0.26063557248741476,0.2578571681725174,0.3315492302012949,0.008798319615715583,0.010239016700346106,0.01635378183738558
common_exchange,EEG_hidden,D-trained,32,32,1.0,3.062463358192848,3.398496399740066,7.487368461984635,3.062463358192848,3.398496399740066,7.487368461984635,0.0,0.0,0.0,1.6903733299515493,1.8627126180706801,3.935664074246627,0.34602449022466164,0.38562555129637976,0.635578489258648,0.6276851120977214,0.6271851836523358,0.6953506567099825,0.3693438898949853,0.36519240031292655,0.45360317226019065,0.006589003675230181,0.007622416034737704,0.013174133455314941
common_exchange,EEG_hidden,M0,32,32,1.0,9.213836786903606,10.438215567024196,16.09599400588863,9.213836786903606,10.438215567024196,16.09599400588863,0.0,0.0,0.0,4.830294796597636,5.529350508864059,8.60625657357735,0.48306448031099153,0.5580902011503039,0.9487969104088845,0.957260795609981,0.9529556072516523,0.9803574157972286,0.0,0.0,0.0,0.04273920439001898,0.04704439274834781,0.07282824679048905
common_exchange,Hb_hidden,D-combined,32,32,1.0,0.0,0.0,0.0,0.0,0.0,0.0,0.0,0.0,0.0,0.0,0.0,0.0,0.48306448031099153,0.5580902011503039,0.9487969104088845,0.0,0.0,0.0,0.0,0.0,0.0,1.0,1.0,1.0000000000000002
common_exchange,Hb_hidden,D-exchange,32,32,1.0,0.0,0.0,0.0,0.0,0.0,0.0,0.0,0.0,0.0,0.0,0.0,0.0,0.48306448031099153,0.5580902011503039,0.9487969104088845,0.0,0.0,0.0,0.0,0.0,0.0,1.0,1.0,1.0000000000000002
common_exchange,Hb_hidden,D-fixed,32,32,1.0,0.0,0.0,0.0,0.0,0.0,0.0,0.0,0.0,0.0,0.0,0.0,0.0,0.48306448031099153,0.5580902011503039,0.9487969104088845,0.0,0.0,0.0,0.0,0.0,0.0,1.0,1.0,1.0000000000000002
common_exchange,Hb_hidden,D-trained,32,32,1.0,0.0,0.0,0.0,0.0,0.0,0.0,0.0,0.0,0.0,0.0,0.0,0.0,0.48306448031099153,0.5580902011503039,0.9487969104088845,0.0,0.0,0.0,0.0,0.0,0.0,1.0,1.0,1.0000000000000002
common_exchange,Hb_hidden,M0,32,32,1.0,0.0,0.0,0.0,0.0,0.0,0.0,0.0,0.0,0.0,0.0,0.0,0.0,0.48306448031099153,0.5580902011503039,0.9487969104088845,0.0,0.0,0.0,0.0,0.0,0.0,1.0,1.0,1.0000000000000002
common_exchange,full,D-combined,32,32,1.0,0.2029954319250884,0.2098978378772272,0.27610674319790063,0.2029954319250884,0.2098978378772272,0.27610674319790063,0.0,0.0,0.0,0.3630574132272312,0.40848104077316727,0.6923140049006669,0.37361980111151183,0.427709233832796,0.7222723630755591,0.6348840689147615,0.6276112241171623,0.725247096494771,0.3126901469036452,0.31225085725522406,0.40228383051499855,0.05184799647505198,0.06013791862761368,0.094197524319354
common_exchange,full,D-exchange,32,32,1.0,0.13766306358920732,0.17472908589793182,0.34732439983241103,0.13766306358920732,0.17472908589793182,0.34732439983241103,0.0,0.0,0.0,0.12707999776867063,0.1598714693528262,0.3000533187273445,0.13269976438009934,0.16596043895186585,0.30672728185177667,0.1866644604472016,0.1761616216166182,0.4134026447364509,0.7985579370438853,0.8006452621487851,0.9876220735285081,0.02069121928030035,0.02319311623459673,0.03677240039426827
common_exchange,full,D-fixed,32,32,1.0,0.3117670021069036,0.3906075165613899,0.63448995153284,0.3117670021069036,0.3906075165613899,0.63448995153284,0.0,0.0,0.0,0.36629776494754096,0.41179098145637577,0.6981065349116424,0.37590775794482856,0.4296818818963747,0.725607509028358,0.6458835131438132,0.6344643192341402,0.7390917613697081,0.30610276735512265,0.3082414190170699,0.4009232779992643,0.04975390582110709,0.05729426174878992,0.09188905162804073
common_exchange,full,D-trained,32,32,1.0,0.2756350154268745,0.32888755011351106,0.5485274911228837,0.2756350154268745,0.32888755011351106,0.5485274911228837,0.0,0.0,0.0,0.32295984035595715,0.3399296578032167,0.5501428958121928,0.33517100509054665,0.354672813754906,0.5820962693515458,0.514189499196769,0.5031125739671227,0.6251740312335411,0.45693363422979616,0.45648983843673746,0.5722114551509891,0.03675488906678561,0.040397587596139914,0.06521641435591437
common_exchange,full,M0,32,32,1.0,0.4163045812603864,0.5151082412111739,0.7744840945602147,0.4163045812603864,0.5151082412111739,0.7744840945602147,0.0,0.0,0.0,0.4599731567678244,0.5221380285494281,0.9096399510434625,0.48306448031099153,0.5580902011503039,0.9487969104088845,0.8905562139738986,0.8722075735326562,0.9354226458305894,0.0,0.0,0.0,0.10944378602610141,0.1277924264673438,0.2064168285821518
common_rho070,EEG_hidden,D-combined,32,32,1.0,0.2193526800147225,0.23165820787806035,0.3480735237722557,0.2193526800147225,0.23165820787806035,0.3480735237722557,0.0,0.0,0.0,0.3526614216832551,0.37028035381206564,0.6036841658167877,0.326808288698651,0.3392167182244288,0.5487458911588923,0.33363244095992456,0.3402001409154048,0.4965746863098489,0.6437006281874791,0.6303638975599231,0.7541581161800863,0.026189130625482747,0.029435961524672156,0.047121090801473135
common_rho070,EEG_hidden,D-exchange,32,32,1.0,8.922512990670652,8.410152816765214,12.998493816302934,8.922512990670652,8.410152816765214,12.998493816302934,0.0,0.0,0.0,4.69331394410079,4.449908383178898,6.93825886663885,0.33926696204524787,0.3826821855351301,0.6257063974611345,0.02961780163963531,0.04364272822850894,0.2269257581707561,0.9275580225952492,0.9120372213515298,1.101961631319223,0.04026485136385773,0.04432005041996131,0.06751991468011961
common_rho070,EEG_hidden,D-fixed,32,32,1.0,5.600477230290515,6.294142962649319,12.82760447000174,5.600477230290515,6.294142962649319,12.82760447000174,0.0,0.0,0.0,2.970174157079886,3.3377043726755513,6.74113429641744,0.3341652344374946,0.35565015484999074,0.5593432411241521,0.38635833186071855,0.39029840747766104,0.5085569713431148,0.5911377079635499,0.5846461024225553,0.7017030740298831,0.021952989420232487,0.025055490099783785,0.03961957312989367
common_rho070,EEG_hidden,D-trained,32,32,1.0,4.908523890587421,5.510722163960779,10.224678861860856,4.908523890587421,5.510722163960779,10.224678861860856,0.0,0.0,0.0,2.612991398262287,2.9105852723304277,5.359744763553829,0.22107229357182284,0.23531908060839385,0.3667409123304306,0.23531960565759086,0.24408257482578297,0.35640165572832566,0.7490653288477908,0.73762218068982,0.8578654980170728,0.015924374183253463,0.018295244484397,0.028872694255011322
common_rho070,EEG_hidden,M0,32,25,0.78125,26.894171519334883,26.061645833013785,37.64167503563787,26.894171519334883,26.061645833013785,37.64167503563787,0.0,0.0,0.0,14.019443016886843,13.741933563928129,19.80700342961766,0.6008547193045508,0.6806228181125747,1.0372952271376483,0.9257841327163128,0.9127692132018019,0.9602893703470771,0.0,0.0,0.0,0.07421586728368725,0.08723078679819803,0.1480876322003674
common_rho070,Hb_hidden,D-combined,32,32,1.0,0.0,0.0,0.0,0.0,0.0,0.0,0.0,0.0,0.0,0.0,0.0,0.0,0.6086484314831645,0.7031788496177024,1.1954589394456459,0.0,0.0,0.0,0.0,0.0,0.0,1.0,1.0,1.0000000000000002
common_rho070,Hb_hidden,D-exchange,32,32,1.0,0.0,0.0,0.0,0.0,0.0,0.0,0.0,0.0,0.0,0.0,0.0,0.0,0.6086484314831645,0.7031788496177024,1.1954589394456459,0.0,0.0,0.0,0.0,0.0,0.0,1.0,1.0,1.0
common_rho070,Hb_hidden,D-fixed,32,32,1.0,0.0,0.0,0.0,0.0,0.0,0.0,0.0,0.0,0.0,0.0,0.0,0.0,0.6086484314831645,0.7031788496177024,1.1954589394456459,0.0,0.0,0.0,0.0,0.0,0.0,1.0,1.0,1.0
common_rho070,Hb_hidden,D-trained,32,32,1.0,0.0,0.0,0.0,0.0,0.0,0.0,0.0,0.0,0.0,0.0,0.0,0.0,0.6086484314831645,0.7031788496177024,1.1954589394456459,0.0,0.0,0.0,0.0,0.0,0.0,1.0,1.0,1.0
common_rho070,Hb_hidden,M0,32,32,1.0,0.0,0.0,0.0,0.0,0.0,0.0,0.0,0.0,0.0,0.0,0.0,0.0,0.6086484314831645,0.7031788496177024,1.1954589394456459,0.0,0.0,0.0,0.0,0.0,0.0,1.0,1.0,1.0
common_rho070,full,D-combined,32,32,1.0,0.1392493932109241,0.15154173144570532,0.22420819298053768,0.1392493932109241,0.15154173144570532,0.22420819298053768,0.0,0.0,0.0,0.30358743891203055,0.3133157168339567,0.502554208850444,0.3181411139712401,0.3288505364234694,0.5291928141267215,0.30789587624853865,0.2976270911335346,0.46140811875030663,0.6636105683894069,0.6584298288349166,0.7852218916059177,0.03854397381486518,0.04394308003154885,0.07090379577467013
common_rho070,full,D-exchange,32,32,1.0,0.17123274625277438,0.2240161929334364,0.5054120409054802,0.17123274625277438,0.2240161929334364,0.5054120409054802,0.0,0.0,0.0,0.2778225558019486,0.30726666021476334,0.48115419842148416,0.30811041558679375,0.33632628010281806,0.5450940093118339,0.0933314331171402,0.0768425758597096,0.24619631846821038,0.8528276068231213,0.857799256030729,1.0206778255342328,0.05937170288851581,0.06535816810956149,0.10057080331215272
common_rho070,full,D-fixed,32,32,1.0,0.23239777449794646,0.29802603391923177,0.5270535242908038,0.23239777449794646,0.29802603391923177,0.5270535242908038,0.0,0.0,0.0,0.3048141965766214,0.31595290137023857,0.5062283895725206,0.31833133357551063,0.33070057984077117,0.5315553956211577,0.31425818835270114,0.3014457414720848,0.4680060465343575,0.6615981189703817,0.6556661751201778,0.7870673570584864,0.038310357535132844,0.04288808340773748,0.06932969713099182
common_rho070,full,D-trained,32,32,1.0,0.14222517223290915,0.1818626814207655,0.3596059487135669,0.14222517223290915,0.1818626814207655,0.3596059487135669,0.0,0.0,0.0,0.1775834150607561,0.19397819563549615,0.28018735522486715,0.18684906259040807,0.20277856200258232,0.29502932953817584,0.1651409372685803,0.1602775789415979,0.32383405953189637,0.8185506985447324,0.8144007059292115,0.9455095888527162,0.022079294843279258,0.02532171512919056,0.039705266035300966
common_rho070,full,M0,32,32,1.0,0.573761160689285,0.6394634921735449,1.0905275853115752,0.573761160689285,0.6394634921735449,1.0905275853115752,0.0,0.0,0.0,0.5527946396332959,0.627693975540464,1.112273111268779,0.6086484314831645,0.7031788496177024,1.1954589394456459,0.8158443753913605,0.7886199734467748,0.8867724205253287,0.0,0.0,0.0,0.1841556246086395,0.2113800265532252,0.33514092039547483
control,EEG_hidden,D-combined,32,32,1.0,0.0,0.0,0.0,0.0,0.0,0.0,0.0,0.0,0.0,0.0,0.0,0.0,0.0,0.0,0.0,,,,,,,,,
control,EEG_hidden,D-exchange,32,32,1.0,0.0,0.0,0.0,0.0,0.0,0.0,0.0,0.0,0.0,0.0,0.0,0.0,0.0,0.0,0.0,,,,,,,,,
control,EEG_hidden,D-fixed,32,32,1.0,0.0,0.0,0.0,0.0,0.0,0.0,0.0,0.0,0.0,0.0,0.0,0.0,0.0,0.0,0.0,,,,,,,,,
control,EEG_hidden,D-trained,32,32,1.0,0.0,0.0,0.0,0.0,0.0,0.0,0.0,0.0,0.0,0.0,0.0,0.0,0.0,0.0,0.0,,,,,,,,,
control,EEG_hidden,M0,32,32,1.0,0.0,0.0,0.0,0.0,0.0,0.0,0.0,0.0,0.0,0.0,0.0,0.0,0.0,0.0,0.0,,,,,,,,,
control,Hb_hidden,D-combined,32,32,1.0,0.0,0.0,0.0,0.0,0.0,0.0,0.0,0.0,0.0,0.0,0.0,0.0,0.0,0.0,0.0,,,,,,,,,
control,Hb_hidden,D-exchange,32,32,1.0,0.0,0.0,0.0,0.0,0.0,0.0,0.0,0.0,0.0,0.0,0.0,0.0,0.0,0.0,0.0,,,,,,,,,
control,Hb_hidden,D-fixed,32,32,1.0,0.0,0.0,0.0,0.0,0.0,0.0,0.0,0.0,0.0,0.0,0.0,0.0,0.0,0.0,0.0,,,,,,,,,
control,Hb_hidden,D-trained,32,32,1.0,0.0,0.0,0.0,0.0,0.0,0.0,0.0,0.0,0.0,0.0,0.0,0.0,0.0,0.0,0.0,,,,,,,,,
control,Hb_hidden,M0,32,32,1.0,0.0,0.0,0.0,0.0,0.0,0.0,0.0,0.0,0.0,0.0,0.0,0.0,0.0,0.0,0.0,,,,,,,,,
control,full,D-combined,32,32,1.0,0.0,0.0,0.0,0.0,0.0,0.0,0.0,0.0,0.0,0.0,0.0,0.0,0.0,0.0,0.0,,,,,,,,,
control,full,D-exchange,32,32,1.0,0.0,0.0,0.0,0.0,0.0,0.0,0.0,0.0,0.0,0.0,0.0,0.0,0.0,0.0,0.0,,,,,,,,,
control,full,D-fixed,32,32,1.0,0.0,0.0,0.0,0.0,0.0,0.0,0.0,0.0,0.0,0.0,0.0,0.0,0.0,0.0,0.0,,,,,,,,,
control,full,D-trained,32,32,1.0,0.0,0.0,0.0,0.0,0.0,0.0,0.0,0.0,0.0,0.0,0.0,0.0,0.0,0.0,0.0,,,,,,,,,
control,full,M0,32,32,1.0,0.0,0.0,0.0,0.0,0.0,0.0,0.0,0.0,0.0,0.0,0.0,0.0,0.0,0.0,0.0,,,,,,,,,
driver_amplitude,EEG_hidden,D-combined,32,32,1.0,0.3050877779600274,0.31549242217190343,0.4265824577220384,0.3611633157501427,0.35971336705509027,0.41812792426985906,0.5025561739338118,0.524921359495655,0.6168019243200108,0.16066951761977255,0.16072749117917406,0.2128785246998186,0.005697466388564601,0.006977140287915755,0.012471731399108912,0.8591063277300437,0.8240421692536593,0.9322327310082257,0.0010615032855376613,0.0016077274085919994,0.0051988986941526455,0.1389678505414046,0.17435010333774875,0.3334253608894034
driver_amplitude,EEG_hidden,D-exchange,32,32,1.0,0.46334104527219194,0.4980001589363686,0.7371622277629135,0.55597723030848,0.6223381184860736,0.7791523355030215,0.5025561739338118,0.524921359495655,0.6168019243200108,0.23394663571193422,0.25843541604637876,0.37877165743659286,0.008642507904549809,0.010199719893546942,0.016552257796077358,0.9287759724238556,0.9026262207328462,1.0290842981203547,0.004399532825805435,0.006786671140950177,0.018177640448390788,0.0620268131326222,0.09058710812620367,0.24958804984315774
driver_amplitude,EEG_hidden,D-fixed,32,32,1.0,0.45421380205708833,0.4950029916322891,0.7388573503802006,0.5499701357471025,0.6221549275135319,0.8212183977951131,0.5025561739338118,0.524921359495655,0.6168019243200108,0.2243698013904853,0.2558360642124412,0.3794208716811585,0.0036391838747032636,0.00435585513651538,0.008342653033388176,0.9388452991360634,0.9120207050543802,1.024708750426643,0.0009104365890261264,0.0011862719239923293,0.0037963162048681885,0.05997892319435201,0.08679302302162756,0.2449700114006408
driver_amplitude,EEG_hidden,D-trained,32,32,1.0,0.45592590837796765,0.48649158669423304,0.7285413398614103,0.5540518922116815,0.6125695663413375,0.808340936821725,0.5025561739338118,0.524921359495655,0.6168019243200108,0.2276423771275914,0.25131893048868215,0.3796206367865034,0.005415068454523031,0.006249772975802304,0.01192361887913453,0.936883652035332,0.908725917651094,1.014942008234727,0.0014770827255045234,0.002377572118733094,0.007835022500876853,0.06390333885442243,0.08889651023017288,0.2446858584717254
driver_amplitude,EEG_hidden,M0,32,32,1.0,0.4469841957306671,0.5281134053389606,0.7879446918320393,0.601065159552657,0.662980788099338,0.8589944777835085,0.5025561739338118,0.524921359495655,0.6168019243200108,0.23508361846192471,0.2743710990079654,0.41296580721670745,0.0,0.0,0.0,0.938535942009108,0.9193216135843472,1.0465296490410338,0.0,0.0,0.0,0.0614640579908922,0.0806783864156528,0.24013599924504742
driver_amplitude,Hb_hidden,D-combined,32,32,1.0,0.1283662099581605,0.16934828453500744,0.35978793181242613,0.4723000169728483,0.46581590974750586,0.48938900395620777,0.5025561739338118,0.524921359495655,0.6168019243200108,0.06042670794509866,0.08465319578913644,0.1856994166537474,0.0,0.0,0.0,0.9613260192826466,0.9471988182730712,1.0049912771748468,0.0,0.0,0.0,0.0386739807173533,0.052801181726928784,0.11352554488210932
driver_amplitude,Hb_hidden,D-exchange,32,32,1.0,0.14243278916502947,0.1782142004921272,0.3596854380139997,0.49218261296803145,0.48673477570484047,0.5139843095203998,0.5025561739338118,0.524921359495655,0.6168019243200108,0.07051795820242163,0.08867326540936449,0.1688730355945174,0.0,0.0,0.0,0.9854899294018271,0.9617670385401578,1.0118296223056855,0.0,0.0,0.0,0.014510070598172903,0.0382329614598422,0.11364119822775208
driver_amplitude,Hb_hidden,D-fixed,32,32,1.0,0.14243278916502947,0.1782142004921272,0.3596854380139997,0.49218261296803145,0.48673477570484047,0.5139843095203998,0.5025561739338118,0.524921359495655,0.6168019243200108,0.07051795820242163,0.08867326540936449,0.1688730355945174,0.0,0.0,0.0,0.9854899294018271,0.9617670385401578,1.0118296223056855,0.0,0.0,0.0,0.014510070598172903,0.0382329614598422,0.11364119822775208
driver_amplitude,Hb_hidden,D-trained,32,32,1.0,0.14243278916502947,0.1782142004921272,0.3596854380139997,0.49218261296803145,0.48673477570484047,0.5139843095203998,0.5025561739338118,0.524921359495655,0.6168019243200108,0.07051795820242163,0.08867326540936449,0.1688730355945174,0.0,0.0,0.0,0.9854899294018271,0.9617670385401578,1.0118296223056855,0.0,0.0,0.0,0.014510070598172903,0.0382329614598422,0.11364119822775208
driver_amplitude,Hb_hidden,M0,32,32,1.0,0.14243278916502944,0.17821420049212722,0.3596854380139997,0.49218261296803145,0.48673477570484047,0.5139843095203999,0.5025561739338118,0.524921359495655,0.6168019243200108,0.07051795820242218,0.08867326540936453,0.1688730355945175,0.0,0.0,0.0,0.9854899294018272,0.9617670385401578,1.0118296223056855,0.0,0.0,0.0,0.014510070598172876,0.03823296145984227,0.11364119822775207
driver_amplitude,full,D-combined,32,32,1.0,0.08612431227674414,0.1136036729461326,0.24500409593678693,0.4793676147553775,0.4758644162252855,0.500359715351992,0.5025561739338118,0.524921359495655,0.6168019243200108,0.00842468097564581,0.011558058418827243,0.02009731473244095,0.002834414798812861,0.005345425835565909,0.01218847839793826,0.988202508754177,0.9880199271101258,0.9925874838297534,0.00046817551731882085,0.0008866570242724737,0.0046411874937952145,0.01090685777248248,0.011093415865601731,0.01449442430099258
driver_amplitude,full,D-exchange,32,32,1.0,0.037623203036960255,0.04117937431902762,0.08330314975803307,0.4971205504116367,0.5100848826801879,0.589594987725564,0.5025561739338118,0.524921359495655,0.6168019243200108,0.004906578357938151,0.007026514623799296,0.016051444206543183,0.004686353955299408,0.006427721313167765,0.015093115380173737,0.9974686202296549,0.996676304878081,1.001522293673926,0.0017933733485332635,0.002410493144225604,0.006629129666495778,0.000863602998019358,0.0009132019776934099,0.0012222771500977035
driver_amplitude,full,D-fixed,32,32,1.0,0.033311330862513554,0.03452717603723757,0.07130455552323296,0.4988589548756753,0.5122382492790358,0.5904942570250956,0.5025561739338118,0.524921359495655,0.6168019243200108,0.0021332047801000866,0.0028152141593900193,0.0049231713911169015,0.0010082633036859307,0.001734330940381387,0.003410282491660934,0.9990307558999886,0.9987717362435307,0.9996724539863211,0.0001672337743659497,0.00030285828862454894,0.0013971425593024976,0.000855093614371294,0.0009254054678448228,0.0012356937440230176
driver_amplitude,full,D-trained,32,32,1.0,0.03451323426564927,0.03645264273069283,0.07562907205860431,0.4985773778653202,0.5114552630476196,0.5902972714837029,0.5025561739338118,0.524921359495655,0.6168019243200108,0.002297485559216781,0.003728197715675616,0.007326447985527604,0.0016754821545598838,0.0028800165439011815,0.006464880045553533,0.998621203594076,0.9983052068137278,1.0002860549866146,0.00035484625820440916,0.0007697782577891619,0.002902745266536769,0.0008601743382986925,0.0009250149284830886,0.0012352936255983157
driver_amplitude,full,M0,32,32,1.0,0.02694231274413053,0.03143327330846009,0.06371125884717134,0.499151281679831,0.513630644210317,0.5922995505016951,0.5025561739338118,0.524921359495655,0.6168019243200108,0.001616730459144353,0.0020396824346231865,0.003736111224963051,0.0,0.0,0.0,0.9991472593996333,0.9990781758037267,0.999428350468103,0.0,0.0,0.0,0.0008527406003667483,0.000921824196273317,0.0012557362326922567
driver_shape,EEG_hidden,D-combined,32,32,1.0,0.15044462254110572,0.15017881950396392,0.15706474293498854,0.5943363710605207,0.5943019325995018,0.6032785874034343,0.6881224144044101,0.68812241440441,0.6881224144044101,0.11247123402706743,0.11141735760772087,0.11874388189107518,0.0026407613286565006,0.002698441278322709,0.0036247504296554526,0.8473633649925643,0.8474893326765103,0.8583624262247722,0.0006288023962567927,0.0006397667616245442,0.0009293820505778826,0.1519574766963821,0.15187090056186517,0.16526948508874253
driver_shape,EEG_hidden,D-exchange,32,32,1.0,0.18306254718188517,0.21927320271813744,0.41160765306962205,0.7111343473809315,0.7302787740391158,0.8127163717258132,0.6881224144044101,0.68812241440441,0.6881224144044101,0.0979510999683996,0.11635292111665776,0.217856991198248,0.001309090405100722,0.0014949841542738792,0.00267633919615395,0.9892594660781273,0.989971715468008,0.9982954638260989,-0.0006472973281249747,-0.0006217395443942438,2.6487072956596194e-05,0.011396823825083282,0.010650024076386266,0.01802515638601145
driver_shape,EEG_hidden,D-fixed,32,32,1.0,0.1877537434822088,0.22120873961538312,0.4167171207597757,0.7151570222307326,0.7316942908345955,0.8166053205016917,0.6881224144044101,0.68812241440441,0.6881224144044101,0.1032952952841758,0.11763064628502966,0.22090984812897504,0.0011682548225001245,0.0012169742166679533,0.001888845547616938,0.9891121611664174,0.9896005716828643,0.9984777851104685,-0.00015561832291127617,-0.00014965325106237697,-2.617041981818772e-05,0.010993193412963204,0.010549081568198022,0.018633912341502527
driver_shape,EEG_hidden,D-trained,32,32,1.0,0.18381680581616255,0.2133301944247311,0.3991034656968621,0.714257309732952,0.7287289781613322,0.8074704943431388,0.6881224144044101,0.68812241440441,0.6881224144044101,0.09930810326692202,0.11359469063351234,0.21166697357329517,0.0014876570318300576,0.0015438299426625817,0.002310796773613531,0.9895744427073174,0.9900425979803424,0.9991299817753843,-0.0003523868846682523,-0.00035607983533810547,-0.00010478020474958405,0.01095376797893562,0.010313481854995664,0.01836557360851787
driver_shape,EEG_hidden,M0,32,32,1.0,0.17600645363409165,0.23177880089433758,0.44036409107996255,0.7118446912355991,0.7350638816043902,0.8279322380519349,0.6881224144044101,0.68812241440441,0.6881224144044101,0.09750141444056862,0.12280799503588016,0.23328467292864224,0.0,0.0,0.0,0.9886295825264472,0.9888865114977834,0.9979293841866035,0.0,0.0,0.0,0.011370417473552916,0.011113488502216565,0.018247916442477294
driver_shape,Hb_hidden,D-combined,32,32,1.0,0.020873339912129953,0.020900518605612938,0.02106411251044175,0.6673890807579399,0.6673879482954995,0.6674043586772671,0.6881224144044101,0.68812241440441,0.6881224144044101,0.023193084899277017,0.023880110599995594,0.02777131743628397,0.0,0.0,0.0,0.9604940154228566,0.9599406638073802,0.965800684502636,0.0,0.0,0.0,0.03950598457714335,0.04005933619261985,0.04560533581489667
driver_shape,Hb_hidden,D-exchange,32,32,1.0,0.010635294716089316,0.010210610570349884,0.018640405515709814,0.6875264716651127,0.6875629353382205,0.6876865152432488,0.6881224144044101,0.68812241440441,0.6881224144044101,0.01953095596854154,0.01931864482484312,0.024398691230246287,0.0,0.0,0.0,0.9856118780054126,0.9861497165364768,0.9949120155940853,0.0,0.0,0.0,0.01438812199458736,0.013850283463523249,0.019206491102401604
driver_shape,Hb_hidden,D-fixed,32,32,1.0,0.010635294716089316,0.010210610570349884,0.018640405515709814,0.6875264716651127,0.6875629353382205,0.6876865152432488,0.6881224144044101,0.68812241440441,0.6881224144044101,0.01953095596854154,0.01931864482484312,0.024398691230246287,0.0,0.0,0.0,0.9856118780054126,0.9861497165364768,0.9949120155940853,0.0,0.0,0.0,0.01438812199458736,0.013850283463523249,0.019206491102401604
driver_shape,Hb_hidden,D-trained,32,32,1.0,0.010635294716089316,0.010210610570349884,0.018640405515709814,0.6875264716651127,0.6875629353382205,0.6876865152432488,0.6881224144044101,0.68812241440441,0.6881224144044101,0.01953095596854154,0.01931864482484312,0.024398691230246287,0.0,0.0,0.0,0.9856118780054126,0.9861497165364768,0.9949120155940853,0.0,0.0,0.0,0.01438812199458736,0.013850283463523249,0.019206491102401604
driver_shape,Hb_hidden,M0,32,32,1.0,0.010635294716089344,0.010210610570349879,0.018640405515709814,0.6875264716651127,0.6875629353382205,0.6876865152432488,0.6881224144044101,0.68812241440441,0.6881224144044101,0.019530955968541572,0.019318644824843106,0.0243986912302472,0.0,0.0,0.0,0.9856118780054136,0.9861497165364768,0.9949120155940853,0.0,0.0,0.0,0.014388121994586393,0.013850283463523256,0.019206491102401604
driver_shape,full,D-combined,32,32,1.0,0.017287231139163278,0.017697840500971097,0.01996630304086696,0.6718949999722925,0.6717621070889279,0.6735171060310275,0.6881224144044101,0.68812241440441,0.6881224144044101,0.009937952811401342,0.010314043864204578,0.011353922396784321,0.0008644548940353997,0.0009456476544010448,0.0013353311736308301,0.9797112691286172,0.979692351731051,0.9798506294903236,6.759468197371234e-05,7.410232691972959e-05,0.00024581948415975123,0.020182077688481622,0.020233545942029283,0.02046326123667177
driver_shape,full,D-exchange,32,32,1.0,0.0061138758602994735,0.008322623734554184,0.016326030007825593,0.6876908198102064,0.6876565511467456,0.6883399597132956,0.6881224144044101,0.68812241440441,0.6881224144044101,0.0018771048082812207,0.0021052232838874073,0.0031469497097403975,0.0012028660593082262,0.0014317610950224703,0.002469681434193476,0.998681404637509,0.9987212230508677,0.9994892072149112,0.0006398798603396148,0.0005958525894347109,0.0013581459679386082,0.0006717753718748524,0.0006829243596975906,0.0007393795107935972
driver_shape,full,D-fixed,32,32,1.0,0.0066473875993061805,0.007959270270673158,0.01602377450397801,0.6876575412669061,0.6875963105273037,0.6881874487574816,0.6881224144044101,0.68812241440441,0.6881224144044101,0.0011342801313131935,0.0012956414488460737,0.002068084814106044,0.0003478658343948151,0.0003811075587888666,0.0006430617399131178,0.999332205712187,0.999328945486317,0.9994547561269351,-2.05432428598715e-06,-1.2498983156132174e-05,7.674756043977463e-05,0.0006778520347035062,0.0006835534968390501,0.0007514495526912873
driver_shape,full,D-trained,32,32,1.0,0.00659365832034624,0.008102694724223342,0.015923557780266034,0.6876635719124988,0.6876082643888586,0.6882281083403845,0.6881224144044101,0.68812241440441,0.6881224144044101,0.0012238173587285999,0.0014252247395993697,0.0022274969033320023,0.0006469825786129687,0.0006308082987064607,0.0009528563695369726,0.9993131328793474,0.9993154022940316,0.9996041286375555,2.101503051205872e-05,1.9199660774882026e-06,0.00019018687658007067,0.0006743052234897242,0.0006826777398909535,0.0007445065237640437
driver_shape,full,M0,32,32,1.0,0.006240554573844558,0.007852008547785772,0.015735276512890285,0.687655648852693,0.6875790562901993,0.6881315858868469,0.6881224144044101,0.68812241440441,0.6881224144044101,0.0011277594790365499,0.001202539464333163,0.0019280383736484138,0.0,0.0,0.0,0.9993168236030412,0.999314325121204,0.9993730988154568,0.0,0.0,0.0,0.0006831763969588867,0.0006856748787960815,0.0007572922148088588
lag_1s,EEG_hidden,D-combined,32,32,1.0,0.4094762046267053,0.4080135052351469,0.48494324798769456,0.4094762046267053,0.4080135052351469,0.48494324798769456,0.0,0.0,0.0,0.39508690784685846,0.4006607864434249,0.5032211380398454,0.007434171641625245,0.008995088983507423,0.01579384285831724,,,,,,,,,
lag_1s,EEG_hidden,D-exchange,32,32,1.0,0.8754895649649204,0.8807720158292909,1.182802575169384,0.8754895649649204,0.8807720158292909,1.182802575169384,0.0,0.0,0.0,0.5693183511184519,0.5739056975707744,0.7109108360082618,0.006154673058111856,0.00883686652633002,0.01907046706598408,,,,,,,,,
lag_1s,EEG_hidden,D-fixed,32,32,1.0,0.8624505434094605,0.8747372011189385,1.1551399386356163,0.8624505434094605,0.8747372011189385,1.1551399386356163,0.0,0.0,0.0,0.5646365294432916,0.5721943281284037,0.6965881878473426,0.0030892160699872388,0.005260617989063528,0.01187794805488562,,,,,,,,,
lag_1s,EEG_hidden,D-trained,32,32,1.0,0.853213067264999,0.8681716839125357,1.1558848066998646,0.853213067264999,0.8681716839125357,1.1558848066998646,0.0,0.0,0.0,0.5604632047046125,0.5691546069745328,0.6920618711354172,0.0038667145765433134,0.006825778970758966,0.015857412773946512,,,,,,,,,
lag_1s,EEG_hidden,M0,32,32,1.0,0.8778875043089049,0.8906259906918208,1.1915578500717534,0.8778875043089049,0.8906259906918208,1.1915578500717534,0.0,0.0,0.0,0.5724297347951457,0.5802637936455826,0.7296182191640342,0.0,0.0,0.0,,,,,,,,,
lag_1s,Hb_hidden,D-combined,32,32,1.0,0.0,0.0,0.0,0.0,0.0,0.0,0.0,0.0,0.0,0.0,0.0,0.0,0.0,0.0,0.0,,,,,,,,,
lag_1s,Hb_hidden,D-exchange,32,32,1.0,0.0,0.0,0.0,0.0,0.0,0.0,0.0,0.0,0.0,0.0,0.0,0.0,0.0,0.0,0.0,,,,,,,,,
lag_1s,Hb_hidden,D-fixed,32,32,1.0,0.0,0.0,0.0,0.0,0.0,0.0,0.0,0.0,0.0,0.0,0.0,0.0,0.0,0.0,0.0,,,,,,,,,
lag_1s,Hb_hidden,D-trained,32,32,1.0,0.0,0.0,0.0,0.0,0.0,0.0,0.0,0.0,0.0,0.0,0.0,0.0,0.0,0.0,0.0,,,,,,,,,
lag_1s,Hb_hidden,M0,32,32,1.0,0.0,0.0,0.0,0.0,0.0,0.0,0.0,0.0,0.0,0.0,0.0,0.0,0.0,0.0,0.0,,,,,,,,,
lag_1s,full,D-combined,32,32,1.0,0.2259526859845925,0.21907648699225618,0.3033711615105079,0.2259526859845925,0.21907648699225618,0.3033711615105079,0.0,0.0,0.0,0.24964110938859796,0.2707553974365579,0.39678361583910815,0.031183512980854235,0.03310078229030986,0.04959015570076407,,,,,,,,,
lag_1s,full,D-exchange,32,32,1.0,0.352598491939627,0.44077197232690635,0.8907661275732096,0.352598491939627,0.44077197232690635,0.8907661275732096,0.0,0.0,0.0,0.23464690735450222,0.26923447109229637,0.415446163707179,0.10535250096558876,0.11426793783894491,0.17278784676107517,,,,,,,,,
lag_1s,full,D-fixed,32,32,1.0,0.3863458641728933,0.4456914203299262,0.8421392951240432,0.3863458641728933,0.4456914203299262,0.8421392951240432,0.0,0.0,0.0,0.2510877125016265,0.27296933517053423,0.4020677215697974,0.028837080603412092,0.030452709489164325,0.04645773140641066,,,,,,,,,
lag_1s,full,D-trained,32,32,1.0,0.3740077413064587,0.4354275960169848,0.8460639536198756,0.3740077413064587,0.4354275960169848,0.8460639536198756,0.0,0.0,0.0,0.2478309494397041,0.26752073747334904,0.40442577741582697,0.04134584622232605,0.0409948309319908,0.06029723160867477,,,,,,,,,
lag_1s,full,M0,32,32,1.0,0.3826872319560932,0.451117173502165,0.8472889026362745,0.3826872319560932,0.451117173502165,0.8472889026362745,0.0,0.0,0.0,0.2592645345414618,0.27624470339922236,0.4015982878862118,0.0,0.0,0.0,,,,,,,,,
lag_3s,EEG_hidden,D-combined,32,32,1.0,1.0096380142399124,1.0241511413819244,1.2523806065310756,1.0096380142399124,1.0241511413819244,1.2523806065310756,0.0,0.0,0.0,1.0527334710845446,1.0451735957532158,1.2187391004839705,0.011570045008664938,0.01535752386515963,0.033600211889628,,,,,,,,,
lag_3s,EEG_hidden,D-exchange,32,32,1.0,1.755032126555836,1.88048500266071,2.561034696025301,1.755032126555836,1.88048500266071,2.561034696025301,0.0,0.0,0.0,1.3139877672195142,1.346541919839245,1.7111538400942996,0.01577572283909391,0.022190158130200803,0.04314411281138615,,,,,,,,,
lag_3s,EEG_hidden,D-fixed,32,32,1.0,1.760617883552289,1.868358992391594,2.576641896288457,1.760617883552289,1.868358992391594,2.576641896288457,0.0,0.0,0.0,1.3022871986945275,1.3460412277943663,1.7184652428205183,0.010419340992119849,0.011617424738599492,0.022962704354820927,,,,,,,,,
lag_3s,EEG_hidden,D-trained,32,32,1.0,1.7440087523384058,1.858991931495371,2.571064043946697,1.7440087523384058,1.858991931495371,2.571064043946697,0.0,0.0,0.0,1.2969011085047515,1.3414080636078105,1.7166987496412105,0.013995126588338971,0.015713463774465267,0.031239289177096508,,,,,,,,,
lag_3s,EEG_hidden,M0,32,32,1.0,1.7603040950578277,1.8736524650543513,2.506840668848858,1.7603040950578277,1.8736524650543513,2.506840668848858,0.0,0.0,0.0,1.283371647120438,1.3494214882490168,1.7169324427110118,0.0,0.0,0.0,,,,,,,,,
lag_3s,Hb_hidden,D-combined,32,32,1.0,0.0,0.0,0.0,0.0,0.0,0.0,0.0,0.0,0.0,0.0,0.0,0.0,0.0,0.0,0.0,,,,,,,,,
lag_3s,Hb_hidden,D-exchange,32,32,1.0,0.0,0.0,0.0,0.0,0.0,0.0,0.0,0.0,0.0,0.0,0.0,0.0,0.0,0.0,0.0,,,,,,,,,
lag_3s,Hb_hidden,D-fixed,32,32,1.0,0.0,0.0,0.0,0.0,0.0,0.0,0.0,0.0,0.0,0.0,0.0,0.0,0.0,0.0,0.0,,,,,,,,,
lag_3s,Hb_hidden,D-trained,32,32,1.0,0.0,0.0,0.0,0.0,0.0,0.0,0.0,0.0,0.0,0.0,0.0,0.0,0.0,0.0,0.0,,,,,,,,,
lag_3s,Hb_hidden,M0,32,32,1.0,0.0,0.0,0.0,0.0,0.0,0.0,0.0,0.0,0.0,0.0,0.0,0.0,0.0,0.0,0.0,,,,,,,,,
lag_3s,full,D-combined,32,32,1.0,0.5710165738857269,0.5508918018062119,0.7369543371447554,0.5710165738857269,0.5508918018062119,0.7369543371447554,0.0,0.0,0.0,0.7002102191075179,0.7362762699148344,0.9340442411647213,0.08361150746744303,0.08557427367601139,0.12402526555236652,,,,,,,,,
lag_3s,full,D-exchange,32,32,1.0,1.0080154753016108,1.1496331220891713,1.9807162933926472,1.0080154753016108,1.1496331220891713,1.9807162933926472,0.0,0.0,0.0,0.6903532817535388,0.7080361827208331,0.9666802110845868,0.2883991800837567,0.3126191582096052,0.5037456211012056,,,,,,,,,
lag_3s,full,D-fixed,32,32,1.0,1.0496915437798013,1.0831781960266365,1.8825141763566937,1.0496915437798013,1.0831781960266365,1.8825141763566937,0.0,0.0,0.0,0.7055114757479057,0.7396804464126374,0.9365715868504145,0.08127845331036523,0.07991797923172785,0.12468465281549983,,,,,,,,,
lag_3s,full,D-trained,32,32,1.0,1.0294925719693024,1.068028334299622,1.8521706960014819,1.0294925719693024,1.068028334299622,1.8521706960014819,0.0,0.0,0.0,0.7022660014697251,0.7217673689108461,0.9309247336761851,0.11283938979275285,0.10944484663819969,0.16229199922141416,,,,,,,,,
lag_3s,full,M0,32,32,1.0,1.0299390842266765,1.0955604913940127,1.8614573008604316,1.0299390842266765,1.0955604913940127,1.8614573008604316,0.0,0.0,0.0,0.7227338261676926,0.7472177793130523,0.9754540216933362,0.0,0.0,0.0,,,,,,,,,
noise,EEG_hidden,D-combined,32,32,1.0,0.007611465137606169,0.007813026680278862,0.010571553474920498,0.007611465137606169,0.007813026680278862,0.010571553474920498,0.0,0.0,0.0,0.008752798247817509,0.009460965927635625,0.013837705330221259,0.0018627944793815643,0.001966101907672835,0.0029624179146068817,,,,,,,,,
noise,EEG_hidden,D-exchange,32,32,1.0,0.22551043812402646,0.2604647180519394,0.47444639355753165,0.22551043812402646,0.2604647180519394,0.47444639355753165,0.0,0.0,0.0,0.11831123683432646,0.13663939221657703,0.24760142860647566,0.0020460964131865413,0.0021243767890405944,0.0032490794356949525,,,,,,,,,
noise,EEG_hidden,D-fixed,32,32,1.0,0.21832856274339804,0.2587623223509363,0.4720998059978674,0.21832856274339804,0.2587623223509363,0.4720998059978674,0.0,0.0,0.0,0.11416050903092786,0.1357345338543802,0.24649655880766513,0.001266583617897517,0.0014424143909037607,0.002160211337847552,,,,,,,,,
noise,EEG_hidden,D-trained,32,32,1.0,0.2050390657673521,0.25206760586132326,0.4658931913276235,0.2050390657673521,0.25206760586132326,0.4658931913276235,0.0,0.0,0.0,0.10722517433885353,0.1322436997316514,0.2432300254410445,0.0016544571388554018,0.0018391023512650561,0.0027401925725657745,,,,,,,,,
noise,EEG_hidden,M0,32,32,1.0,0.2523142678305266,0.27377363516761744,0.5115714878911971,0.2523142678305266,0.27377363516761744,0.5115714878911971,0.0,0.0,0.0,0.13210835995715725,0.14364592804765597,0.2690331402767124,0.0,0.0,0.0,,,,,,,,,
noise,Hb_hidden,D-combined,32,32,1.0,0.09307437449054434,0.09363744686498501,0.10131116384245666,0.09307437449054434,0.09363744686498501,0.10131116384245666,0.0,0.0,0.0,0.05342058599008348,0.05411217523733294,0.060182611002396,0.0,0.0,0.0,,,,,,,,,
noise,Hb_hidden,D-exchange,32,32,1.0,0.0958886960578635,0.09650884367784615,0.10431576651272316,0.0958886960578635,0.09650884367784615,0.10431576651272316,0.0,0.0,0.0,0.054852545065788134,0.05553414346406235,0.06172674130381276,0.0,0.0,0.0,,,,,,,,,
noise,Hb_hidden,D-fixed,32,32,1.0,0.0958886960578635,0.09650884367784615,0.10431576651272316,0.0958886960578635,0.09650884367784615,0.10431576651272316,0.0,0.0,0.0,0.054852545065788134,0.05553414346406235,0.06172674130381276,0.0,0.0,0.0,,,,,,,,,
noise,Hb_hidden,D-trained,32,32,1.0,0.0958886960578635,0.09650884367784615,0.10431576651272316,0.0958886960578635,0.09650884367784615,0.10431576651272316,0.0,0.0,0.0,0.054852545065788134,0.05553414346406235,0.06172674130381276,0.0,0.0,0.0,,,,,,,,,
noise,Hb_hidden,M0,32,32,1.0,0.0958886960578635,0.09650884367784615,0.10431576651272317,0.0958886960578635,0.09650884367784615,0.10431576651272317,0.0,0.0,0.0,0.05485254506578814,0.05553414346406233,0.06172674130381275,0.0,0.0,0.0,,,,,,,,,
noise,full,D-combined,32,32,1.0,0.09214934904044741,0.09218714088077494,0.10038028670899526,0.09214934904044741,0.09218714088077494,0.10038028670899526,0.0,0.0,0.0,0.04993743504804024,0.050137797543968826,0.05617199281213341,0.002472998228724469,0.0028203890051658465,0.004783371039891242,,,,,,,,,
noise,full,D-exchange,32,32,1.0,0.0968232128942036,0.09692537050637598,0.10557826162478764,0.0968232128942036,0.09692537050637598,0.10557826162478764,0.0,0.0,0.0,0.05252505200547529,0.052858077715162446,0.05855821585146877,0.007895056455146559,0.009185598305246451,0.014040891550021922,,,,,,,,,
noise,full,D-fixed,32,32,1.0,0.0964924844056047,0.09711917647424238,0.10559939193438998,0.0964924844056047,0.09711917647424238,0.10559939193438998,0.0,0.0,0.0,0.05133877326377151,0.05155395767334857,0.057773472075740205,0.0024486612055550734,0.0028372935930406334,0.0048762341531736085,,,,,,,,,
noise,full,D-trained,32,32,1.0,0.09640975422928484,0.09701693460940726,0.10503928923557179,0.09640975422928484,0.09701693460940726,0.10503928923557179,0.0,0.0,0.0,0.05165489728401647,0.05168655702813982,0.05790329023083369,0.003842437916261569,0.00396184154807901,0.006581838328233753,,,,,,,,,
noise,full,M0,32,32,1.0,0.09729025681459672,0.09729105379994307,0.10593882572551011,0.09729025681459672,0.09729105379994307,0.10593882572551011,0.0,0.0,0.0,0.05113991142090912,0.051424709412201675,0.057381833116445576,0.0,0.0,0.0,,,,,,,,,
physiology_kappa,EEG_hidden,D-combined,32,32,1.0,0.3262683297461046,0.3194879808319011,0.37144731546769344,0.3262683297461046,0.3194879808319011,0.37144731546769344,0.0,0.0,0.0,0.1876650443927173,0.19224470260528007,0.23931150658801975,0.0034214221089623317,0.003775003249329874,0.006604339111639235,0.9846048177020594,0.9835892904956262,0.9893988165431895,0.0013879713728476928,0.001373842597719471,0.005247233264206998,0.015005139848835563,0.015036866906654352,0.020733595048008764
physiology_kappa,EEG_hidden,D-exchange,32,32,1.0,0.4056565074061052,0.42653011768878835,0.5350358267393843,0.4056565074061052,0.42653011768878835,0.5350358267393843,0.0,0.0,0.0,0.2408631523411196,0.24695332759416844,0.2843320144155441,0.004447147518734649,0.004690834907116629,0.007264588906347151,0.9915485308973401,0.9905613711594208,0.9970723223378612,0.007119383469236966,0.008166023137388118,0.015404925092773232,0.001312968525171768,0.0012726057031912023,0.0015643679306811457
physiology_kappa,EEG_hidden,D-fixed,32,32,1.0,0.40520766288758636,0.4282269007615044,0.5271319886453621,0.40520766288758636,0.4282269007615044,0.5271319886453621,0.0,0.0,0.0,0.24363279762285,0.24716029942867263,0.2885000035364848,0.001575423155171853,0.0017732626703091518,0.0027422177996474983,0.9979037461106801,0.9975136045935742,0.9996372388286603,0.0008415707433203208,0.0012067251416165463,0.0035181589259487317,0.0013204133336805635,0.001279670264809245,0.0015744770935455677
physiology_kappa,EEG_hidden,D-trained,32,32,1.0,0.4039602852173787,0.425337038197691,0.5269429056243697,0.4039602852173787,0.425337038197691,0.5269429056243697,0.0,0.0,0.0,0.2431728339809053,0.24594270671924887,0.287828540963743,0.002277983895918592,0.002585682082073704,0.003941359306782291,0.9968847652844339,0.9963929916141241,0.9995447918594994,0.0018412359980519437,0.0023306448604427823,0.006342131675873742,0.0013182902321182714,0.0012763635254330744,0.001567776233013552
physiology_kappa,EEG_hidden,M0,32,32,1.0,0.41635619062220774,0.43605706811127926,0.549922830027269,0.41635619062220774,0.43605706811127926,0.549922830027269,0.0,0.0,0.0,0.24627003853591553,0.2506124522910345,0.3026056642779991,0.0,0.0,0.0,0.9986770905818294,0.9987079546928137,0.9991064887226319,0.0,0.0,0.0,0.0013229094181705851,0.0012920453071862104,0.0016302975006227843
physiology_kappa,Hb_hidden,D-combined,32,32,1.0,0.0,0.0,0.0,0.0,0.0,0.0,0.0,0.0,0.0,0.27469554479374103,0.2739120693657921,0.3377140137227382,0.0,0.0,0.0,0.0,0.0,0.0,0.0,0.0,0.0,1.0,1.0,1.0
physiology_kappa,Hb_hidden,D-exchange,32,32,1.0,0.0,0.0,0.0,0.0,0.0,0.0,0.0,0.0,0.0,0.27469554479374103,0.2739120693657921,0.3377140137227382,0.0,0.0,0.0,0.0,0.0,0.0,0.0,0.0,0.0,1.0,1.0,1.0
physiology_kappa,Hb_hidden,D-fixed,32,32,1.0,0.0,0.0,0.0,0.0,0.0,0.0,0.0,0.0,0.0,0.27469554479374103,0.2739120693657921,0.3377140137227382,0.0,0.0,0.0,0.0,0.0,0.0,0.0,0.0,0.0,1.0,1.0,1.0
physiology_kappa,Hb_hidden,D-trained,32,32,1.0,0.0,0.0,0.0,0.0,0.0,0.0,0.0,0.0,0.0,0.27469554479374103,0.2739120693657921,0.3377140137227382,0.0,0.0,0.0,0.0,0.0,0.0,0.0,0.0,0.0,1.0,1.0,1.0
physiology_kappa,Hb_hidden,M0,32,32,1.0,0.0,0.0,0.0,0.0,0.0,0.0,0.0,0.0,0.0,0.27469554479374103,0.2739120693657921,0.3377140137227382,0.0,0.0,0.0,0.0,0.0,0.0,0.0,0.0,0.0,1.0,1.0,1.0
physiology_kappa,full,D-combined,32,32,1.0,0.20008164885280638,0.19880742150643338,0.2505231328460257,0.20008164885280638,0.19880742150643338,0.2505231328460257,0.0,0.0,0.0,0.12221916063840915,0.1227224327341706,0.15042783063438822,0.03014254893083782,0.029794337548622204,0.04390635973695353,0.7373515357539739,0.755910828120729,0.8532490649043376,0.028482242087511503,0.027946567441723108,0.04874173259062617,0.22605014465761503,0.2161426044375479,0.27723320617018743
physiology_kappa,full,D-exchange,32,32,1.0,0.40036733937880553,0.39421248215497395,0.614143794170937,0.40036733937880553,0.39421248215497395,0.614143794170937,0.0,0.0,0.0,0.1822623445299379,0.1852133907218907,0.24550124351994185,0.13473182603249484,0.14821454263510278,0.20448839872189448,0.4948596373809182,0.5143981501429089,0.7083481446802429,0.3221270671312001,0.31626190905256907,0.4686069389457694,0.1694934436053139,0.16933994080452205,0.22270999156681165
physiology_kappa,full,D-fixed,32,32,1.0,0.3590126067701798,0.35789637669585117,0.5513888159027891,0.3590126067701798,0.35789637669585117,0.5513888159027891,0.0,0.0,0.0,0.11908912521397658,0.12031080339113916,0.15027809714382787,0.026347257697270636,0.027386142460452005,0.04133942364072071,0.7468807425354673,0.762844216231843,0.8615978870128638,0.03066435774654966,0.026765755171525744,0.04268868799645929,0.2213438665775336,0.21039002859663128,0.26681787739550616
physiology_kappa,full,D-trained,32,32,1.0,0.3556431831239537,0.35648343559632145,0.540479990211471,0.3556431831239537,0.35648343559632145,0.540479990211471,0.0,0.0,0.0,0.12923495685425196,0.12497191140401807,0.15633307555234388,0.04509823085658961,0.046238418283874524,0.07006362649249852,0.6908103850440044,0.7214512839317672,0.8258935695570233,0.07780975783576424,0.07427110410899457,0.10417626822409666,0.21433939917170353,0.20427761195923827,0.25925090537003526
physiology_kappa,full,M0,32,32,1.0,0.37496063116870865,0.3772221281818901,0.5716662037773856,0.37496063116870865,0.3772221281818901,0.5716662037773856,0.0,0.0,0.0,0.11537154469899386,0.1177933612888126,0.14771459905922804,0.0,0.0,0.0,0.7738655236034877,0.7843928046660952,0.8751723876765972,0.0,0.0,0.0,0.22613447639651207,0.21560719533390477,0.2735531624675959
physiology_tau,EEG_hidden,D-combined,32,32,1.0,0.33861469937620153,0.33065100911668016,0.37829596742191185,0.33861469937620153,0.33065100911668016,0.37829596742191185,0.0,0.0,0.0,0.23406777394710343,0.24064314948981477,0.2856086621203054,0.09958955710074165,0.10598966335240542,0.15462513697142757,0.8069599682371336,0.7973820862528194,0.8792791871015715,0.15247464583854334,0.16255455811531236,0.22919661288546178,0.036595054200756136,0.04006335563186828,0.057087168653932416
physiology_tau,EEG_hidden,D-exchange,32,32,1.0,2.7991302784194922,3.326975265675724,6.088469678856361,2.7991302784194922,3.326975265675724,6.088469678856361,0.0,0.0,0.0,1.4769483407712287,1.7577970071465607,3.231568389200721,0.15096550221867078,0.15171630000433825,0.2401672346885379,0.6450027128178438,0.6668650635527216,0.8587097198647166,0.3112713563114754,0.3008124997088056,0.5102248079555948,0.03176363977286044,0.03232243673847286,0.05185201138376815
physiology_tau,EEG_hidden,D-fixed,32,32,1.0,3.067139731268781,3.313288843066527,6.995421659798548,3.067139731268781,3.313288843066527,6.995421659798548,0.0,0.0,0.0,1.6235396374297935,1.7457455937763073,3.64364233349687,0.09295343921591864,0.09776974658519785,0.13981211843959035,0.8328448714645834,0.8237570485779606,0.8928533526408552,0.13057774577103698,0.14940553182963007,0.21192389011558233,0.025204739634615426,0.026837419592409276,0.039945754400264544
physiology_tau,EEG_hidden,D-trained,32,32,1.0,2.7470521709254814,3.092045987214121,6.441107712071722,2.7470521709254814,3.092045987214121,6.441107712071722,0.0,0.0,0.0,1.4535714825940533,1.6323239809005292,3.3516242437076413,0.11363477300320785,0.11968814772068352,0.16836768770676677,0.7559549181488752,0.7581948903788822,0.8555909644174416,0.2138967890551755,0.21752060715445495,0.30409402514535533,0.021665139506991313,0.024284502466662833,0.0386834190819148
physiology_tau,EEG_hidden,M0,32,32,1.0,4.25218112292722,4.888979796043125,8.900893404045073,4.25218112292722,4.888979796043125,8.900893404045073,0.0,0.0,0.0,2.2281674188180602,2.566910297700895,4.697021346966585,0.0,0.0,0.0,0.9451429516740057,0.946291528795661,0.9716996638895727,0.0,0.0,0.0,0.0548570483259944,0.05370847120433891,0.07837374190962015
physiology_tau,Hb_hidden,D-combined,32,32,1.0,0.0,0.0,0.0,0.0,0.0,0.0,0.0,0.0,0.0,0.3169523283915385,0.3253521340730056,0.3961532093040906,0.0,0.0,0.0,0.0,0.0,0.0,0.0,0.0,0.0,1.0,1.0,1.0000000000000002
physiology_tau,Hb_hidden,D-exchange,32,32,1.0,0.0,0.0,0.0,0.0,0.0,0.0,0.0,0.0,0.0,0.3169523283915385,0.3253521340730056,0.3961532093040906,0.0,0.0,0.0,0.0,0.0,0.0,0.0,0.0,0.0,1.0,1.0,1.0000000000000002
physiology_tau,Hb_hidden,D-fixed,32,32,1.0,0.0,0.0,0.0,0.0,0.0,0.0,0.0,0.0,0.0,0.3169523283915385,0.3253521340730056,0.3961532093040906,0.0,0.0,0.0,0.0,0.0,0.0,0.0,0.0,0.0,1.0,1.0,1.0000000000000002
physiology_tau,Hb_hidden,D-trained,32,32,1.0,0.0,0.0,0.0,0.0,0.0,0.0,0.0,0.0,0.0,0.3169523283915385,0.3253521340730056,0.3961532093040906,0.0,0.0,0.0,0.0,0.0,0.0,0.0,0.0,0.0,1.0,1.0,1.0000000000000002
physiology_tau,Hb_hidden,M0,32,32,1.0,0.0,0.0,0.0,0.0,0.0,0.0,0.0,0.0,0.0,0.3169523283915385,0.3253521340730056,0.3961532093040906,0.0,0.0,0.0,0.0,0.0,0.0,0.0,0.0,0.0,1.0,1.0,1.0000000000000002
physiology_tau,full,D-combined,32,32,1.0,0.17935009857232637,0.1735101280742037,0.21999865626202264,0.17935009857232637,0.1735101280742037,0.21999865626202264,0.0,0.0,0.0,0.1861632122863055,0.18843957430098202,0.22823158585490919,0.11874068634705895,0.12743578633355213,0.1835166420378092,0.6000438781334949,0.6136129304195508,0.7411241178840993,0.20415896908977924,0.19773385810939514,0.2676113056081314,0.19781050191065597,0.18865321147105413,0.2742538521355055
physiology_tau,full,D-exchange,32,32,1.0,0.2055706211112973,0.23770447750251963,0.4212450902846048,0.2055706211112973,0.23770447750251963,0.4212450902846048,0.0,0.0,0.0,0.2513551019971685,0.2718683605473187,0.3596667541711523,0.21497951210836452,0.2397583049951376,0.33834527547592014,0.31425437642833504,0.3573372216246583,0.5816811576063794,0.5128298688579038,0.500557903989554,0.7478722514833454,0.12303210174953705,0.14210487438578764,0.20496236964235026
physiology_tau,full,D-fixed,32,32,1.0,0.22453804385195003,0.23347302180801838,0.352536788797615,0.22453804385195003,0.23347302180801838,0.352536788797615,0.0,0.0,0.0,0.18574458396942972,0.18872516780640303,0.22906251295598964,0.1207594397219752,0.1279579729631608,0.18217112167349667,0.6029449598627721,0.6161638106954495,0.7390265290656522,0.20037148184973996,0.19779188486048527,0.2714753561159955,0.19579068312421385,0.18604430444406533,0.2675007357777166
physiology_tau,full,D-trained,32,32,1.0,0.2054563856467715,0.22802026405047535,0.35126915152169985,0.2054563856467715,0.22802026405047535,0.35126915152169985,0.0,0.0,0.0,0.20492082470704615,0.21152820937452566,0.26698361419954236,0.15962363705757843,0.16565138190863807,0.24175989440749318,0.5308515487326142,0.5265524769071455,0.6345772264701365,0.31583437198918074,0.30778880353488164,0.40946047907488536,0.1623741235655454,0.1656587195579729,0.23549616655761565
physiology_tau,full,M0,32,32,1.0,0.23873650854344325,0.25183785459990116,0.3909632883190399,0.23873650854344325,0.25183785459990116,0.3909632883190399,0.0,0.0,0.0,0.14810888392534288,0.14994928484770914,0.18734273961675577,0.0,0.0,0.0,0.7419080550437895,0.7556533766707509,0.8616031412943403,0.0,0.0,0.0,0.2580919449562105,0.24434662332924895,0.32690021123049856
unmodeled_dynamics,EEG_hidden,D-combined,32,32,1.0,0.26367348333827995,0.2641164075071342,0.3184518079012452,0.26367348333827995,0.2641164075071342,0.3184518079012452,0.0,0.0,0.0,0.16762469043440725,0.17146446498936815,0.23294030226722273,0.003693228381619968,0.003923451731916667,0.006258454517994292,0.9739712068716218,0.975220822333342,0.9851550070493719,0.0011146634908585085,0.0018454124098939916,0.0040891994452006575,0.023102558356929814,0.022933765256764008,0.03628265378272035
unmodeled_dynamics,EEG_hidden,D-exchange,32,32,1.0,0.36154839635328506,0.37911892432474614,0.4819149463213513,0.36154839635328506,0.37911892432474614,0.4819149463213513,0.0,0.0,0.0,0.22251131652136047,0.22505570645928658,0.27024033486807797,0.002225147615097984,0.002633981395870145,0.004818285866844741,0.9946409705527609,0.9937614975472002,0.9985132609966172,0.0039038117181776403,0.0047898519039963755,0.011093685990850276,0.001545712627694202,0.0014486505488034542,0.001868346576825908
unmodeled_dynamics,EEG_hidden,D-fixed,32,32,1.0,0.36225363998837345,0.38092506987922825,0.47349941545371277,0.36225363998837345,0.38092506987922825,0.47349941545371277,0.0,0.0,0.0,0.22330111364827565,0.22546759485157825,0.2682795213833625,0.0007938631732817229,0.0010043977229114848,0.0016402686510117459,0.9979797405095633,0.9976967579698964,0.9990908380896782,0.0004132766874485749,0.0008524771493621896,0.002093136749181402,0.0015387133346138945,0.0014507648807413507,0.001869334161285108
unmodeled_dynamics,EEG_hidden,D-trained,32,32,1.0,0.3601285615158603,0.3796297808964649,0.4664148072766934,0.3601285615158603,0.3796297808964649,0.4664148072766934,0.0,0.0,0.0,0.2214509816354715,0.22476863390264185,0.2690470544272067,0.0011677436707830302,0.0014399934958391801,0.0027952932244188237,0.9976671708182356,0.9970666107769788,0.9996000376418424,0.0007276184211179877,0.0014839214399706608,0.004364600812724979,0.0015357668003603527,0.0014494677830505739,0.0018690671765248087
unmodeled_dynamics,EEG_hidden,M0,32,32,1.0,0.36802218650584917,0.3820110240995687,0.4700170989323635,0.36802218650584917,0.3820110240995687,0.4700170989323635,0.0,0.0,0.0,0.2241286578788681,0.22667093340560443,0.2710560972032669,0.0,0.0,0.0,0.9984334878074983,0.9985426283851547,0.9989968873140354,0.0,0.0,0.0,0.0015665121925017382,0.001457371614845309,0.0018704914018730322
unmodeled_dynamics,Hb_hidden,D-combined,32,32,1.0,0.0,0.0,0.0,0.0,0.0,0.0,0.0,0.0,0.0,0.18281331284891042,0.1876323399040703,0.236789684221236,0.0,0.0,0.0,0.0,0.0,0.0,0.0,0.0,0.0,1.0,1.0,1.0
unmodeled_dynamics,Hb_hidden,D-exchange,32,32,1.0,0.0,0.0,0.0,0.0,0.0,0.0,0.0,0.0,0.0,0.18281331284891042,0.1876323399040703,0.236789684221236,0.0,0.0,0.0,0.0,0.0,0.0,0.0,0.0,0.0,1.0,1.0,1.0
unmodeled_dynamics,Hb_hidden,D-fixed,32,32,1.0,0.0,0.0,0.0,0.0,0.0,0.0,0.0,0.0,0.0,0.18281331284891042,0.1876323399040703,0.236789684221236,0.0,0.0,0.0,0.0,0.0,0.0,0.0,0.0,0.0,1.0,1.0,1.0
unmodeled_dynamics,Hb_hidden,D-trained,32,32,1.0,0.0,0.0,0.0,0.0,0.0,0.0,0.0,0.0,0.0,0.18281331284891042,0.1876323399040703,0.236789684221236,0.0,0.0,0.0,0.0,0.0,0.0,0.0,0.0,0.0,1.0,1.0,1.0
unmodeled_dynamics,Hb_hidden,M0,32,32,1.0,0.0,0.0,0.0,0.0,0.0,0.0,0.0,0.0,0.0,0.18281331284891042,0.1876323399040703,0.236789684221236,0.0,0.0,0.0,0.0,0.0,0.0,0.0,0.0,0.0,1.0,1.0,1.0
unmodeled_dynamics,full,D-combined,32,32,1.0,0.13313359842711298,0.1315385992126926,0.16788750555400017,0.13313359842711298,0.1315385992126926,0.16788750555400017,0.0,0.0,0.0,0.09575442645714193,0.09270905023813994,0.11056126672066224,0.024278556307866,0.02410130263413235,0.035559261338489995,0.7148185633592761,0.7176945560101597,0.8102941247824013,0.027608397948315322,0.028131508144646242,0.04615774400901536,0.26391530898998056,0.25417393584519404,0.36188158754679495
unmodeled_dynamics,full,D-exchange,32,32,1.0,0.16707315786641364,0.20257920703398805,0.4155675591129003,0.16707315786641364,0.20257920703398805,0.4155675591129003,0.0,0.0,0.0,0.1213828238960791,0.12901119923779508,0.1766350022228459,0.09062023858243137,0.09365812856262715,0.1579614966941653,0.5531853835667905,0.5727389728426178,0.7255780847442094,0.22308836036292912,0.21008682966744638,0.37320686532178343,0.2061566567530151,0.21717419748993583,0.3181547539948295
unmodeled_dynamics,full,D-fixed,32,32,1.0,0.18658206442841846,0.21577482336481132,0.37206213734179994,0.18658206442841846,0.21577482336481132,0.37206213734179994,0.0,0.0,0.0,0.09537916472034433,0.09175751411720225,0.10962164743352462,0.022254452481153056,0.02308019670548271,0.03357941592761504,0.7285261096775725,0.7290298739055763,0.8222405264972673,0.025801098889922637,0.024337155646851356,0.04369466891848571,0.24575539589227524,0.24663297044757232,0.353699389907643
unmodeled_dynamics,full,D-trained,32,32,1.0,0.16865272223040775,0.20526565799108448,0.3630967451107968,0.16865272223040775,0.20526565799108448,0.3630967451107968,0.0,0.0,0.0,0.09739698817404964,0.0940143778663426,0.11116913214117709,0.030517659491562772,0.032149602495562236,0.04436367889399587,0.6928265532732509,0.702451601361553,0.7822859531813553,0.056851215632070976,0.05543508006475113,0.08194669049176806,0.24064996312173648,0.24211331857369583,0.3492045752840386
unmodeled_dynamics,full,M0,32,32,1.0,0.19118171222262087,0.22181965282725002,0.3787692928673713,0.19118171222262087,0.22181965282725002,0.3787692928673713,0.0,0.0,0.0,0.09058441887682477,0.08915750997188972,0.10585212594506643,0.0,0.0,0.0,0.7491521776695866,0.7479936511786457,0.8359180463718258,0.0,0.0,0.0,0.25084782233041336,0.25200634882135436,0.3584130785674562
weak_coupling,EEG_hidden,D-combined,32,32,1.0,0.7216296257357672,0.7200037852893018,0.8354726733989547,0.7216296257357672,0.7200037852893018,0.8354726733989547,0.0,0.0,0.0,0.4491035881918708,0.4486620624888228,0.5256741620244696,0.009038817186224016,0.010149949261410225,0.020051683647815368,0.9853986556905209,0.9843948853772617,0.9899668436585505,0.002550573530196521,0.002925885987232148,0.007347606284579681,0.012804392583049955,0.012679228635506145,0.019359226234986333
weak_coupling,EEG_hidden,D-exchange,32,32,1.0,1.1024569950420582,1.1188625155703682,1.3241796940467594,1.1024569950420582,1.1188625155703682,1.3241796940467594,0.0,0.0,0.0,0.6450258854793336,0.6557958851100911,0.7696253115827415,0.014656036695791975,0.01775648189596239,0.03262416627484474,0.9897479968140692,0.9862623829788237,0.9976031144380427,0.009120060145645781,0.012570154751907751,0.028869975072817633,0.0011950060044605532,0.0011674622692685855,0.0014143250840235198
weak_coupling,EEG_hidden,D-fixed,32,32,1.0,1.1140911150985513,1.1231248722411942,1.3045455170611644,1.1140911150985513,1.1231248722411942,1.3045455170611644,0.0,0.0,0.0,0.6660648532495214,0.6567765805655588,0.7727668507145474,0.004976642098785096,0.006160372202000807,0.011077877817347466,0.997607749648395,0.9969322385151584,0.9995173301871295,0.0011559422133097597,0.0018897854080110919,0.005447873624497396,0.0012116561438717437,0.0011779760768304015,0.0014198577997456066
weak_coupling,EEG_hidden,D-trained,32,32,1.0,1.111497848949659,1.1145538601113794,1.2827328087000425,1.111497848949659,1.1145538601113794,1.2827328087000425,0.0,0.0,0.0,0.6585381292449758,0.652263286980483,0.7726436423110236,0.007944483738358028,0.009239871088796212,0.015682767552470316,0.9965358847020241,0.9949810746908268,1.0001032544614081,0.0024149406193513805,0.003844485220366908,0.00908290147784639,0.001206634823713743,0.0011744400888064371,0.0014092870345577748
weak_coupling,EEG_hidden,M0,32,32,1.0,1.1292071195358433,1.170346699887314,1.465062282860019,1.1292071195358433,1.170346699887314,1.465062282860019,0.0,0.0,0.0,0.6742544696091923,0.6814298677014186,0.8927838728859376,0.0,0.0,0.0,0.9987779727124462,0.9988112011325874,0.9992378598952736,0.0,0.0,0.0,0.0012220272875539937,0.0011887988674127233,0.0014423181940140777
weak_coupling,Hb_hidden,D-combined,32,32,1.0,0.0,0.0,0.0,0.0,0.0,0.0,0.0,0.0,0.0,0.6606062075621684,0.6881837272392957,0.8862994037955854,0.0,0.0,0.0,0.0,0.0,0.0,0.0,0.0,0.0,1.0,1.0,1.0000000000000002
weak_coupling,Hb_hidden,D-exchange,32,32,1.0,0.0,0.0,0.0,0.0,0.0,0.0,0.0,0.0,0.0,0.6606062075621684,0.6881837272392957,0.8862994037955854,0.0,0.0,0.0,0.0,0.0,0.0,0.0,0.0,0.0,1.0,1.0,1.0000000000000002
weak_coupling,Hb_hidden,D-fixed,32,32,1.0,0.0,0.0,0.0,0.0,0.0,0.0,0.0,0.0,0.0,0.6606062075621684,0.6881837272392957,0.8862994037955854,0.0,0.0,0.0,0.0,0.0,0.0,0.0,0.0,0.0,1.0,1.0,1.0000000000000002
weak_coupling,Hb_hidden,D-trained,32,32,1.0,0.0,0.0,0.0,0.0,0.0,0.0,0.0,0.0,0.0,0.6606062075621684,0.6881837272392957,0.8862994037955854,0.0,0.0,0.0,0.0,0.0,0.0,0.0,0.0,0.0,1.0,1.0,1.0000000000000002
weak_coupling,Hb_hidden,M0,32,32,1.0,0.0,0.0,0.0,0.0,0.0,0.0,0.0,0.0,0.0,0.6606062075621684,0.6881837272392957,0.8862994037955854,0.0,0.0,0.0,0.0,0.0,0.0,0.0,0.0,0.0,1.0,1.0,1.0000000000000002
weak_coupling,full,D-combined,32,32,1.0,0.42978837898686834,0.4320529094302201,0.537930011656981,0.42978837898686834,0.4320529094302201,0.537930011656981,0.0,0.0,0.0,0.2806111240131475,0.27574841961958485,0.3572621997161439,0.07529379575467401,0.07689368882206939,0.11066062920297319,0.7814476024823286,0.794796568204976,0.8894575572748302,0.03529114614255542,0.030650771437291547,0.04998485540754533,0.1790907431472025,0.17455266035773243,0.24101627313641705
weak_coupling,full,D-exchange,32,32,1.0,0.6801104825707924,0.8126520213453464,1.4679790408945723,0.6801104825707924,0.8126520213453464,1.4679790408945723,0.0,0.0,0.0,0.4271613586111328,0.43774059491169376,0.5663117104386008,0.35655928801773773,0.36352095284739894,0.5100002137267193,0.4695922520804233,0.5209880880499271,0.7882097323999031,0.36966827000756153,0.347027959481118,0.5006656434557668,0.1301907688156727,0.13198395246895495,0.1928409390871445
weak_coupling,full,D-fixed,32,32,1.0,0.6715356472078329,0.779197278454376,1.2586418337026273,0.6715356472078329,0.779197278454376,1.2586418337026273,0.0,0.0,0.0,0.2754463687836125,0.2713603282304444,0.3518359755524388,0.06992924088855124,0.07140363072746113,0.09832952683114092,0.788297396372567,0.800088974572548,0.8962200097293681,0.03182123968717429,0.02888617532782824,0.046682379634684176,0.17347232085950137,0.1710248500996237,0.23911064164068424
weak_coupling,full,D-trained,32,32,1.0,0.6632407289360002,0.7695071563507544,1.2595193893246823,0.6632407289360002,0.7695071563507544,1.2595193893246823,0.0,0.0,0.0,0.28633228556006285,0.28523189049174563,0.37755301908060085,0.11493459215162846,0.12027627676096615,0.17075966063270726,0.7375904235945315,0.7531216098482779,0.8677154955408912,0.08182261023024447,0.081936683384254,0.13112269073602578,0.16957018506672134,0.16494170676746808,0.23035180122182047
weak_coupling,full,M0,32,32,1.0,0.6886109321862366,0.8131716012102238,1.2630666921911506,0.6886109321862366,0.8131716012102238,1.2630666921911506,0.0,0.0,0.0,0.2657129036633452,0.2643275610650483,0.34660763251358445,0.0,0.0,0.0,0.8220405993098526,0.8234122472837346,0.9108963376114071,0.0,0.0,0.0,0.17795940069014748,0.17658775271626534,0.24475797752169937
