id,dataset,arm,family,converged,maximum_cosine,minimum_cosine,physical_rank,component_rank
eeg_fnirs_single_trial__subject_05__session_00__prefrontal__w12,eeg_fnirs_single_trial,D-fixed,fixed_H0,True,0.9900262887141024,0.2529976673175881,125,4
eeg_fnirs_single_trial__subject_05__session_00__prefrontal__w12,eeg_fnirs_single_trial,D-fixed,with_parameter_tangents,True,0.9943334173696959,0.33207144862989507,128,4
eeg_fnirs_single_trial__subject_05__session_00__prefrontal__w12,eeg_fnirs_single_trial,D-trained,fixed_H0,True,0.9949346482563197,0.5186036816346453,125,4
eeg_fnirs_single_trial__subject_05__session_00__prefrontal__w12,eeg_fnirs_single_trial,D-trained,with_parameter_tangents,True,0.997294378065032,0.62021869589141,128,4
eeg_fnirs_single_trial__subject_05__session_00__prefrontal__w12,eeg_fnirs_single_trial,D-exchange,fixed_H0,True,0.9982310062097296,0.6801978452133542,125,4
eeg_fnirs_single_trial__subject_05__session_00__prefrontal__w12,eeg_fnirs_single_trial,D-exchange,with_parameter_tangents,True,0.9990255469134846,0.7631508773488105,128,4
eeg_fnirs_single_trial__subject_08__session_00__prefrontal__w12,eeg_fnirs_single_trial,D-fixed,fixed_H0,True,0.9882493756654864,0.2928414727634757,125,4
eeg_fnirs_single_trial__subject_08__session_00__prefrontal__w12,eeg_fnirs_single_trial,D-fixed,with_parameter_tangents,True,0.991500539974791,0.3920668221005504,128,4
eeg_fnirs_single_trial__subject_08__session_00__prefrontal__w12,eeg_fnirs_single_trial,D-trained,fixed_H0,True,0.9852576295092583,0.262164617807711,125,4
eeg_fnirs_single_trial__subject_08__session_00__prefrontal__w12,eeg_fnirs_single_trial,D-trained,with_parameter_tangents,True,0.9887649184515171,0.3983709929945051,128,4
eeg_fnirs_single_trial__subject_08__session_00__prefrontal__w12,eeg_fnirs_single_trial,D-exchange,fixed_H0,True,0.9979650814663378,0.689699757396658,125,4
eeg_fnirs_single_trial__subject_08__session_00__prefrontal__w12,eeg_fnirs_single_trial,D-exchange,with_parameter_tangents,True,0.9991723189673529,0.7256250611584439,128,4
simultaneous_eeg_nirs__VP003__cnt_dsr__prefrontal__w10,simultaneous_eeg_nirs,D-fixed,fixed_H0,True,0.9896717986473811,0.4739305114490691,125,4
simultaneous_eeg_nirs__VP003__cnt_dsr__prefrontal__w10,simultaneous_eeg_nirs,D-fixed,with_parameter_tangents,True,0.9925298823816622,0.657993071332633,128,4
simultaneous_eeg_nirs__VP003__cnt_dsr__prefrontal__w10,simultaneous_eeg_nirs,D-trained,fixed_H0,True,0.9837781589535953,0.2775073928481667,125,4
simultaneous_eeg_nirs__VP003__cnt_dsr__prefrontal__w10,simultaneous_eeg_nirs,D-trained,with_parameter_tangents,True,0.9879589092340281,0.3951885818756115,128,4
simultaneous_eeg_nirs__VP003__cnt_dsr__prefrontal__w10,simultaneous_eeg_nirs,D-exchange,fixed_H0,True,0.9986278395383588,0.7713449517337165,125,4
simultaneous_eeg_nirs__VP003__cnt_dsr__prefrontal__w10,simultaneous_eeg_nirs,D-exchange,with_parameter_tangents,True,0.9988722846509644,0.864870011116173,128,4
simultaneous_eeg_nirs__VP006__cnt_dsr__prefrontal__w10,simultaneous_eeg_nirs,D-fixed,fixed_H0,True,0.990175763058669,0.4482948086434664,125,4
simultaneous_eeg_nirs__VP006__cnt_dsr__prefrontal__w10,simultaneous_eeg_nirs,D-fixed,with_parameter_tangents,True,0.9945347483034194,0.533207744539964,128,4
simultaneous_eeg_nirs__VP006__cnt_dsr__prefrontal__w10,simultaneous_eeg_nirs,D-trained,fixed_H0,True,0.9817200416076088,0.2528984910495548,125,4
simultaneous_eeg_nirs__VP006__cnt_dsr__prefrontal__w10,simultaneous_eeg_nirs,D-trained,with_parameter_tangents,True,0.9936320133470169,0.4803104631077009,128,4
simultaneous_eeg_nirs__VP006__cnt_dsr__prefrontal__w10,simultaneous_eeg_nirs,D-exchange,fixed_H0,True,0.9988393019656489,0.7329847077828526,125,4
simultaneous_eeg_nirs__VP006__cnt_dsr__prefrontal__w10,simultaneous_eeg_nirs,D-exchange,with_parameter_tangents,True,0.9994798539078386,0.7476714024669441,128,4
visual_cognitive_motivation__S01__S01_Part1_Probe1__prefrontal__montage0__w22,visual_cognitive_motivation,D-fixed,fixed_H0,True,0.988206944006925,0.21620570819013918,125,4
visual_cognitive_motivation__S01__S01_Part1_Probe1__prefrontal__montage0__w22,visual_cognitive_motivation,D-fixed,with_parameter_tangents,True,0.990980813777109,0.44372532026934886,128,4
visual_cognitive_motivation__S01__S01_Part1_Probe1__prefrontal__montage0__w22,visual_cognitive_motivation,D-trained,fixed_H0,True,0.9892884436570458,0.5483333594100744,125,4
visual_cognitive_motivation__S01__S01_Part1_Probe1__prefrontal__montage0__w22,visual_cognitive_motivation,D-trained,with_parameter_tangents,True,0.993025697024902,0.5769542585361292,128,4
visual_cognitive_motivation__S01__S01_Part1_Probe1__prefrontal__montage0__w22,visual_cognitive_motivation,D-exchange,fixed_H0,True,0.9981410783391577,0.7035653221150412,125,4
visual_cognitive_motivation__S01__S01_Part1_Probe1__prefrontal__montage0__w22,visual_cognitive_motivation,D-exchange,with_parameter_tangents,True,0.9989484692534419,0.7495876216836154,128,4
visual_cognitive_motivation__S03__S03_Probe1__prefrontal__montage0__w22,visual_cognitive_motivation,D-fixed,fixed_H0,True,0.9900697692262864,0.24962226218202702,125,4
visual_cognitive_motivation__S03__S03_Probe1__prefrontal__montage0__w22,visual_cognitive_motivation,D-fixed,with_parameter_tangents,True,0.9954283062419614,0.5271622153836383,128,4
visual_cognitive_motivation__S03__S03_Probe1__prefrontal__montage0__w22,visual_cognitive_motivation,D-trained,fixed_H0,True,0.9935338468919676,0.4177906930173875,125,4
visual_cognitive_motivation__S03__S03_Probe1__prefrontal__montage0__w22,visual_cognitive_motivation,D-trained,with_parameter_tangents,True,0.9959148874873639,0.591254079518808,128,4
visual_cognitive_motivation__S03__S03_Probe1__prefrontal__montage0__w22,visual_cognitive_motivation,D-exchange,fixed_H0,True,0.9988252516948994,0.6963093977357365,125,4
visual_cognitive_motivation__S03__S03_Probe1__prefrontal__montage0__w22,visual_cognitive_motivation,D-exchange,with_parameter_tangents,True,0.9991502076530888,0.7735067970554556,128,4
