dataset,mode,pairing,arm,denominator,converged,success_fraction,total_nrmse_median,total_nrmse_mean,total_nrmse_p90,physical_nrmse_median,physical_nrmse_mean,physical_nrmse_p90,component_rms_training_SD_median,component_rms_training_SD_mean,component_rms_training_SD_p90
eeg_fnirs_single_trial,EEG_hidden,real,D-exchange,24,23,0.9583333333333334,7.790291605800383,12.815198052000735,34.3255229228191,7.790291605800383,12.815198052000735,34.3255229228191,0.19022013476549066,0.30001528338083305,0.7478728229568369
eeg_fnirs_single_trial,EEG_hidden,real,D-fixed,24,24,1.0,5.782432581792777,9.585319255833484,25.16397795899979,5.782432581792777,9.585319255833484,25.16397795899979,0.26604428177636674,0.36657420325267426,0.7105381736041768
eeg_fnirs_single_trial,EEG_hidden,real,D-trained,24,23,0.9583333333333334,5.874198506728021,10.004249020075749,19.504463880894424,5.874198506728021,10.004249020075749,19.504463880894424,0.23393950180380949,0.31034696351525315,0.7091286632407285
eeg_fnirs_single_trial,EEG_hidden,real,M0,24,20,0.8333333333333334,8.431442028804327,16.741494569505072,38.703913182912885,8.431442028804327,16.741494569505072,38.703913182912885,0.0,0.0,0.0
eeg_fnirs_single_trial,HbO_hidden,real,D-exchange,24,24,1.0,0.8823301582279791,1.2706620103716157,2.995880656665542,0.911772457402983,1.2928279684208517,3.02187684283539,0.36366748990895276,0.3564152985812208,0.5963945864420797
eeg_fnirs_single_trial,HbO_hidden,real,D-fixed,24,24,1.0,1.0384670572304517,1.395864061556595,3.144057922410421,0.8925599888016797,1.283652961421881,3.057450260917345,0.43179421924745554,0.41376141379761,0.6355877145725694
eeg_fnirs_single_trial,HbO_hidden,real,D-trained,24,24,1.0,1.001373262793333,1.3786946267780802,3.0778339710566933,0.8808035627541579,1.285678995910935,3.04344206130976,0.35136994692856677,0.3804188949437229,0.6210858188767352
eeg_fnirs_single_trial,HbO_hidden,real,M0,24,24,1.0,0.9983074544002444,1.378029030612735,2.6232654933745687,0.9983074544002444,1.378029030612735,2.6232654933745687,0.0,0.0,0.0
eeg_fnirs_single_trial,HbR_hidden,real,D-exchange,24,24,1.0,0.6618897277297042,0.9594480097121384,1.8530198910464262,0.6422440404279065,0.8089816745681229,1.4326986259151928,0.40453021202019723,0.42976323033965613,0.7255440166630642
eeg_fnirs_single_trial,HbR_hidden,real,D-fixed,24,24,1.0,1.1024863931801065,1.1585123923875713,2.0635773732360785,0.6294700834386369,0.845446659932613,1.3918754949773657,0.5999501609958413,0.6203824149196923,1.156681465095127
eeg_fnirs_single_trial,HbR_hidden,real,D-trained,24,24,1.0,0.7002195192413736,0.9026917003779807,1.6200975234011885,0.6795943570175497,0.8227516473186552,1.3778456715917542,0.12249676013482647,0.19338861105231886,0.38474348515586615
eeg_fnirs_single_trial,HbR_hidden,real,M0,24,24,1.0,0.6544162357147448,0.8107767456072311,1.5997350776740733,0.6544162357147448,0.8107767456072311,1.5997350776740733,0.0,0.0,0.0
eeg_fnirs_single_trial,Hb_hidden,real,D-exchange,24,24,1.0,1.043728806931044,1.3057861467838923,2.4027538719388035,1.043728806931044,1.3057861467838923,2.4027538719388035,0.0,0.0,0.0
eeg_fnirs_single_trial,Hb_hidden,real,D-fixed,24,24,1.0,1.043728806931044,1.3057861467838923,2.4027538719388035,1.043728806931044,1.3057861467838923,2.4027538719388035,0.0,0.0,0.0
eeg_fnirs_single_trial,Hb_hidden,real,D-trained,24,24,1.0,1.043728806931044,1.3057861467838923,2.4027538719388035,1.043728806931044,1.3057861467838923,2.4027538719388035,0.0,0.0,0.0
eeg_fnirs_single_trial,Hb_hidden,real,M0,24,24,1.0,1.043728806931044,1.3057861467838925,2.4027538719388035,1.043728806931044,1.3057861467838925,2.4027538719388035,0.0,0.0,0.0
eeg_fnirs_single_trial,center_Hb,real,D-exchange,24,24,1.0,0.4223900791044482,0.5191722056632959,0.8454123758508484,0.651058157649422,0.7938883473083137,1.4533458949677034,0.334769809737792,0.3620637432037819,0.5935875029715787
eeg_fnirs_single_trial,center_Hb,real,D-fixed,24,24,1.0,0.5139082835719871,0.5369488312588917,0.9917943790679624,0.4988689982509539,0.7439954988936078,1.2922506942705345,0.2668442420382308,0.4120850515341192,0.8373388741145046
eeg_fnirs_single_trial,center_Hb,real,D-trained,24,24,1.0,0.46012526345609517,0.540151370933911,1.0039579428528485,0.5616769506864416,0.7010374788381327,1.26388824279863,0.2503774004408148,0.3317625010219316,0.7119264400484647
eeg_fnirs_single_trial,center_Hb,real,M0,24,24,1.0,0.5146219240947565,0.6250285645160658,1.0650518530314312,0.5146219240947565,0.6250285645160658,1.0650518530314312,0.0,0.0,0.0
eeg_fnirs_single_trial,full,real,D-exchange,24,24,1.0,0.22656377765098318,0.2809745108326544,0.47226008371100364,0.44346669973139163,0.4630744553346356,0.7885046712582021,0.37183333439861976,0.39523619374439606,0.7639772046514781
eeg_fnirs_single_trial,full,real,D-fixed,24,24,1.0,0.23662973844038537,0.26427799023363874,0.43370142970503683,0.337351998830694,0.4528143543262246,0.8431887447665591,0.24846038979200852,0.4046810369292028,0.8199459678313009
eeg_fnirs_single_trial,full,real,D-trained,24,24,1.0,0.23945554264152857,0.27745280797824634,0.476776567836019,0.35909302798720183,0.4183441205476857,0.6459693093696575,0.25703730172738326,0.33569145258016714,0.7299372146825936
eeg_fnirs_single_trial,full,real,M0,24,24,1.0,0.2634827467882137,0.33739724414900624,0.53231596476886,0.2634827467882137,0.33739724414900624,0.53231596476886,0.0,0.0,0.0
eeg_fnirs_single_trial,hidden_channel,nonwrapping_shift_12s,D-exchange,23,23,1.0,0.9754720637485588,1.1991830988497256,2.3320757781543238,0.9869632313160966,1.189107219069866,2.3199064568464713,0.010408308030416615,0.05480974368073735,0.15975803293430593
eeg_fnirs_single_trial,hidden_channel,nonwrapping_shift_12s,D-fixed,23,23,1.0,0.9939377486112372,1.194710930778479,2.325591230767193,0.9869632313160966,1.189107219069866,2.3199064568464713,0.03017310634561164,0.03663684943066236,0.08343250101169238
eeg_fnirs_single_trial,hidden_channel,nonwrapping_shift_12s,D-trained,23,23,1.0,1.0006604279495124,1.1972751006207012,2.329093057572284,0.9869632313160966,1.189107219069866,2.3199064568464713,0.021727996280260207,0.043214597775661855,0.10780859358979993
eeg_fnirs_single_trial,hidden_channel,nonwrapping_shift_12s,M0,23,23,1.0,0.9869632313160966,1.189107219069866,2.3199064568464713,0.9869632313160966,1.189107219069866,2.3199064568464713,0.0,0.0,0.0
eeg_fnirs_single_trial,hidden_channel,nonwrapping_shift_12s,spatial_ridge,23,23,1.0,0.7243266149596964,0.8850875120398692,1.540553123225563,0.9869632313160966,1.189107219069866,2.3199064568464713,0.5464938875947497,0.6530080884859796,1.0221526539943422
eeg_fnirs_single_trial,hidden_channel,nonwrapping_shift_12s,training_template,23,23,1.0,0.6391891912052751,0.8961475809751392,1.4526861030368334,0.9869632313160966,1.189107219069866,2.3199064568464713,0.5366917304214359,0.6471091755266438,0.9937456878219949
eeg_fnirs_single_trial,hidden_channel,real,D-exchange,24,23,0.9583333333333334,1.024027971097791,1.3196312407878557,2.4215552180967035,1.0617169169765002,1.3307798148032912,2.4224189284570543,0.009255614647694064,0.05229664940761243,0.16176499500685237
eeg_fnirs_single_trial,hidden_channel,real,D-fixed,24,23,0.9583333333333334,1.0653507948184329,1.325286155571036,2.4125842990975688,1.0617169169765002,1.3307798148032912,2.4224189284570543,0.027871337698858984,0.032377874668397186,0.07377809658880762
eeg_fnirs_single_trial,hidden_channel,real,D-trained,24,23,0.9583333333333334,1.0576942996746739,1.3240542131938784,2.4202919848730033,1.0617169169765002,1.3307798148032912,2.4224189284570543,0.020771314105613996,0.040432944526352065,0.10823164980584238
eeg_fnirs_single_trial,hidden_channel,real,M0,24,23,0.9583333333333334,1.0617169169765002,1.3307798148032912,2.4224189284570543,1.0617169169765002,1.3307798148032912,2.4224189284570543,0.0,0.0,0.0
eeg_fnirs_single_trial,hidden_channel,real,spatial_ridge,24,23,0.9583333333333334,0.9676833881407154,0.9907484039233129,1.7615097094720935,1.0617169169765002,1.3307798148032912,2.4224189284570543,0.46229289806737484,0.6516875463379418,1.0865426365397934
eeg_fnirs_single_trial,hidden_channel,real,training_template,24,23,0.9583333333333334,0.9222788966665106,1.0918599239230498,1.9274325847738731,1.0617169169765002,1.3307798148032912,2.4224189284570543,0.5366917304214359,0.6471091755266438,0.9937456878219949
eeg_fnirs_single_trial,hidden_channel,real_shift_support,D-exchange,23,23,1.0,0.9025235653730247,1.173064619027486,2.302127919662886,0.9869632313160966,1.189107219069866,2.3199064568464713,0.009255614647694064,0.05229664940761243,0.16176499500685237
eeg_fnirs_single_trial,hidden_channel,real_shift_support,D-fixed,23,23,1.0,0.9852051866300582,1.1828427107238892,2.314726600719953,0.9869632313160966,1.189107219069866,2.3199064568464713,0.027871337698858984,0.032377874668397186,0.07377809658880762
eeg_fnirs_single_trial,hidden_channel,real_shift_support,D-trained,23,23,1.0,0.9534241409726573,1.1790643307264335,2.3116015731365716,0.9869632313160966,1.189107219069866,2.3199064568464713,0.020771314105613996,0.040432944526352065,0.10823164980584238
eeg_fnirs_single_trial,hidden_channel,real_shift_support,M0,23,23,1.0,0.9869632313160966,1.189107219069866,2.3199064568464713,0.9869632313160966,1.189107219069866,2.3199064568464713,0.0,0.0,0.0
eeg_fnirs_single_trial,hidden_channel,real_shift_support,spatial_ridge,23,23,1.0,0.6226662798547581,0.8382313328693126,1.2960710456455888,0.9869632313160966,1.189107219069866,2.3199064568464713,0.46229289806737484,0.6516875463379418,1.0865426365397934
eeg_fnirs_single_trial,hidden_channel,real_shift_support,training_template,23,23,1.0,0.6391891912052751,0.8961475809751392,1.4526861030368334,0.9869632313160966,1.189107219069866,2.3199064568464713,0.5366917304214359,0.6471091755266438,0.9937456878219949
eeg_fnirs_single_trial,hidden_channel,wrong_subject,D-exchange,23,23,1.0,1.0342736214634607,1.3309645222721513,2.4227024713794805,1.0617169169765002,1.3307798148032912,2.4224189284570543,0.04038404437790913,0.0434120744175372,0.13156289907850158
eeg_fnirs_single_trial,hidden_channel,wrong_subject,D-fixed,23,23,1.0,1.0544568250052893,1.3288960957027103,2.4213434006015753,1.0617169169765002,1.3307798148032912,2.4224189284570543,0.022242513324861136,0.02073999205489356,0.04243638974510672
eeg_fnirs_single_trial,hidden_channel,wrong_subject,D-trained,23,23,1.0,1.0612658908373152,1.328379366814025,2.4225365595383086,1.0617169169765002,1.3307798148032912,2.4224189284570543,0.03302123942673148,0.029630827019696528,0.06773901608670499
eeg_fnirs_single_trial,hidden_channel,wrong_subject,M0,23,23,1.0,1.0617169169765002,1.3307798148032912,2.4224189284570543,1.0617169169765002,1.3307798148032912,2.4224189284570543,0.0,0.0,0.0
eeg_fnirs_single_trial,hidden_channel,wrong_subject,spatial_ridge,23,23,1.0,0.9105474763677791,1.097078986993391,1.8432734928242231,1.0617169169765002,1.3307798148032912,2.4224189284570543,0.48303504719584694,0.6432158163700712,1.0885874081148665
eeg_fnirs_single_trial,hidden_channel,wrong_subject,training_template,23,23,1.0,0.9222788966665106,1.0918599239230498,1.9274325847738731,1.0617169169765002,1.3307798148032912,2.4224189284570543,0.5366917304214359,0.6471091755266438,0.9937456878219949
eeg_fnirs_single_trial,suffix_Hb,AR1,D-exchange,24,24,1.0,0.6282085938446653,0.7323383754445985,1.1550123905888674,0.7524510073046513,0.7754043376038421,1.202322803170618,0.33130777293916835,0.368144093778624,0.7200998324916315
eeg_fnirs_single_trial,suffix_Hb,AR1,D-fixed,24,24,1.0,0.6713259061770863,0.7356684947760167,1.12003783642365,0.6648617652325388,0.7628015182465879,1.2967253961373089,0.2133688266397756,0.38630284146293103,1.0734294845253352
eeg_fnirs_single_trial,suffix_Hb,AR1,D-trained,24,24,1.0,0.6421795841677838,0.7245143367444801,1.1712246946480327,0.6666901223892621,0.7362842032183613,1.1142599083009805,0.23135412452139104,0.3068959873016009,0.5932293960328529
eeg_fnirs_single_trial,suffix_Hb,cosine_extrapolation,D-exchange,24,24,1.0,0.6744339794800633,0.7249193981183507,1.1422651331258784,0.7524510073046513,0.7754043376038421,1.202322803170618,0.30387432604009523,0.3568181201401887,0.7543149388313914
eeg_fnirs_single_trial,suffix_Hb,cosine_extrapolation,D-fixed,24,24,1.0,0.6845655031204543,0.7355117590088612,1.0635837996261168,0.6648617652325388,0.7628015182465879,1.2967253961373089,0.2255466182109031,0.38585522241882897,1.0367525078225317
eeg_fnirs_single_trial,suffix_Hb,cosine_extrapolation,D-trained,24,24,1.0,0.6880967787962531,0.7471057743883559,1.1383294989149677,0.6666901223892621,0.7362842032183613,1.1142599083009805,0.22417111786397706,0.3147887704875138,0.6263847412758763
eeg_fnirs_single_trial,suffix_Hb,persistence,D-exchange,24,24,1.0,0.6317498472300165,0.7390406749652313,1.1508564495258173,0.7524510073046513,0.7754043376038421,1.202322803170618,0.3510225640168024,0.3814003285462367,0.7250651691168121
eeg_fnirs_single_trial,suffix_Hb,persistence,D-fixed,24,24,1.0,0.6868553924283509,0.7493069330250665,1.2077763460664015,0.6648617652325388,0.7628015182465879,1.2967253961373089,0.2255848263907636,0.39939544644542746,1.1460715734825089
eeg_fnirs_single_trial,suffix_Hb,persistence,D-trained,24,24,1.0,0.6497245631708402,0.729749469591748,1.1645397967585127,0.6666901223892621,0.7362842032183613,1.1142599083009805,0.23507286883752088,0.3149593423075386,0.6003105016932628
eeg_fnirs_single_trial,suffix_Hb,zero,D-exchange,24,24,1.0,0.7524510073046513,0.7754043376038421,1.202322803170618,0.7524510073046513,0.7754043376038421,1.202322803170618,0.2064429300939623,0.2926685916121749,0.6969179004192434
eeg_fnirs_single_trial,suffix_Hb,zero,D-fixed,24,24,1.0,0.6648617652325388,0.7628015182465879,1.2967253961373089,0.6648617652325388,0.7628015182465879,1.2967253961373089,0.16763691113342294,0.3117356473635902,0.6591433845489008
eeg_fnirs_single_trial,suffix_Hb,zero,D-trained,24,24,1.0,0.6666901223892621,0.7362842032183613,1.1142599083009805,0.6666901223892621,0.7362842032183613,1.1142599083009805,0.20206123942919196,0.2622113508457043,0.5926319171615557
simultaneous_eeg_nirs,EEG_hidden,real,D-exchange,24,24,1.0,13.173857038317472,19.091090475131924,37.82850429264368,13.173857038317472,19.091090475131924,37.82850429264368,0.21103747928606637,0.4118380679690144,0.9446771010538707
simultaneous_eeg_nirs,EEG_hidden,real,D-fixed,24,24,1.0,7.030360386576085,12.4630418259763,27.436793864352904,7.030360386576085,12.4630418259763,27.436793864352904,0.3388747061748908,0.48632996324767136,1.2177072430322373
simultaneous_eeg_nirs,EEG_hidden,real,D-trained,24,24,1.0,10.546848700617058,13.830102616657259,27.929277696620858,10.546848700617058,13.830102616657259,27.929277696620858,0.3415993545037769,0.5117574178039057,1.0494503441868288
simultaneous_eeg_nirs,EEG_hidden,real,M0,24,24,1.0,20.369317119584707,25.417770795072382,50.00406144078005,20.369317119584707,25.417770795072382,50.00406144078005,0.0,0.0,0.0
simultaneous_eeg_nirs,HbO_hidden,real,D-exchange,24,24,1.0,0.8839350339657998,1.0174306723845774,1.9329749579935922,0.9079553678686565,1.0113023464674564,1.9222406194928856,0.25670669434856497,0.30666765559746423,0.5869353641145036
simultaneous_eeg_nirs,HbO_hidden,real,D-fixed,24,24,1.0,0.9339141878905397,1.0790887730912873,2.0667216853518204,0.9365897684393839,1.030930175939882,1.965866262645403,0.32937574897751265,0.3864110795175392,0.7413325631039668
simultaneous_eeg_nirs,HbO_hidden,real,D-trained,24,24,1.0,0.9048616458844347,1.0868685625980878,2.1623370207666888,0.9344973261734015,1.0433932396832764,2.019993279508784,0.2977115682330967,0.35868741720035396,0.6645171084462317
simultaneous_eeg_nirs,HbO_hidden,real,M0,24,24,1.0,0.918868011537527,1.0740822060052706,2.057287784103402,0.918868011537527,1.0740822060052706,2.057287784103402,0.0,0.0,0.0
simultaneous_eeg_nirs,HbR_hidden,real,D-exchange,24,24,1.0,0.8121679293071529,1.1781422083018611,2.6581203443251087,0.821113251803852,1.0175066972278104,1.8319438540791695,0.2465467192945323,0.38583274410813545,0.9410882028448972
simultaneous_eeg_nirs,HbR_hidden,real,D-fixed,24,24,1.0,1.1511326623932734,1.2981804525563099,1.7300595077240537,0.7954230012179668,0.9542287208071252,1.7153332943427673,0.546830862374567,0.6936144279043664,1.6533952840393453
simultaneous_eeg_nirs,HbR_hidden,real,D-trained,24,24,1.0,0.9452079899216559,1.1287174688010533,1.9752382888201099,0.8974768570140489,1.1072725000159738,2.1323027934515113,0.1249094540146675,0.21674206758645945,0.4795280898850548
simultaneous_eeg_nirs,HbR_hidden,real,M0,24,24,1.0,0.8441210958363186,1.0954618098972102,2.0243775364502157,0.8441210958363186,1.0954618098972102,2.0243775364502157,0.0,0.0,0.0
simultaneous_eeg_nirs,Hb_hidden,real,D-exchange,24,24,1.0,0.7337395917381235,0.9015646056177234,1.4993046848247755,0.7337395917381235,0.9015646056177234,1.4993046848247755,0.0,0.0,0.0
simultaneous_eeg_nirs,Hb_hidden,real,D-fixed,24,24,1.0,0.7337395917381235,0.9015646056177234,1.4993046848247755,0.7337395917381235,0.9015646056177234,1.4993046848247755,0.0,0.0,0.0
simultaneous_eeg_nirs,Hb_hidden,real,D-trained,24,24,1.0,0.7337395917381235,0.9015646056177234,1.4993046848247755,0.7337395917381235,0.9015646056177234,1.4993046848247755,0.0,0.0,0.0
simultaneous_eeg_nirs,Hb_hidden,real,M0,24,24,1.0,0.7337395917381235,0.9015646056177234,1.4993046848247755,0.7337395917381235,0.9015646056177234,1.4993046848247755,0.0,0.0,0.0
simultaneous_eeg_nirs,center_Hb,real,D-exchange,24,24,1.0,0.3345848434336552,0.45206032399678325,1.095945702873802,0.48080237041462426,0.628778516934381,1.386788440168903,0.22860155603382926,0.3337063547163089,0.6633805481555352
simultaneous_eeg_nirs,center_Hb,real,D-fixed,24,24,1.0,0.3335871261447343,0.35217607595501993,0.5802524845867142,0.4746600104576232,0.7114086652101562,1.7230888882801643,0.36307912214611027,0.5373965595664311,1.063751096314934
simultaneous_eeg_nirs,center_Hb,real,D-trained,24,24,1.0,0.2986990808801745,0.39661562060059824,0.7881434527959156,0.45230924207121725,0.607574249763161,1.2359466060059376,0.33300827982490433,0.4453376587463276,0.9517773781463958
simultaneous_eeg_nirs,center_Hb,real,M0,24,24,1.0,0.4289908840601423,0.554022752717854,1.3078465199393592,0.4289908840601423,0.554022752717854,1.3078465199393592,0.0,0.0,0.0
simultaneous_eeg_nirs,full,real,D-exchange,24,24,1.0,0.23729062002671275,0.27823154770891684,0.5100549274400225,0.33457039976797776,0.43924299817896345,0.8387276588551378,0.23228222035054769,0.364005201014369,0.7059449029566035
simultaneous_eeg_nirs,full,real,D-fixed,24,24,1.0,0.21877783210761442,0.21607735259086888,0.34161764622480295,0.38050603662722654,0.5112907352891577,0.9466140988821463,0.3640437543002913,0.5317658171612749,1.0418230422972636
simultaneous_eeg_nirs,full,real,D-trained,24,24,1.0,0.21814529554143094,0.2461883150040575,0.4161859265763284,0.38330162713254,0.4604167318127554,0.9100719033159528,0.32043408127364836,0.443027834450265,0.944738608998079
simultaneous_eeg_nirs,full,real,M0,24,24,1.0,0.29044619120495874,0.3367164579997521,0.6614170500500686,0.29044619120495874,0.3367164579997521,0.6614170500500686,0.0,0.0,0.0
simultaneous_eeg_nirs,hidden_channel,nonwrapping_shift_12s,D-exchange,24,24,1.0,0.5104838184368055,0.7109890480825478,1.5679234280469032,0.5371224893695115,0.7073815860329287,1.5705372040754104,0.02990427632733904,0.03519826156578634,0.06887327133796055
simultaneous_eeg_nirs,hidden_channel,nonwrapping_shift_12s,D-fixed,24,24,1.0,0.5308177405337229,0.7087117660534047,1.5637026781137662,0.5371224893695115,0.7073815860329287,1.5705372040754104,0.016395554855199057,0.019626616097786306,0.03370806317513292
simultaneous_eeg_nirs,hidden_channel,nonwrapping_shift_12s,D-trained,24,24,1.0,0.5203243768683834,0.7079637909311632,1.5529383133519428,0.5371224893695115,0.7073815860329287,1.5705372040754104,0.02727982267677487,0.03111410479168499,0.05878951556379266
simultaneous_eeg_nirs,hidden_channel,nonwrapping_shift_12s,M0,24,24,1.0,0.5371224893695115,0.7073815860329287,1.5705372040754104,0.5371224893695115,0.7073815860329287,1.5705372040754104,0.0,0.0,0.0
simultaneous_eeg_nirs,hidden_channel,nonwrapping_shift_12s,spatial_ridge,24,24,1.0,0.5264487368129929,0.6988304932879973,1.4028194391053284,0.5371224893695115,0.7073815860329287,1.5705372040754104,0.36453494248512314,0.39811688335320367,0.5897044051056262
simultaneous_eeg_nirs,hidden_channel,nonwrapping_shift_12s,training_template,24,24,1.0,0.5507846170770117,0.6880969371795036,1.4638032527234013,0.5371224893695115,0.7073815860329287,1.5705372040754104,0.3610071149388809,0.3722295828316768,0.5122952897182075
simultaneous_eeg_nirs,hidden_channel,real,D-exchange,24,24,1.0,0.7390080812382859,0.9022926968931514,1.4953664154983874,0.7337395917381235,0.9015646056177234,1.4993046848247755,0.02574965526159594,0.032121454878724656,0.06035295717423658
simultaneous_eeg_nirs,hidden_channel,real,D-fixed,24,24,1.0,0.7377838078398355,0.9014114386136916,1.4951020605726748,0.7337395917381235,0.9015646056177234,1.4993046848247755,0.015823653233407654,0.017668086594197246,0.028383884927494364
simultaneous_eeg_nirs,hidden_channel,real,D-trained,24,24,1.0,0.7349381249163114,0.9036555367031461,1.508888743615156,0.7337395917381235,0.9015646056177234,1.4993046848247755,0.028828480272201036,0.02912787515361093,0.05601672762791828
simultaneous_eeg_nirs,hidden_channel,real,M0,24,24,1.0,0.7337395917381235,0.9015646056177234,1.4993046848247755,0.7337395917381235,0.9015646056177234,1.4993046848247755,0.0,0.0,0.0
simultaneous_eeg_nirs,hidden_channel,real,spatial_ridge,24,24,1.0,0.7029317388671794,0.7978802926946176,1.4040072402286108,0.7337395917381235,0.9015646056177234,1.4993046848247755,0.3335522279254381,0.36455020994456494,0.5230247164247569
simultaneous_eeg_nirs,hidden_channel,real,training_template,24,24,1.0,0.7271332148232006,0.8515659047821788,1.5223034961884885,0.7337395917381235,0.9015646056177234,1.4993046848247755,0.3610071149388809,0.3722295828316768,0.5122952897182075
simultaneous_eeg_nirs,hidden_channel,real_shift_support,D-exchange,24,24,1.0,0.5482782911467359,0.706400852281451,1.565824919231624,0.5371224893695115,0.7073815860329287,1.5705372040754104,0.02574965526159594,0.032121454878724656,0.06035295717423658
simultaneous_eeg_nirs,hidden_channel,real_shift_support,D-fixed,24,24,1.0,0.5448514018964494,0.7067891768214333,1.5635512762347383,0.5371224893695115,0.7073815860329287,1.5705372040754104,0.015823653233407654,0.017668086594197246,0.028383884927494364
simultaneous_eeg_nirs,hidden_channel,real_shift_support,D-trained,24,24,1.0,0.5563026734781545,0.7095561554828663,1.5699952001603215,0.5371224893695115,0.7073815860329287,1.5705372040754104,0.028828480272201036,0.02912787515361093,0.05601672762791828
simultaneous_eeg_nirs,hidden_channel,real_shift_support,M0,24,24,1.0,0.5371224893695115,0.7073815860329287,1.5705372040754104,0.5371224893695115,0.7073815860329287,1.5705372040754104,0.0,0.0,0.0
simultaneous_eeg_nirs,hidden_channel,real_shift_support,spatial_ridge,24,24,1.0,0.43333694665611644,0.6154422953476018,1.3240504434700566,0.5371224893695115,0.7073815860329287,1.5705372040754104,0.3335522279254381,0.36455020994456494,0.5230247164247569
simultaneous_eeg_nirs,hidden_channel,real_shift_support,training_template,24,24,1.0,0.5507846170770117,0.6880969371795036,1.4638032527234013,0.5371224893695115,0.7073815860329287,1.5705372040754104,0.3610071149388809,0.3722295828316768,0.5122952897182075
simultaneous_eeg_nirs,hidden_channel,wrong_subject,D-exchange,17,17,1.0,0.7355423956150615,0.8904908165853205,1.4810283315356032,0.7335354110639536,0.8900768150300464,1.4833120893283653,0.019255872805594543,0.0214421557782453,0.03544749404762227
simultaneous_eeg_nirs,hidden_channel,wrong_subject,D-fixed,17,17,1.0,0.7391029333659921,0.8907420251976967,1.4819900291917103,0.7335354110639536,0.8900768150300464,1.4833120893283653,0.019196847613332454,0.01654713599285487,0.02229720284625573
simultaneous_eeg_nirs,hidden_channel,wrong_subject,D-trained,17,17,1.0,0.7427241613880075,0.890582485008841,1.4818317733625608,0.7335354110639536,0.8900768150300464,1.4833120893283653,0.030660243703912026,0.027838310422448307,0.044944929783551295
simultaneous_eeg_nirs,hidden_channel,wrong_subject,M0,17,17,1.0,0.7335354110639536,0.8900768150300464,1.4833120893283653,0.7335354110639536,0.8900768150300464,1.4833120893283653,0.0,0.0,0.0
simultaneous_eeg_nirs,hidden_channel,wrong_subject,spatial_ridge,17,17,1.0,0.8031355439240189,0.9523968699968208,1.5694391198866418,0.7335354110639536,0.8900768150300464,1.4833120893283653,0.470728992427276,0.4457948818968698,0.5684402896257701
simultaneous_eeg_nirs,hidden_channel,wrong_subject,training_template,17,17,1.0,0.7355040382814397,0.87622684834367,1.4665000174792002,0.7335354110639536,0.8900768150300464,1.4833120893283653,0.33485523303416104,0.3500512476208344,0.44359410046788744
simultaneous_eeg_nirs,suffix_Hb,AR1,D-exchange,24,24,1.0,0.6626405883281083,0.860058040670206,1.6817570165906586,0.677298327838846,0.8943322653534711,1.6000810294115777,0.2559813194257846,0.3128689425260491,0.601994809832321
simultaneous_eeg_nirs,suffix_Hb,AR1,D-fixed,24,24,1.0,0.7453261211062729,0.8204749310147749,1.6612154673691455,0.8001187760559949,0.8529388396437234,1.244737185169328,0.2942957332780023,0.5534546124802816,1.5229908887899706
simultaneous_eeg_nirs,suffix_Hb,AR1,D-trained,24,24,1.0,0.719663351387627,0.8315323717667716,1.6354431630458748,0.7055682979307983,0.8273573625515885,1.4080372639242291,0.33877944735057575,0.43508217794035176,0.8555686698976006
simultaneous_eeg_nirs,suffix_Hb,cosine_extrapolation,D-exchange,24,24,1.0,0.643080148171864,0.8321645170259853,1.6716473530981166,0.677298327838846,0.8943322653534711,1.6000810294115777,0.2393428489314297,0.30774864349062575,0.5868399641319111
simultaneous_eeg_nirs,suffix_Hb,cosine_extrapolation,D-fixed,24,24,1.0,0.7212008014472011,0.7635971135568473,1.4804685515738114,0.8001187760559949,0.8529388396437234,1.244737185169328,0.29496738844611425,0.5404829179508385,1.4678752637315295
simultaneous_eeg_nirs,suffix_Hb,cosine_extrapolation,D-trained,24,24,1.0,0.7155910069379746,0.7982617605048724,1.5274967837722824,0.7055682979307983,0.8273573625515885,1.4080372639242291,0.337463905643134,0.431593709234994,0.8761824024528401
simultaneous_eeg_nirs,suffix_Hb,persistence,D-exchange,24,24,1.0,0.6719698121924433,0.8701622942271418,1.7073392834919536,0.677298327838846,0.8943322653534711,1.6000810294115777,0.2624267319640452,0.3270250553351353,0.619487742104273
simultaneous_eeg_nirs,suffix_Hb,persistence,D-fixed,24,24,1.0,0.7345724711413939,0.8555538167965073,1.619155735077355,0.8001187760559949,0.8529388396437234,1.244737185169328,0.30720579476673665,0.5778934296204116,1.5636257484178788
simultaneous_eeg_nirs,suffix_Hb,persistence,D-trained,24,24,1.0,0.7396489861278899,0.8535567629885431,1.686545552492844,0.7055682979307983,0.8273573625515885,1.4080372639242291,0.36352308264112343,0.45452082493512025,0.8698628309510116
simultaneous_eeg_nirs,suffix_Hb,zero,D-exchange,24,24,1.0,0.677298327838846,0.8943322653534711,1.6000810294115777,0.677298327838846,0.8943322653534711,1.6000810294115777,0.18084570228553615,0.23134859899343185,0.5260591322252492
simultaneous_eeg_nirs,suffix_Hb,zero,D-fixed,24,24,1.0,0.8001187760559949,0.8529388396437234,1.244737185169328,0.8001187760559949,0.8529388396437234,1.244737185169328,0.2402077463978866,0.4120506548253009,0.9425770110834761
simultaneous_eeg_nirs,suffix_Hb,zero,D-trained,24,24,1.0,0.7055682979307983,0.8273573625515885,1.4080372639242291,0.7055682979307983,0.8273573625515885,1.4080372639242291,0.21588760992800227,0.3195403131279477,0.6945187825301029
visual_cognitive_motivation,EEG_hidden,real,D-exchange,24,24,1.0,8.958446359634136,11.474296659932776,22.177364437314196,8.958446359634136,11.474296659932776,22.177364437314196,0.2210590246755249,0.30521437308215715,0.7477674102844174
visual_cognitive_motivation,EEG_hidden,real,D-fixed,24,24,1.0,8.625693033830242,10.096829939282038,20.880274377413645,8.625693033830242,10.096829939282038,20.880274377413645,0.14834833545667436,0.22638953801983444,0.5945305242271784
visual_cognitive_motivation,EEG_hidden,real,D-trained,24,24,1.0,8.525938293846343,10.286013031446588,19.203873607006486,8.525938293846343,10.286013031446588,19.203873607006486,0.17608502562818973,0.2258722096583293,0.48975045310461796
visual_cognitive_motivation,EEG_hidden,real,M0,24,24,1.0,12.568738869160327,14.907343926311492,33.22406583552047,12.568738869160327,14.907343926311492,33.22406583552047,0.0,0.0,0.0
visual_cognitive_motivation,HbO_hidden,real,D-exchange,24,24,1.0,0.8366236641083928,0.8205899222067549,1.4248738917114159,0.7520555834122598,0.863023460760009,1.4759693555412414,0.26722109788873283,0.32591436111169186,0.5832108687621163
visual_cognitive_motivation,HbO_hidden,real,D-fixed,24,24,1.0,0.9164648223625349,1.0078909061448533,1.7144590487678524,0.8286507419885502,0.8632964812579207,1.485779276047895,0.23659809402237653,0.31823390438176635,0.6061127109167599
visual_cognitive_motivation,HbO_hidden,real,D-trained,24,24,1.0,0.8391394601356734,0.9554851799802906,1.658506063587174,0.8056960438495104,0.8808326978072607,1.6492326512393811,0.2690499073817318,0.2710505705164776,0.4925827638412543
visual_cognitive_motivation,HbO_hidden,real,M0,24,24,1.0,0.7124596870064734,0.8410878449513272,1.3827843870869911,0.7124596870064734,0.8410878449513272,1.3827843870869911,0.0,0.0,0.0
visual_cognitive_motivation,HbR_hidden,real,D-exchange,24,24,1.0,0.631665508632619,0.7482181320391644,1.189530430441299,0.5614397901507595,0.6706648320102758,1.286959066509056,0.5148337884037761,0.495150494524101,0.8622129001996187
visual_cognitive_motivation,HbR_hidden,real,D-fixed,24,24,1.0,0.7504896221694983,0.9798148713467913,1.5378211167064726,0.5432846463830985,0.6870208772794841,1.301836070381689,0.3998338313656451,0.39833807350166067,0.6878076538870894
visual_cognitive_motivation,HbR_hidden,real,D-trained,24,24,1.0,0.6385332186097248,0.7513020798370281,1.3392614069843853,0.5899648554632492,0.6939216313721644,1.3186562958002048,0.10228182818370563,0.16479166772640075,0.3865912210744038
visual_cognitive_motivation,HbR_hidden,real,M0,24,24,1.0,0.5556690726602089,0.6936520147330668,1.286116439549512,0.5556690726602089,0.6936520147330668,1.286116439549512,0.0,0.0,0.0
visual_cognitive_motivation,Hb_hidden,real,D-exchange,24,24,1.0,0.688735000973522,0.7965199889341155,1.2143442191916844,0.688735000973522,0.7965199889341155,1.2143442191916844,0.0,0.0,0.0
visual_cognitive_motivation,Hb_hidden,real,D-fixed,24,24,1.0,0.688735000973522,0.7965199889341155,1.2143442191916844,0.688735000973522,0.7965199889341155,1.2143442191916844,0.0,0.0,0.0
visual_cognitive_motivation,Hb_hidden,real,D-trained,24,24,1.0,0.688735000973522,0.7965199889341155,1.2143442191916844,0.688735000973522,0.7965199889341155,1.2143442191916844,0.0,0.0,0.0
visual_cognitive_motivation,Hb_hidden,real,M0,24,24,1.0,0.688735000973522,0.7965199889341155,1.2143442191916844,0.688735000973522,0.7965199889341155,1.2143442191916844,0.0,0.0,0.0
visual_cognitive_motivation,center_Hb,real,D-exchange,24,24,1.0,0.3658924598605817,0.4063061115346456,0.7437620318723639,0.5336487665288117,0.671172670807599,1.1306813321596858,0.29036835528650984,0.37839884177689026,0.7066788636774223
visual_cognitive_motivation,center_Hb,real,D-fixed,24,24,1.0,0.4395563948319142,0.44329226961900164,0.7237391772060805,0.48875343939653404,0.522437437600044,0.902172166137602,0.18163991433516924,0.24116147807542507,0.5815653313140423
visual_cognitive_motivation,center_Hb,real,D-trained,24,24,1.0,0.41559984739713596,0.418073400427057,0.6871771850475585,0.5139674960436125,0.5453385209659193,0.9207411908470478,0.2097822360670774,0.25330113100871676,0.4670800208540493
visual_cognitive_motivation,center_Hb,real,M0,24,24,1.0,0.46141182166571126,0.46661125723676494,0.7041442824560744,0.46141182166571126,0.46661125723676494,0.7041442824560744,0.0,0.0,0.0
visual_cognitive_motivation,full,real,D-exchange,24,24,1.0,0.20208045870379998,0.23060197752609912,0.3577306340758543,0.3892810761557838,0.42517269411531805,0.7103648218772651,0.32958618142937945,0.3997332360181189,0.7058498197729299
visual_cognitive_motivation,full,real,D-fixed,24,24,1.0,0.22211374863168917,0.24938499337470285,0.38062890684490214,0.27719873496484215,0.33363408215103824,0.6103168289340273,0.1902100187086453,0.23789040968754901,0.5527933569254773
visual_cognitive_motivation,full,real,D-trained,24,24,1.0,0.23311311570280602,0.24793903701035994,0.3680556662169093,0.302345602107028,0.3394569180338409,0.6005029315068419,0.20261868854169313,0.25155908738374166,0.5232472607797994
visual_cognitive_motivation,full,real,M0,24,24,1.0,0.25087078883412867,0.27788833599270946,0.41827984423766257,0.25087078883412867,0.27788833599270946,0.41827984423766257,0.0,0.0,0.0
visual_cognitive_motivation,hidden_channel,nonwrapping_shift_12s,D-exchange,22,22,1.0,0.703677800119886,0.9115587860759097,1.9393282997996628,0.621049139057807,0.7072487970926143,1.4643553743564643,0.020519313337605233,0.278393489048908,0.16088004645905987
visual_cognitive_motivation,hidden_channel,nonwrapping_shift_12s,D-fixed,22,22,1.0,0.6265834404887762,0.7132281120519482,1.4643553743564643,0.621049139057807,0.7072487970926143,1.4643553743564643,0.004783877886186483,0.031796175984490783,0.055425650147573904
visual_cognitive_motivation,hidden_channel,nonwrapping_shift_12s,D-trained,22,22,1.0,0.625916559102855,0.7067435334527508,1.4643553743564643,0.621049139057807,0.7072487970926143,1.4643553743564643,0.020719680045131774,0.03311932959591309,0.11960398720710383
visual_cognitive_motivation,hidden_channel,nonwrapping_shift_12s,M0,22,22,1.0,0.621049139057807,0.7072487970926143,1.4643553743564643,0.621049139057807,0.7072487970926143,1.4643553743564643,0.0,0.0,0.0
visual_cognitive_motivation,hidden_channel,nonwrapping_shift_12s,spatial_ridge,22,22,1.0,0.5736049200564155,1.0974095038481044,1.8982753123691922,0.621049139057807,0.7072487970926143,1.4643553743564643,0.36706829776231487,0.8512606095778313,0.7318982049573631
visual_cognitive_motivation,hidden_channel,nonwrapping_shift_12s,training_template,22,22,1.0,0.5275079446229345,0.6586323942972757,0.993862115463394,0.621049139057807,0.7072487970926143,1.4643553743564643,0.3997305510795324,0.38680349491154226,0.4886469715632582
visual_cognitive_motivation,hidden_channel,real,D-exchange,24,22,0.9166666666666666,0.7332619042584428,0.9400146050478589,2.0752143909080236,0.688735000973522,0.7916030922669353,1.2217559351600855,0.01778984696650591,0.2141444741474122,0.1257995845487501
visual_cognitive_motivation,hidden_channel,real,D-fixed,24,22,0.9166666666666666,0.6833392275451281,0.7963336366103723,1.2236696905852285,0.688735000973522,0.7916030922669353,1.2217559351600855,0.003797093012009463,0.02574302503117567,0.04438393559255202
visual_cognitive_motivation,hidden_channel,real,D-trained,24,22,0.9166666666666666,0.686881759989211,0.792447964165332,1.2183162769443068,0.688735000973522,0.7916030922669353,1.2217559351600855,0.017473397856468974,0.028362914924632908,0.09370101688596119
visual_cognitive_motivation,hidden_channel,real,M0,24,22,0.9166666666666666,0.688735000973522,0.7916030922669353,1.2217559351600855,0.688735000973522,0.7916030922669353,1.2217559351600855,0.0,0.0,0.0
visual_cognitive_motivation,hidden_channel,real,spatial_ridge,24,22,0.9166666666666666,0.5569350398141033,0.9810299846146852,2.1338454766213335,0.688735000973522,0.7916030922669353,1.2217559351600855,0.3971297788872946,0.7196635622130114,0.592524800044442
visual_cognitive_motivation,hidden_channel,real,training_template,24,22,0.9166666666666666,0.5604644646745749,0.6940755088462356,1.0255282307859066,0.688735000973522,0.7916030922669353,1.2217559351600855,0.3997305510795324,0.38680349491154226,0.4886469715632582
visual_cognitive_motivation,hidden_channel,real_shift_support,D-exchange,22,22,1.0,0.6902022860196293,0.7577079131038326,1.5123955253526284,0.621049139057807,0.7072487970926143,1.4643553743564643,0.01778984696650591,0.2141444741474122,0.1257995845487501
visual_cognitive_motivation,hidden_channel,real_shift_support,D-fixed,22,22,1.0,0.6142887706866518,0.7075494803234108,1.4643553743564643,0.621049139057807,0.7072487970926143,1.4643553743564643,0.003797093012009463,0.02574302503117567,0.04438393559255202
visual_cognitive_motivation,hidden_channel,real_shift_support,D-trained,22,22,1.0,0.6169835102150509,0.709457925913498,1.4632515062134104,0.621049139057807,0.7072487970926143,1.4643553743564643,0.017473397856468974,0.028362914924632908,0.09370101688596119
visual_cognitive_motivation,hidden_channel,real_shift_support,M0,22,22,1.0,0.621049139057807,0.7072487970926143,1.4643553743564643,0.621049139057807,0.7072487970926143,1.4643553743564643,0.0,0.0,0.0
visual_cognitive_motivation,hidden_channel,real_shift_support,spatial_ridge,22,22,1.0,0.5114888613475856,0.7371366048591997,1.6560517844056581,0.621049139057807,0.7072487970926143,1.4643553743564643,0.3971297788872946,0.7196635622130114,0.592524800044442
visual_cognitive_motivation,hidden_channel,real_shift_support,training_template,22,22,1.0,0.5275079446229345,0.6586323942972757,0.993862115463394,0.621049139057807,0.7072487970926143,1.4643553743564643,0.3997305510795324,0.38680349491154226,0.4886469715632582
visual_cognitive_motivation,hidden_channel,wrong_subject,D-exchange,22,22,1.0,0.6908314281526295,0.7948264761776744,1.249524149617449,0.688735000973522,0.7916030922669353,1.2217559351600855,0.019678297278077336,0.04080407600560034,0.08609552797086778
visual_cognitive_motivation,hidden_channel,wrong_subject,D-fixed,22,22,1.0,0.6882668451894035,0.7916288285293372,1.2239207726858081,0.688735000973522,0.7916030922669353,1.2217559351600855,0.006221910938339823,0.009301159518165122,0.02247784317950001
visual_cognitive_motivation,hidden_channel,wrong_subject,D-trained,22,22,1.0,0.6908656926841267,0.790800168597245,1.2243421728820196,0.688735000973522,0.7916030922669353,1.2217559351600855,0.00976301657809374,0.017136370059000042,0.0523446062025156
visual_cognitive_motivation,hidden_channel,wrong_subject,M0,22,22,1.0,0.688735000973522,0.7916030922669353,1.2217559351600855,0.688735000973522,0.7916030922669353,1.2217559351600855,0.0,0.0,0.0
visual_cognitive_motivation,hidden_channel,wrong_subject,spatial_ridge,22,22,1.0,0.6292465509450129,0.8103223706935029,1.476287083451545,0.688735000973522,0.7916030922669353,1.2217559351600855,0.46182855017567515,0.5039460673295939,0.8641881597212763
visual_cognitive_motivation,hidden_channel,wrong_subject,training_template,22,22,1.0,0.5604644646745749,0.6940755088462356,1.0255282307859066,0.688735000973522,0.7916030922669353,1.2217559351600855,0.3997305510795324,0.38680349491154226,0.4886469715632582
visual_cognitive_motivation,suffix_Hb,AR1,D-exchange,24,24,1.0,0.5223033859022836,0.7096965569354753,1.2430736197091576,0.5792969860532902,0.7257388918076425,1.2354915613396427,0.30660618394036837,0.39855385893471196,0.7413434570667309
visual_cognitive_motivation,suffix_Hb,AR1,D-fixed,24,24,1.0,0.5091299407998543,0.62266163368868,1.1018658627748958,0.5537247484022141,0.6568848181996252,1.129165434941154,0.14900857640660792,0.22423947916428352,0.5613956243257668
visual_cognitive_motivation,suffix_Hb,AR1,D-trained,24,24,1.0,0.546145140056774,0.661032590850296,1.0454773716600574,0.5402865098276678,0.6508251491206481,1.0924198441830535,0.20938447150822445,0.2525799317747979,0.46943364942877086
visual_cognitive_motivation,suffix_Hb,cosine_extrapolation,D-exchange,24,24,1.0,0.4995430622280298,0.6959072660688554,1.278853482568578,0.5792969860532902,0.7257388918076425,1.2354915613396427,0.2762763539487434,0.38794024197066096,0.7474850603289639
visual_cognitive_motivation,suffix_Hb,cosine_extrapolation,D-fixed,24,24,1.0,0.5095241893916704,0.6291971395901003,1.08694830585422,0.5537247484022141,0.6568848181996252,1.129165434941154,0.1478432338302279,0.22539003249867018,0.5688186686835573
visual_cognitive_motivation,suffix_Hb,cosine_extrapolation,D-trained,24,24,1.0,0.5348326546572977,0.6535117833736995,1.0349759111924102,0.5402865098276678,0.6508251491206481,1.0924198441830535,0.20194510787737957,0.24653022292430968,0.48641156680661557
visual_cognitive_motivation,suffix_Hb,persistence,D-exchange,24,24,1.0,0.5305438432764154,0.7279900018052707,1.3143050601444501,0.5792969860532902,0.7257388918076425,1.2354915613396427,0.32169766900667857,0.41625602642655,0.7718052915371627
visual_cognitive_motivation,suffix_Hb,persistence,D-fixed,24,24,1.0,0.5123470565004912,0.6272225733812266,1.1647385401082313,0.5537247484022141,0.6568848181996252,1.129165434941154,0.15081191134502386,0.23314680607442198,0.5868025081026151
visual_cognitive_motivation,suffix_Hb,persistence,D-trained,24,24,1.0,0.552238643931081,0.6721285057833276,1.0565927325087892,0.5402865098276678,0.6508251491206481,1.0924198441830535,0.2134932986225465,0.2629866970897688,0.4969654406167096
visual_cognitive_motivation,suffix_Hb,zero,D-exchange,24,24,1.0,0.5792969860532902,0.7257388918076425,1.2354915613396427,0.5792969860532902,0.7257388918076425,1.2354915613396427,0.2129907409032305,0.2981318531388234,0.5519391326081644
visual_cognitive_motivation,suffix_Hb,zero,D-fixed,24,24,1.0,0.5537247484022141,0.6568848181996252,1.129165434941154,0.5537247484022141,0.6568848181996252,1.129165434941154,0.1300804079970984,0.17294948716675348,0.4148752563619051
visual_cognitive_motivation,suffix_Hb,zero,D-trained,24,24,1.0,0.5402865098276678,0.6508251491206481,1.0924198441830535,0.5402865098276678,0.6508251491206481,1.0924198441830535,0.173581039677312,0.19375223930358043,0.370847119867176
