scenario,arm,seed,identity,neural_change_SD,morphology_change_SD,neural_change_error_SD,morphology_change_error_SD,observation_change_SD,neural_truth_change_SD,morphology_truth_change_SD
EEG_gain,reconstruction_only,11,63.5,0.20949146134080365,0.0,0.20949146134080365,0.0,0.18272331220214255,0.0,0.0
EEG_gain,reconstruction_only,22,63.5,0.22199445188743994,0.0,0.22199445188743994,0.0,0.1831398301583249,0.0,0.0
EEG_gain,reconstruction_only,33,63.5,0.2404179936274886,0.0,0.2404179936274886,0.0,0.17636178285465576,0.0,0.0
EEG_gain,typed_supervision,11,63.5,0.2265686304308474,0.0,0.2265686304308474,0.0,0.2685027599800378,0.0,0.0
EEG_gain,typed_supervision,22,63.5,0.22683806461282074,0.0,0.22683806461282074,0.0,0.21052953449543566,0.0,0.0
EEG_gain,typed_supervision,33,63.5,0.23104532924480736,0.0,0.23104532924480736,0.0,0.21359011507593095,0.0,0.0
Hb_gain,reconstruction_only,11,63.5,0.0,0.10591222063521855,0.0,0.10591222063521855,0.22617260977858678,0.0,0.0
Hb_gain,reconstruction_only,22,63.5,0.0,0.11148206931829918,0.0,0.11148206931829918,0.17350238387007266,0.0,0.0
Hb_gain,reconstruction_only,33,63.5,0.0,0.07936820406030165,0.0,0.07936820406030165,0.19543712426093407,0.0,0.0
Hb_gain,typed_supervision,11,63.5,0.0,0.022331855487209396,0.0,0.022331855487209396,0.27651633752975613,0.0,0.0
Hb_gain,typed_supervision,22,63.5,0.0,0.019120388467854355,0.0,0.019120388467854355,0.2012399782834109,0.0,0.0
Hb_gain,typed_supervision,33,63.5,0.0,0.01890487412492803,0.0,0.01890487412492803,0.18147561393561773,0.0,0.0
common_basis,reconstruction_only,11,63.5,0.0,0.4949728325009346,0.0,0.7647074769483879,0.4039440451160772,0.0,1.059795354027301
common_basis,reconstruction_only,22,63.5,0.0,0.4386635994887911,0.0,0.8132334778783843,0.29768145523848943,0.0,1.059795354027301
common_basis,reconstruction_only,33,63.5,0.0,0.40394875580386724,0.0,0.8337053783470765,0.44484225104679354,0.0,1.059795354027301
common_basis,typed_supervision,11,63.5,0.0,0.9894064717227593,0.0,0.16726353536068927,0.30488648427126464,0.0,1.059795354027301
common_basis,typed_supervision,22,63.5,0.0,0.9934212676016614,0.0,0.17888740099442657,0.2598141005146317,0.0,1.059795354027301
common_basis,typed_supervision,33,63.5,0.0,0.9722454103175551,0.0,0.1878542231861502,0.2448520404068404,0.0,1.059795354027301
common_colored,reconstruction_only,11,63.5,0.0,0.7280193116748706,0.0,2.0612128558568656,0.7783565137942787,0.0,2.4639603341929615
common_colored,reconstruction_only,22,63.5,0.0,0.723988218116574,0.0,2.0432192464359105,0.5624948282493278,0.0,2.4639603341929615
common_colored,reconstruction_only,33,63.5,0.0,0.8039952820981853,0.0,1.9857888529077172,0.7263209355296567,0.0,2.4639603341929615
common_colored,typed_supervision,11,63.5,0.0,2.346079266630113,0.0,0.3046866674849298,0.5767536023049615,0.0,2.4639603341929615
common_colored,typed_supervision,22,63.5,0.0,2.3182977330870926,0.0,0.3374477049219422,0.42350620511570014,0.0,2.4639603341929615
common_colored,typed_supervision,33,63.5,0.0,2.2745527024380863,0.0,0.3636141774477437,0.363302572601242,0.0,2.4639603341929615
common_correlated,reconstruction_only,11,63.5,0.0,0.7612498512607999,0.0,1.843149455729872,0.9583925353363156,0.0,2.2624398451298475
common_correlated,reconstruction_only,22,63.5,0.0,0.7321332184365019,0.0,1.8636927278712392,0.5826043323613703,0.0,2.2624398451298475
common_correlated,reconstruction_only,33,63.5,0.0,0.7819837850984186,0.0,1.8296098231803626,0.7795605141436681,0.0,2.2624398451298475
common_correlated,typed_supervision,11,63.5,0.0,2.228543993085623,0.0,0.18929457168269437,0.6671295792330056,0.0,2.2624398451298475
common_correlated,typed_supervision,22,63.5,0.0,2.2317840738687664,0.0,0.2003452216158621,0.43246815499151126,0.0,2.2624398451298475
common_correlated,typed_supervision,33,63.5,0.0,2.2049247559625655,0.0,0.19906914239982143,0.35108241892885417,0.0,2.2624398451298475
common_exchange,reconstruction_only,11,63.5,0.0,0.3692637137428392,0.0,0.3692637137428392,0.44718480421579443,0.0,0.0
common_exchange,reconstruction_only,22,63.5,0.0,0.3464906381559558,0.0,0.3464906381559558,0.42149681953014806,0.0,0.0
common_exchange,reconstruction_only,33,63.5,0.0,0.25650407472858205,0.0,0.25650407472858205,0.5288585664529819,0.0,0.0
common_exchange,typed_supervision,11,63.5,0.0,0.6433886216836981,0.0,0.6433886216836981,0.4844953904976137,0.0,0.0
common_exchange,typed_supervision,22,63.5,0.0,0.6399252190603875,0.0,0.6399252190603875,0.4108460588322487,0.0,0.0
common_exchange,typed_supervision,33,63.5,0.0,0.613778329861816,0.0,0.613778329861816,0.43330585237708874,0.0,0.0
control,reconstruction_only,11,63.5,0.0,0.0,0.0,0.0,0.0,0.0,0.0
control,reconstruction_only,22,63.5,0.0,0.0,0.0,0.0,0.0,0.0,0.0
control,reconstruction_only,33,63.5,0.0,0.0,0.0,0.0,0.0,0.0,0.0
control,typed_supervision,11,63.5,0.0,0.0,0.0,0.0,0.0,0.0,0.0
control,typed_supervision,22,63.5,0.0,0.0,0.0,0.0,0.0,0.0,0.0
control,typed_supervision,33,63.5,0.0,0.0,0.0,0.0,0.0,0.0,0.0
driver_amplitude,reconstruction_only,11,63.5,0.3464217393193394,0.17276027868501842,0.23487814899999648,0.17276027868501842,0.48418938962277025,0.4552327967248857,0.0
driver_amplitude,reconstruction_only,22,63.5,0.3675693249097094,0.17991462801001035,0.22928046045126393,0.17991462801001035,0.4294605312170461,0.4552327967248857,0.0
driver_amplitude,reconstruction_only,33,63.5,0.39820161007810384,0.12926028145011514,0.29752204968826845,0.12926028145011514,0.4486717258114368,0.4552327967248857,0.0
driver_amplitude,typed_supervision,11,63.5,0.3739372701384127,0.03076184591918718,0.10210198184358887,0.03076184591918718,0.6510873811785132,0.4552327967248857,0.0
driver_amplitude,typed_supervision,22,63.5,0.3742033208254725,0.0275950578670745,0.09880521550076082,0.0275950578670745,0.4947150135412812,0.4552327967248857,0.0
driver_amplitude,typed_supervision,33,63.5,0.3812771487282589,0.028954079582035774,0.09405122080352157,0.028954079582035774,0.47719023970421404,0.4552327967248857,0.0
driver_shape,reconstruction_only,11,63.5,0.5101383435539901,0.11446231050649658,0.19999567000195384,0.11446231050649658,0.37563150632195175,0.5823673317208886,0.0
driver_shape,reconstruction_only,22,63.5,0.5218336347024888,0.042475100577576086,0.10462548784562387,0.042475100577576086,0.3823430794291198,0.5823673317208886,0.0
driver_shape,reconstruction_only,33,63.5,0.5282165198586881,0.14752488833619282,0.18090124183800071,0.14752488833619282,0.19409645372070372,0.5823673317208886,0.0
driver_shape,typed_supervision,11,63.5,0.5829699761234224,0.02178580307190714,0.04823966952972114,0.02178580307190714,0.48160791071131825,0.5823673317208886,0.0
driver_shape,typed_supervision,22,63.5,0.5852420793380588,0.023608259922184516,0.04869963762757834,0.023608259922184516,0.36449566995725036,0.5823673317208886,0.0
driver_shape,typed_supervision,33,63.5,0.5810186523012817,0.023944120732267038,0.045149207435315475,0.023944120732267038,0.21628663898445666,0.5823673317208886,0.0
lag_1s,reconstruction_only,11,63.5,0.0,0.14161512147984467,0.0,0.14161512147984467,0.20285745430737734,0.0,0.0
lag_1s,reconstruction_only,22,63.5,0.0,0.12751837556425016,0.0,0.12751837556425016,0.22782086295774207,0.0,0.0
lag_1s,reconstruction_only,33,63.5,0.0,0.1489938300655922,0.0,0.1489938300655922,0.22469496028497815,0.0,0.0
lag_1s,typed_supervision,11,63.5,0.0,0.03641661062283674,0.0,0.03641661062283674,0.22484199226892088,0.0,0.0
lag_1s,typed_supervision,22,63.5,0.0,0.03596856445619778,0.0,0.03596856445619778,0.23151892906753346,0.0,0.0
lag_1s,typed_supervision,33,63.5,0.0,0.035490034824761096,0.0,0.035490034824761096,0.229194183164509,0.0,0.0
noise,reconstruction_only,11,63.5,0.026197388433502056,0.0045173405101195385,0.026197388433502056,0.0045173405101195385,0.022217778005142463,0.0,0.0
noise,reconstruction_only,22,63.5,0.028647039966017473,0.005894090975971267,0.028647039966017473,0.005894090975971267,0.0238033377136162,0.0,0.0
noise,reconstruction_only,33,63.5,0.026219116283755284,0.005450597343497066,0.026219116283755284,0.005450597343497066,0.02424861262261402,0.0,0.0
noise,typed_supervision,11,63.5,0.028571575341629796,0.00874682060930354,0.028571575341629796,0.00874682060930354,0.03784582756634336,0.0,0.0
noise,typed_supervision,22,63.5,0.02967862038349267,0.00883970024096925,0.02967862038349267,0.00883970024096925,0.041092724626651034,0.0,0.0
noise,typed_supervision,33,63.5,0.029301319489604793,0.00841978463176929,0.029301319489604793,0.00841978463176929,0.03579250453913119,0.0,0.0
physiology_tau,reconstruction_only,11,63.5,0.0,0.185651959705865,0.0,0.185651959705865,0.22297921497374773,0.0,0.0
physiology_tau,reconstruction_only,22,63.5,0.0,0.1856380161625566,0.0,0.1856380161625566,0.2471720759931486,0.0,0.0
physiology_tau,reconstruction_only,33,63.5,0.0,0.18476291287515778,0.0,0.18476291287515778,0.25605054339393973,0.0,0.0
physiology_tau,typed_supervision,11,63.5,0.0,0.3315807069884613,0.0,0.3315807069884613,0.279941190907266,0.0,0.0
physiology_tau,typed_supervision,22,63.5,0.0,0.33962767192861065,0.0,0.33962767192861065,0.24162833168520592,0.0,0.0
physiology_tau,typed_supervision,33,63.5,0.0,0.32718384539475664,0.0,0.32718384539475664,0.23795536940451711,0.0,0.0
unmodeled_dynamics,reconstruction_only,11,63.5,0.0,0.07371009622875135,0.0,0.07371009622875135,0.10608005820540711,0.0,0.0
unmodeled_dynamics,reconstruction_only,22,63.5,0.0,0.07596999910310842,0.0,0.07596999910310842,0.12957745388848707,0.0,0.0
unmodeled_dynamics,reconstruction_only,33,63.5,0.0,0.06279099271341693,0.0,0.06279099271341693,0.11698853550478816,0.0,0.0
unmodeled_dynamics,typed_supervision,11,63.5,0.0,0.01671687571069924,0.0,0.01671687571069924,0.12131235975539312,0.0,0.0
unmodeled_dynamics,typed_supervision,22,63.5,0.0,0.016672164349074592,0.0,0.016672164349074592,0.12601759540848434,0.0,0.0
unmodeled_dynamics,typed_supervision,33,63.5,0.0,0.017343923091175384,0.0,0.017343923091175384,0.12551656330469996,0.0,0.0
