pair,arm,metric,mean,low,high,n
Hb_gain/extra_HbT,absent,error,0.0,0.0,0.0,128
Hb_gain/extra_HbT,absent,component_error,0.011246949428021862,0.007411730894489383,0.015082849508252054,128
Hb_gain/extra_HbT,absent,physical_error,0.0,0.0,0.0,128
Hb_gain/extra_HbT,absent,ambiguous,0.0,0.0,0.0,128
Hb_gain/extra_HbT,absent,set_coverage,1.0,1.0,1.0,128
Hb_gain/extra_HbT,absent,parameter_set_coverage,0.984375,0.96875,0.99609375,128
Hb_gain/extra_HbT,absent,reconstruction_nrmse,0.19675688077840364,0.19238553150620438,0.2014259505488139,128
Hb_gain/extra_HbT,absent,false_component_projection,,,,0
Hb_gain/extra_HbT,correct,error,0.0,0.0,0.0,128
Hb_gain/extra_HbT,correct,component_error,0.004724981934415458,0.002098506677736445,0.007719820579404403,128
Hb_gain/extra_HbT,correct,physical_error,0.0,0.0,0.0,128
Hb_gain/extra_HbT,correct,ambiguous,0.0,0.0,0.0,128
Hb_gain/extra_HbT,correct,set_coverage,1.0,1.0,1.0,128
Hb_gain/extra_HbT,correct,parameter_set_coverage,0.98828125,0.97265625,1.0,128
Hb_gain/extra_HbT,correct,reconstruction_nrmse,0.19808794516212103,0.1936568307767849,0.20268950774758396,128
Hb_gain/extra_HbT,correct,false_component_projection,,,,0
Hb_gain/extra_HbT,mismatched,error,0.24609375,0.203125,0.2890625,128
Hb_gain/extra_HbT,mismatched,component_error,0.17725310113856546,0.15665098817413856,0.19888386477680595,128
Hb_gain/extra_HbT,mismatched,physical_error,0.0,0.0,0.0,128
Hb_gain/extra_HbT,mismatched,ambiguous,0.08203125,0.05078125,0.1171875,128
Hb_gain/extra_HbT,mismatched,set_coverage,0.7734375,0.7265625,0.81640625,128
Hb_gain/extra_HbT,mismatched,parameter_set_coverage,0.33203125,0.27734375,0.38671875,128
Hb_gain/extra_HbT,mismatched,reconstruction_nrmse,0.2810058631597575,0.2674649551099193,0.29539866532690645,128
Hb_gain/extra_HbT,mismatched,false_component_projection,,,,0
Hb_gain/extra_HbT,missing_at_inference,error,0.0,0.0,0.0,128
Hb_gain/extra_HbT,missing_at_inference,component_error,0.011246949428021862,0.007411730894489383,0.015082849508252054,128
Hb_gain/extra_HbT,missing_at_inference,physical_error,0.0,0.0,0.0,128
Hb_gain/extra_HbT,missing_at_inference,ambiguous,0.0,0.0,0.0,128
Hb_gain/extra_HbT,missing_at_inference,set_coverage,1.0,1.0,1.0,128
Hb_gain/extra_HbT,missing_at_inference,parameter_set_coverage,0.984375,0.96875,0.99609375,128
Hb_gain/extra_HbT,missing_at_inference,reconstruction_nrmse,0.19675688077840364,0.19238553150620438,0.2014259505488139,128
Hb_gain/extra_HbT,missing_at_inference,false_component_projection,,,,0
Hb_gain/lag,absent,error,0.0,0.0,0.0,128
Hb_gain/lag,absent,component_error,0.009255731509740704,0.0056345440653308,0.013274252968401005,128
Hb_gain/lag,absent,physical_error,0.0,0.0,0.0,128
Hb_gain/lag,absent,ambiguous,0.0078125,0.0,0.01953125,128
Hb_gain/lag,absent,set_coverage,1.0,1.0,1.0,128
Hb_gain/lag,absent,parameter_set_coverage,0.98828125,0.97265625,1.0,128
Hb_gain/lag,absent,reconstruction_nrmse,0.19760846410610455,0.19337264374298255,0.20188661980821884,128
Hb_gain/lag,absent,false_component_projection,,,,0
Hb_gain/lag,correct,error,0.0,0.0,0.0,128
Hb_gain/lag,correct,component_error,0.0047349967785830695,0.0022110281225383274,0.007657321644714154,128
Hb_gain/lag,correct,physical_error,0.0,0.0,0.0,128
Hb_gain/lag,correct,ambiguous,0.00390625,0.0,0.01171875,128
Hb_gain/lag,correct,set_coverage,1.0,1.0,1.0,128
Hb_gain/lag,correct,parameter_set_coverage,0.9921875,0.98046875,1.0,128
Hb_gain/lag,correct,reconstruction_nrmse,0.19760179136937056,0.19336490231294304,0.20191667622600903,128
Hb_gain/lag,correct,false_component_projection,,,,0
Hb_gain/lag,mismatched,error,0.1953125,0.14443359375,0.25,128
Hb_gain/lag,mismatched,component_error,0.10782422350455488,0.09502175262201676,0.1205347254116039,128
Hb_gain/lag,mismatched,physical_error,0.0,0.0,0.0,128
Hb_gain/lag,mismatched,ambiguous,0.14453125,0.10546875,0.1875,128
Hb_gain/lag,mismatched,set_coverage,0.83984375,0.79296875,0.8828125,128
Hb_gain/lag,mismatched,parameter_set_coverage,0.4140625,0.359375,0.47265625,128
Hb_gain/lag,mismatched,reconstruction_nrmse,0.23463590631774905,0.22775289435250096,0.24195530384849148,128
Hb_gain/lag,mismatched,false_component_projection,,,,0
Hb_gain/lag,missing_at_inference,error,0.0,0.0,0.0,128
Hb_gain/lag,missing_at_inference,component_error,0.009255731509740704,0.0056345440653308,0.013274252968401005,128
Hb_gain/lag,missing_at_inference,physical_error,0.0,0.0,0.0,128
Hb_gain/lag,missing_at_inference,ambiguous,0.0078125,0.0,0.01953125,128
Hb_gain/lag,missing_at_inference,set_coverage,1.0,1.0,1.0,128
Hb_gain/lag,missing_at_inference,parameter_set_coverage,0.98828125,0.97265625,1.0,128
Hb_gain/lag,missing_at_inference,reconstruction_nrmse,0.19760846410610455,0.19337264374298255,0.20188661980821884,128
Hb_gain/lag,missing_at_inference,false_component_projection,,,,0
extra_HbT/lag,absent,error,0.0,0.0,0.0,128
extra_HbT/lag,absent,component_error,0.0,0.0,0.0,128
extra_HbT/lag,absent,physical_error,0.0,0.0,0.0,128
extra_HbT/lag,absent,ambiguous,0.0,0.0,0.0,128
extra_HbT/lag,absent,set_coverage,1.0,1.0,1.0,128
extra_HbT/lag,absent,parameter_set_coverage,1.0,1.0,1.0,128
extra_HbT/lag,absent,reconstruction_nrmse,0.19964022357048014,0.19486437043377436,0.20421735983931125,128
extra_HbT/lag,absent,false_component_projection,,,,0
extra_HbT/lag,correct,error,0.0,0.0,0.0,128
extra_HbT/lag,correct,component_error,0.0,0.0,0.0,128
extra_HbT/lag,correct,physical_error,0.0,0.0,0.0,128
extra_HbT/lag,correct,ambiguous,0.0,0.0,0.0,128
extra_HbT/lag,correct,set_coverage,1.0,1.0,1.0,128
extra_HbT/lag,correct,parameter_set_coverage,1.0,1.0,1.0,128
extra_HbT/lag,correct,reconstruction_nrmse,0.19964022357048014,0.19486437043377436,0.20421735983931125,128
extra_HbT/lag,correct,false_component_projection,,,,0
extra_HbT/lag,mismatched,error,0.015625,0.00390625,0.03125,128
extra_HbT/lag,mismatched,component_error,0.017236635526033734,0.00842685267269329,0.02778243553316468,128
extra_HbT/lag,mismatched,physical_error,0.0,0.0,0.0,128
extra_HbT/lag,mismatched,ambiguous,0.04296875,0.01953125,0.0703125,128
extra_HbT/lag,mismatched,set_coverage,0.98828125,0.97265625,1.0,128
extra_HbT/lag,mismatched,parameter_set_coverage,0.9609375,0.9296875,0.984375,128
extra_HbT/lag,mismatched,reconstruction_nrmse,0.20658355501067846,0.20023992673174376,0.21308473798241984,128
extra_HbT/lag,mismatched,false_component_projection,,,,0
extra_HbT/lag,missing_at_inference,error,0.0,0.0,0.0,128
extra_HbT/lag,missing_at_inference,component_error,0.0,0.0,0.0,128
extra_HbT/lag,missing_at_inference,physical_error,0.0,0.0,0.0,128
extra_HbT/lag,missing_at_inference,ambiguous,0.0,0.0,0.0,128
extra_HbT/lag,missing_at_inference,set_coverage,1.0,1.0,1.0,128
extra_HbT/lag,missing_at_inference,parameter_set_coverage,1.0,1.0,1.0,128
extra_HbT/lag,missing_at_inference,reconstruction_nrmse,0.19964022357048014,0.19486437043377436,0.20421735983931125,128
extra_HbT/lag,missing_at_inference,false_component_projection,,,,0
tau/Hb_gain,absent,error,0.03515625,0.015625,0.05859375,128
tau/Hb_gain,absent,component_error,0.01603248799375393,0.010742315651262322,0.021731076953548943,128
tau/Hb_gain,absent,physical_error,0.011216568820741181,0.006660948745973848,0.0165500728017447,128
tau/Hb_gain,absent,ambiguous,0.0859375,0.05078125,0.12119140624999947,128
tau/Hb_gain,absent,set_coverage,0.9921875,0.98046875,1.0,128
tau/Hb_gain,absent,parameter_set_coverage,0.96484375,0.94140625,0.984375,128
tau/Hb_gain,absent,reconstruction_nrmse,0.19398867055218488,0.18968720862547292,0.19823350726726485,128
tau/Hb_gain,absent,false_component_projection,0.016803201248299166,0.0023270053638905176,0.03650310034372076,128
tau/Hb_gain,correct,error,0.0078125,0.0,0.01953125,128
tau/Hb_gain,correct,component_error,0.003994428212926584,0.001451535581776015,0.007141176993336648,128
tau/Hb_gain,correct,physical_error,0.007077755852913682,0.0035848094955982113,0.011266989503566206,128
tau/Hb_gain,correct,ambiguous,0.0390625,0.015625,0.0625,128
tau/Hb_gain,correct,set_coverage,0.99609375,0.98828125,1.0,128
tau/Hb_gain,correct,parameter_set_coverage,0.98046875,0.9609375,0.99609375,128
tau/Hb_gain,correct,reconstruction_nrmse,0.19495493603725006,0.1905102904885332,0.19916308830441226,128
tau/Hb_gain,correct,false_component_projection,0.004626246336697854,0.0,0.013878739010093562,128
tau/Hb_gain,mismatched,error,0.5625,0.5,0.625,128
tau/Hb_gain,mismatched,component_error,0.16337578586536158,0.14707243977353254,0.17977386332398798,128
tau/Hb_gain,mismatched,physical_error,0.1302328092476157,0.11355618284490748,0.1469947039610617,128
tau/Hb_gain,mismatched,ambiguous,0.31640625,0.26552734375,0.37109375,128
tau/Hb_gain,mismatched,set_coverage,0.578125,0.515625,0.640625,128
tau/Hb_gain,mismatched,parameter_set_coverage,0.32421875,0.2578125,0.39072265624999947,128
tau/Hb_gain,mismatched,reconstruction_nrmse,0.24320325804438975,0.23503110355546838,0.2510504844735568,128
tau/Hb_gain,mismatched,false_component_projection,0.4169053454144498,0.3604653185259536,0.47707396348935294,128
tau/Hb_gain,missing_at_inference,error,0.03515625,0.015625,0.05859375,128
tau/Hb_gain,missing_at_inference,component_error,0.01603248799375393,0.010742315651262322,0.021731076953548943,128
tau/Hb_gain,missing_at_inference,physical_error,0.011216568820741181,0.006660948745973848,0.0165500728017447,128
tau/Hb_gain,missing_at_inference,ambiguous,0.0859375,0.05078125,0.12119140624999947,128
tau/Hb_gain,missing_at_inference,set_coverage,0.9921875,0.98046875,1.0,128
tau/Hb_gain,missing_at_inference,parameter_set_coverage,0.96484375,0.94140625,0.984375,128
tau/Hb_gain,missing_at_inference,reconstruction_nrmse,0.19398867055218488,0.18968720862547292,0.19823350726726485,128
tau/Hb_gain,missing_at_inference,false_component_projection,0.016803201248299166,0.0023270053638905176,0.03650310034372076,128
tau/extra_HbT,absent,error,0.0,0.0,0.0,128
tau/extra_HbT,absent,component_error,0.0,0.0,0.0,128
tau/extra_HbT,absent,physical_error,0.007585790496288124,0.00430101692759539,0.01150794018327157,128
tau/extra_HbT,absent,ambiguous,0.0,0.0,0.0,128
tau/extra_HbT,absent,set_coverage,1.0,1.0,1.0,128
tau/extra_HbT,absent,parameter_set_coverage,0.97265625,0.953125,0.9921875,128
tau/extra_HbT,absent,reconstruction_nrmse,0.19553988833343053,0.1914031070471484,0.19954112430469728,128
tau/extra_HbT,absent,false_component_projection,0.0,0.0,0.0,128
tau/extra_HbT,correct,error,0.0,0.0,0.0,128
tau/extra_HbT,correct,component_error,0.0,0.0,0.0,128
tau/extra_HbT,correct,physical_error,0.007585790496288124,0.00430101692759539,0.01150794018327157,128
tau/extra_HbT,correct,ambiguous,0.0,0.0,0.0,128
tau/extra_HbT,correct,set_coverage,1.0,1.0,1.0,128
tau/extra_HbT,correct,parameter_set_coverage,0.97265625,0.953125,0.9921875,128
tau/extra_HbT,correct,reconstruction_nrmse,0.19553988833343053,0.1914031070471484,0.19954112430469728,128
tau/extra_HbT,correct,false_component_projection,0.0,0.0,0.0,128
tau/extra_HbT,mismatched,error,0.02734375,0.01171875,0.046875,128
tau/extra_HbT,mismatched,component_error,0.012401408335324817,0.004902110243550964,0.021585681624172338,128
tau/extra_HbT,mismatched,physical_error,0.011338878903356924,0.007019497335867242,0.01674385888935825,128
tau/extra_HbT,mismatched,ambiguous,0.046875,0.0234375,0.07421875,128
tau/extra_HbT,mismatched,set_coverage,1.0,1.0,1.0,128
tau/extra_HbT,mismatched,parameter_set_coverage,0.9609375,0.9375,0.98046875,128
tau/extra_HbT,mismatched,reconstruction_nrmse,0.2007384231305297,0.1946095911346539,0.20696167015577158,128
tau/extra_HbT,mismatched,false_component_projection,0.0,0.0,0.0,128
tau/extra_HbT,missing_at_inference,error,0.0,0.0,0.0,128
tau/extra_HbT,missing_at_inference,component_error,0.0,0.0,0.0,128
tau/extra_HbT,missing_at_inference,physical_error,0.007585790496288124,0.00430101692759539,0.01150794018327157,128
tau/extra_HbT,missing_at_inference,ambiguous,0.0,0.0,0.0,128
tau/extra_HbT,missing_at_inference,set_coverage,1.0,1.0,1.0,128
tau/extra_HbT,missing_at_inference,parameter_set_coverage,0.97265625,0.953125,0.9921875,128
tau/extra_HbT,missing_at_inference,reconstruction_nrmse,0.19553988833343053,0.1914031070471484,0.19954112430469728,128
tau/extra_HbT,missing_at_inference,false_component_projection,0.0,0.0,0.0,128
tau/lag,absent,error,0.01171875,0.0,0.02734375,128
tau/lag,absent,component_error,0.002522491480361806,0.0,0.00602460381182209,128
tau/lag,absent,physical_error,0.007267349999989018,0.004029153725398398,0.01081952985863521,128
tau/lag,absent,ambiguous,0.02734375,0.01171875,0.05078125,128
tau/lag,absent,set_coverage,0.99609375,0.98828125,1.0,128
tau/lag,absent,parameter_set_coverage,0.98046875,0.9609375,0.99609375,128
tau/lag,absent,reconstruction_nrmse,0.20001315426949107,0.1952296985750031,0.2047911000066116,128
tau/lag,absent,false_component_projection,0.011595942095313411,0.0,0.03417920258261885,128
tau/lag,correct,error,0.0078125,0.0,0.01953125,128
tau/lag,correct,component_error,0.0021954518242385313,0.0,0.0051284013652332615,128
tau/lag,correct,physical_error,0.006952218444869614,0.003872586322297057,0.010421487306127516,128
tau/lag,correct,ambiguous,0.01953125,0.00390625,0.0390625,128
tau/lag,correct,set_coverage,0.99609375,0.98828125,1.0,128
tau/lag,correct,parameter_set_coverage,0.984375,0.96875,0.99609375,128
tau/lag,correct,reconstruction_nrmse,0.19981248544245553,0.1951206307116791,0.20448558221662783,128
tau/lag,correct,false_component_projection,0.006633273603998565,0.0,0.019899820811995695,128
tau/lag,mismatched,error,0.08203125,0.046875,0.12109375,128
tau/lag,mismatched,component_error,0.019639903684782693,0.011355842819912615,0.029116991379320077,128
tau/lag,mismatched,physical_error,0.023648245263346513,0.015186147826214292,0.03322537299046722,128
tau/lag,mismatched,ambiguous,0.1015625,0.0625,0.14453125,128
tau/lag,mismatched,set_coverage,0.95703125,0.92578125,0.984375,128
tau/lag,mismatched,parameter_set_coverage,0.94140625,0.90625,0.97265625,128
tau/lag,mismatched,reconstruction_nrmse,0.20176312940304575,0.1969150357325678,0.20671955661934804,128
tau/lag,mismatched,false_component_projection,0.04178537179735095,0.013298944016318684,0.07745395453623677,128
tau/lag,missing_at_inference,error,0.01171875,0.0,0.02734375,128
tau/lag,missing_at_inference,component_error,0.002522491480361806,0.0,0.00602460381182209,128
tau/lag,missing_at_inference,physical_error,0.007267349999989018,0.004029153725398398,0.01081952985863521,128
tau/lag,missing_at_inference,ambiguous,0.02734375,0.01171875,0.05078125,128
tau/lag,missing_at_inference,set_coverage,0.99609375,0.98828125,1.0,128
tau/lag,missing_at_inference,parameter_set_coverage,0.98046875,0.9609375,0.99609375,128
tau/lag,missing_at_inference,reconstruction_nrmse,0.20001315426949107,0.1952296985750031,0.2047911000066116,128
tau/lag,missing_at_inference,false_component_projection,0.011595942095313411,0.0,0.03417920258261885,128
