dataset,mode,comparison,comparator,candidate,metric,planned_pairs,paired_success,independent_units,comparator_failures,candidate_failures,comparator_mean,candidate_mean,improvement,lower,upper,units_improved,successful_comparator_mean,successful_candidate_mean,success_paired_units,successful_relative_improvement,arm
eeg_fnirs_single_trial,full,continuity,free,chain_matched,score_nrmse,12,12,6,0,0,0.23704195386580376,0.2584488644166166,-0.021406910550812824,-0.04116302839305906,-0.007618383470033427,0,0.23704195386580376,0.2584488644166166,6,-0.09030853062800806,
eeg_fnirs_single_trial,full,continuity,free,chain_matched,HbO_nrmse,12,12,6,0,0,0.3013528107942696,0.31939470216539945,-0.0180418913711298,-0.029266543563823317,-0.008535779179586063,0,0.3013528107942696,0.31939470216539945,6,-0.05986966348041411,
eeg_fnirs_single_trial,full,continuity,free,chain_matched,HbR_nrmse,12,12,6,0,0,0.14379559419887808,0.171167658434078,-0.02737206423519992,-0.05917368407793027,-0.006135052680103847,0,0.14379559419887808,0.171167658434078,6,-0.19035398398467399,
eeg_fnirs_single_trial,full,continuity,free,chain_first,score_nrmse,12,12,6,0,0,0.23704195386580376,0.25655889115982916,-0.019516937294025396,-0.03623304404835083,-0.007200062463740547,0,0.23704195386580376,0.25655889115982916,6,-0.08233537133715366,
eeg_fnirs_single_trial,full,continuity,free,chain_first,HbO_nrmse,12,12,6,0,0,0.3013528107942696,0.31712783915870013,-0.01577502836443043,-0.02374317818059769,-0.008177432181293043,0,0.3013528107942696,0.31712783915870013,6,-0.052347374238363935,
eeg_fnirs_single_trial,full,continuity,free,chain_first,HbR_nrmse,12,12,6,0,0,0.14379559419887808,0.1698143820615798,-0.026018787862701735,-0.05574098061101538,-0.005811360435531578,1,0.14379559419887808,0.1698143820615798,6,-0.1809428724687918,
eeg_fnirs_single_trial,middle_Hb,continuity,free,chain_matched,score_nrmse,12,12,6,0,0,0.5319587346056774,0.5085038723079204,0.02345486229775709,0.0037328203871064697,0.04976612540193439,5,0.5319587346056774,0.5085038723079204,6,0.04409150705109361,
eeg_fnirs_single_trial,middle_Hb,continuity,free,chain_matched,HbO_nrmse,12,12,6,0,0,0.6549021166133296,0.625958409479003,0.028943707134326594,0.015547522201809952,0.042999525757899615,6,0.6549021166133296,0.625958409479003,6,0.04419547043763132,
eeg_fnirs_single_trial,middle_Hb,continuity,free,chain_matched,HbR_nrmse,12,12,6,0,0,0.34797391110412274,0.325625105311293,0.022348805792829746,-0.02308325910430827,0.08510731240394734,3,0.34797391110412274,0.325625105311293,6,0.06422552116598873,
eeg_fnirs_single_trial,middle_Hb,continuity,free,chain_first,score_nrmse,12,12,6,0,0,0.5319587346056774,0.5098592497229281,0.02209948488274938,0.0011864086787206074,0.05035806475687535,5,0.5319587346056774,0.5098592497229281,6,0.04154360751145661,
eeg_fnirs_single_trial,middle_Hb,continuity,free,chain_first,HbO_nrmse,12,12,6,0,0,0.6549021166133296,0.6265814647195813,0.02832065189374823,0.014380028406157782,0.043964005924134845,6,0.6549021166133296,0.6265814647195813,6,0.04324409888946738,
eeg_fnirs_single_trial,middle_Hb,continuity,free,chain_first,HbR_nrmse,12,12,6,0,0,0.34797391110412274,0.32791990999454323,0.020054001109579517,-0.026567400322802994,0.08281908649466792,3,0.34797391110412274,0.32791990999454323,6,0.05763076043818362,
eeg_fnirs_single_trial,middle_HbR,continuity,free,chain_matched,score_nrmse,12,12,6,0,0,0.5943420568830368,0.46748767400217733,0.12685438288085943,0.053165752088559705,0.18953793257435972,5,0.5943420568830368,0.46748767400217733,6,0.21343665892690422,
eeg_fnirs_single_trial,middle_HbR,continuity,free,chain_matched,HbO_nrmse,12,12,6,0,0,0.27850703147003136,0.2964094185932073,-0.017902387123175906,-0.023658826872876088,-0.011966986319442971,0,0.27850703147003136,0.2964094185932073,6,-0.06427983892788111,
eeg_fnirs_single_trial,middle_HbR,continuity,free,chain_matched,HbR_nrmse,12,12,6,0,0,0.5943420568830368,0.46748767400217733,0.12685438288085943,0.053165752088559705,0.18953793257435972,5,0.5943420568830368,0.46748767400217733,6,0.21343665892690422,
eeg_fnirs_single_trial,middle_HbR,continuity,free,chain_first,score_nrmse,12,12,6,0,0,0.5943420568830368,0.469560338207106,0.12478171867593069,0.048460808991482744,0.18823828026237033,5,0.5943420568830368,0.469560338207106,6,0.20994933343659894,
eeg_fnirs_single_trial,middle_HbR,continuity,free,chain_first,HbO_nrmse,12,12,6,0,0,0.27850703147003136,0.29477315410135574,-0.016266122631324403,-0.021652111747737592,-0.011125046743064212,0,0.27850703147003136,0.29477315410135574,6,-0.05840471080915846,
eeg_fnirs_single_trial,middle_HbR,continuity,free,chain_first,HbR_nrmse,12,12,6,0,0,0.5943420568830368,0.469560338207106,0.12478171867593069,0.048460808991482744,0.18823828026237033,5,0.5943420568830368,0.469560338207106,6,0.20994933343659894,
eeg_fnirs_single_trial,middle_Hb,EEG_increment,wrong_pair,paired,score_nrmse,12,12,6,0,0,0.5441489220963204,0.5085038723079204,0.035645049788399975,-0.07677439053818044,0.1286948152742798,4,0.5441489220963204,0.5085038723079204,6,0.06550605604634539,
eeg_fnirs_single_trial,middle_Hb,EEG_increment,Hb_only,paired,score_nrmse,12,12,6,0,0,0.4704762131084723,0.5085038723079204,-0.03802765919944809,-0.12679725889851037,0.047703806742476665,2,0.4704762131084723,0.5085038723079204,6,-0.08082801667739248,
eeg_fnirs_single_trial,middle_HbR,EEG_increment,wrong_pair,paired,score_nrmse,12,12,6,0,0,0.4768221440818216,0.46748767400217733,0.009334470079644249,-0.07076279807536166,0.09278267620316298,3,0.4768221440818216,0.46748767400217733,6,0.019576418997106184,
eeg_fnirs_single_trial,middle_HbR,EEG_increment,Hb_only,paired,score_nrmse,12,12,6,0,0,0.37951445569038106,0.46748767400217733,-0.08797321831179629,-0.2032430306402283,0.009467561379293474,1,0.37951445569038106,0.46748767400217733,6,-0.23180465722119262,
eeg_fnirs_single_trial,middle_Hb,Hb_context,75s,90s,score_nrmse,12,12,6,0,0,0.5680014697774594,0.5319587346056774,0.036042735171781935,-0.021036533582989334,0.0953189526470641,5,0.5680014697774594,0.5319587346056774,6,0.06345535546924432,free
eeg_fnirs_single_trial,middle_Hb,Hb_context,75s,90s,score_nrmse,12,12,6,0,0,0.5514582553577632,0.5085038723079204,0.042954383049842775,-0.011317623711985822,0.09305054529623369,5,0.5514582553577632,0.5085038723079204,6,0.07789235655194927,chain_matched
simultaneous_eeg_nirs,full,continuity,free,chain_matched,score_nrmse,12,12,6,0,0,0.3561405465827752,0.4461056575830274,-0.08996511100025217,-0.13119591791620364,-0.047138752911683374,0,0.3561405465827752,0.4461056575830274,6,-0.2526112566049601,
simultaneous_eeg_nirs,full,continuity,free,chain_matched,HbO_nrmse,12,12,6,0,0,0.37516871457572504,0.459751458957101,-0.08458274438137603,-0.11837445931667205,-0.04908582823663771,0,0.37516871457572504,0.459751458957101,6,-0.2254525526656183,
simultaneous_eeg_nirs,full,continuity,free,chain_matched,HbR_nrmse,12,12,6,0,0,0.3270043526158293,0.42128882233117304,-0.0942844697153437,-0.1643449416525052,-0.036259100459880574,0,0.3270043526158293,0.42128882233117304,6,-0.2883278738069609,
simultaneous_eeg_nirs,full,continuity,free,chain_first,score_nrmse,12,12,6,0,0,0.3561405465827752,0.44173239869375663,-0.08559185211098132,-0.1246069548373216,-0.0449189135426691,0,0.3561405465827752,0.44173239869375663,6,-0.24033166942727738,
simultaneous_eeg_nirs,full,continuity,free,chain_first,HbO_nrmse,12,12,6,0,0,0.37516871457572504,0.45664385576933997,-0.08147514119361489,-0.11522352133371887,-0.045987047745102726,0,0.37516871457572504,0.45664385576933997,6,-0.2171693374959435,
simultaneous_eeg_nirs,full,continuity,free,chain_first,HbR_nrmse,12,12,6,0,0,0.3270043526158293,0.4165923403881043,-0.08958798777227493,-0.14935070002381753,-0.03598251943566843,0,0.3270043526158293,0.4165923403881043,6,-0.2739657348766994,
simultaneous_eeg_nirs,middle_Hb,continuity,free,chain_matched,score_nrmse,12,12,6,0,0,1.0309561979008208,0.9570334517051995,0.07392274619562157,0.042401160234601505,0.09632306952697826,5,1.0309561979008208,0.9570334517051995,6,0.07170309111690581,
simultaneous_eeg_nirs,middle_Hb,continuity,free,chain_matched,HbO_nrmse,12,12,6,0,0,0.9813593695015621,0.9649485986795622,0.016410770821999834,-0.06372431116790507,0.11736192860698617,2,0.9813593695015621,0.9649485986795622,6,0.01672248855211425,
simultaneous_eeg_nirs,middle_Hb,continuity,free,chain_matched,HbR_nrmse,12,12,6,0,0,1.0081684443612824,0.8433558407954629,0.16481260356581945,0.0313103160782485,0.31713320834659636,5,1.0081684443612824,0.8433558407954629,6,0.16347724875502853,
simultaneous_eeg_nirs,middle_Hb,continuity,free,chain_first,score_nrmse,12,12,6,0,0,1.0309561979008208,0.9624463132713466,0.06850988462947437,0.0402319734441088,0.0913906735161316,6,1.0309561979008208,0.9624463132713466,6,0.06645275984466704,
simultaneous_eeg_nirs,middle_Hb,continuity,free,chain_first,HbO_nrmse,12,12,6,0,0,0.9813593695015621,0.9770466929994814,0.004312676502080818,-0.08893412931802464,0.11039778420729765,2,0.9813593695015621,0.9770466929994814,6,0.004394594514618128,
simultaneous_eeg_nirs,middle_Hb,continuity,free,chain_first,HbR_nrmse,12,12,6,0,0,1.0081684443612824,0.8439572390567895,0.1642112053044928,0.0409005193404946,0.30546288651250647,5,1.0081684443612824,0.8439572390567895,6,0.16288072317967422,
simultaneous_eeg_nirs,middle_HbR,continuity,free,chain_matched,score_nrmse,12,12,6,0,0,1.4451522652667332,1.2670370947934988,0.1781151704732347,0.02917598619085311,0.3440173650729432,5,1.4451522652667332,1.2670370947934988,6,0.12325010641031625,
simultaneous_eeg_nirs,middle_HbR,continuity,free,chain_matched,HbO_nrmse,12,12,6,0,0,0.30069793523969285,0.3482241576066231,-0.047526222366930354,-0.06000868710086769,-0.03617571192953873,0,0.30069793523969285,0.3482241576066231,6,-0.15805303860515732,
simultaneous_eeg_nirs,middle_HbR,continuity,free,chain_matched,HbR_nrmse,12,12,6,0,0,1.4451522652667332,1.2670370947934988,0.1781151704732347,0.02917598619085311,0.3440173650729432,5,1.4451522652667332,1.2670370947934988,6,0.12325010641031625,
simultaneous_eeg_nirs,middle_HbR,continuity,free,chain_first,score_nrmse,12,12,6,0,0,1.4451522652667332,1.3056254047213616,0.13952686054537167,-0.021549866016962016,0.30304153682406015,4,1.4451522652667332,1.3056254047213616,6,0.09654820734036565,
simultaneous_eeg_nirs,middle_HbR,continuity,free,chain_first,HbO_nrmse,12,12,6,0,0,0.30069793523969285,0.33907327943646776,-0.038375344196775026,-0.047113664947558,-0.03217433082828309,0,0.30069793523969285,0.33907327943646776,6,-0.12762091022070068,
simultaneous_eeg_nirs,middle_HbR,continuity,free,chain_first,HbR_nrmse,12,12,6,0,0,1.4451522652667332,1.3056254047213616,0.13952686054537167,-0.021549866016962016,0.30304153682406015,4,1.4451522652667332,1.3056254047213616,6,0.09654820734036565,
simultaneous_eeg_nirs,middle_Hb,EEG_increment,wrong_pair,paired,score_nrmse,12,12,6,0,0,1.0394847507505331,0.9570334517051995,0.08245129904533381,-0.02639639289678127,0.19114406059238986,5,1.0394847507505331,0.9570334517051995,6,0.07931939259888307,
simultaneous_eeg_nirs,middle_Hb,EEG_increment,Hb_only,paired,score_nrmse,12,12,6,0,0,1.6692572979884333,0.9570334517051995,0.7122238462832339,0.06320586135446202,1.6474434667381441,4,1.6692572979884333,0.9570334517051995,6,0.4266710992616364,
simultaneous_eeg_nirs,middle_HbR,EEG_increment,wrong_pair,paired,score_nrmse,12,12,6,0,0,1.3958861894021213,1.2670370947934988,0.1288490946086226,-0.03811345916375021,0.3629263716966273,4,1.3958861894021213,1.2670370947934988,6,0.09230630375661962,
simultaneous_eeg_nirs,middle_HbR,EEG_increment,Hb_only,paired,score_nrmse,12,11,6,1,0,9.499904576397727,1.2670370947934988,8.232867481604227,-0.027140681615717033,24.550660329224943,5,1.2079011991893684,1.228170739292368,6,-0.01678079309516587,
simultaneous_eeg_nirs,middle_Hb,Hb_context,75s,90s,score_nrmse,12,12,6,0,0,1.0030641478126563,1.0309561979008208,-0.027892050088164717,-0.15322424408810675,0.07421937509146904,3,1.0030641478126563,1.0309561979008208,6,-0.02780684580242217,free
simultaneous_eeg_nirs,middle_Hb,Hb_context,75s,90s,score_nrmse,12,12,6,0,0,0.9663740526973342,0.9570334517051995,0.00934060099213487,-0.10128387183318428,0.1270448879776825,3,0.9663740526973342,0.9570334517051995,6,0.009665616503323265,chain_matched
visual_cognitive_motivation,full,continuity,free,chain_matched,score_nrmse,12,12,6,0,0,0.42091335000239805,0.4612550166935773,-0.04034166669117926,-0.0669778435953257,-0.016311475748272405,0,0.42091335000239805,0.4612550166935773,6,-0.09584316271020969,
visual_cognitive_motivation,full,continuity,free,chain_matched,HbO_nrmse,12,12,6,0,0,0.4337219517782677,0.4501163665929995,-0.01639441481473174,-0.027717096751745208,-0.004339584242089911,1,0.4337219517782677,0.4501163665929995,6,-0.03779936603972743,
visual_cognitive_motivation,full,continuity,free,chain_matched,HbR_nrmse,12,12,6,0,0,0.3831886105938224,0.442871086264518,-0.05968247567069562,-0.10984885996380929,-0.009702840737553028,1,0.3831886105938224,0.442871086264518,6,-0.15575221710845322,
visual_cognitive_motivation,full,continuity,free,chain_first,score_nrmse,12,12,6,0,0,0.42091335000239805,0.4537642099692369,-0.032850859966838904,-0.05561773179445754,-0.012343755015390262,0,0.42091335000239805,0.4537642099692369,6,-0.07804660975151223,
visual_cognitive_motivation,full,continuity,free,chain_first,HbO_nrmse,12,12,6,0,0,0.4337219517782677,0.4434788846476247,-0.009756932869356976,-0.02013559486500152,0.001606407899654115,2,0.4337219517782677,0.4434788846476247,6,-0.02249582440859489,
visual_cognitive_motivation,full,continuity,free,chain_first,HbR_nrmse,12,12,6,0,0,0.3831886105938224,0.4352525252925745,-0.05206391469875212,-0.09542382013326454,-0.008704009264239705,1,0.3831886105938224,0.4352525252925745,6,-0.13587020401798824,
visual_cognitive_motivation,middle_Hb,continuity,free,chain_matched,score_nrmse,12,12,6,0,0,1.0429022698918349,1.0013491488093518,0.04155312108248301,-0.031140839523970773,0.10475276849483665,4,1.0429022698918349,1.0013491488093518,6,0.03984373443428482,
visual_cognitive_motivation,middle_Hb,continuity,free,chain_matched,HbO_nrmse,12,12,6,0,0,1.0260822498206055,0.9940550865557846,0.03202716326482093,-0.033021873512585787,0.09925929864643523,3,1.0260822498206055,0.9940550865557846,6,0.03121305652682362,
visual_cognitive_motivation,middle_Hb,continuity,free,chain_matched,HbR_nrmse,12,12,6,0,0,1.0340765912985443,0.9753925726351728,0.0586840186633717,-0.033246931615267705,0.1534444750646948,4,1.0340765912985443,0.9753925726351728,6,0.05675016643562057,
visual_cognitive_motivation,middle_Hb,continuity,free,chain_first,score_nrmse,12,12,6,0,0,1.0429022698918349,1.0078579952318283,0.035044274660006536,-0.038460784336086656,0.09921622695490047,3,1.0429022698918349,1.0078579952318283,6,0.03360264491862811,
visual_cognitive_motivation,middle_Hb,continuity,free,chain_first,HbO_nrmse,12,12,6,0,0,1.0260822498206055,1.0003678599241008,0.02571438989650458,-0.04088432548624449,0.09539532342719179,3,1.0260822498206055,1.0003678599241008,6,0.025060749175809652,
visual_cognitive_motivation,middle_Hb,continuity,free,chain_first,HbR_nrmse,12,12,6,0,0,1.0340765912985443,0.9828550284391558,0.05122156285938837,-0.03697690145642386,0.14329213540739247,4,1.0340765912985443,0.9828550284391558,6,0.04953362573952757,
visual_cognitive_motivation,middle_HbR,continuity,free,chain_matched,score_nrmse,12,12,6,0,0,1.4578161890740535,1.1003002076729531,0.35751598140110036,0.18596294699023233,0.5351741552523827,6,1.4578161890740535,1.1003002076729531,6,0.2452407814377341,
visual_cognitive_motivation,middle_HbR,continuity,free,chain_matched,HbO_nrmse,12,12,6,0,0,0.41706186700486064,0.4586505957900758,-0.041588728785215155,-0.06924411216643704,-0.016111791663804123,1,0.41706186700486064,0.4586505957900758,6,-0.09971836812577842,
visual_cognitive_motivation,middle_HbR,continuity,free,chain_matched,HbR_nrmse,12,12,6,0,0,1.4578161890740535,1.1003002076729531,0.35751598140110036,0.18596294699023233,0.5351741552523827,6,1.4578161890740535,1.1003002076729531,6,0.2452407814377341,
visual_cognitive_motivation,middle_HbR,continuity,free,chain_first,score_nrmse,12,12,6,0,0,1.4578161890740535,1.1044646408677352,0.35335154820631814,0.1789131737561317,0.5432902480937346,6,1.4578161890740535,1.1044646408677352,6,0.2423841571074561,
visual_cognitive_motivation,middle_HbR,continuity,free,chain_first,HbO_nrmse,12,12,6,0,0,0.41706186700486064,0.45498079000121366,-0.037918922996353015,-0.0636659847366458,-0.014061803626042752,1,0.41706186700486064,0.45498079000121366,6,-0.09091918009351618,
visual_cognitive_motivation,middle_HbR,continuity,free,chain_first,HbR_nrmse,12,12,6,0,0,1.4578161890740535,1.1044646408677352,0.35335154820631814,0.1789131737561317,0.5432902480937346,6,1.4578161890740535,1.1044646408677352,6,0.2423841571074561,
visual_cognitive_motivation,middle_Hb,EEG_increment,wrong_pair,paired,score_nrmse,12,12,6,0,0,0.9470962542884843,1.0013491488093518,-0.05425289452086757,-0.1971600374273139,0.0708794558509809,3,0.9470962542884843,1.0013491488093518,6,-0.0572834010009104,
visual_cognitive_motivation,middle_Hb,EEG_increment,Hb_only,paired,score_nrmse,12,12,6,0,0,0.7779250829429575,1.0013491488093518,-0.22342406586639438,-0.36921155873296696,-0.08565964974649702,0,0.7779250829429575,1.0013491488093518,6,-0.28720511880290817,
visual_cognitive_motivation,middle_HbR,EEG_increment,wrong_pair,paired,score_nrmse,12,12,6,0,0,1.1646532308337483,1.1003002076729531,0.06435302316079528,-0.04306680816943161,0.2161105253549581,3,1.1646532308337483,1.1003002076729531,6,0.05525509349656492,
visual_cognitive_motivation,middle_HbR,EEG_increment,Hb_only,paired,score_nrmse,12,12,6,0,0,0.6577041754181187,1.1003002076729531,-0.4425960322548345,-0.6522951176340094,-0.28104034233536046,0,0.6577041754181187,1.1003002076729531,6,-0.6729408886198196,
visual_cognitive_motivation,middle_Hb,Hb_context,75s,90s,score_nrmse,12,12,6,0,0,0.9496378126203515,1.0429022698918349,-0.09326445727148329,-0.1834187312579055,-0.028529639165595394,0,0.9496378126203515,1.0429022698918349,6,-0.09821055567926174,free
visual_cognitive_motivation,middle_Hb,Hb_context,75s,90s,score_nrmse,12,12,6,0,0,0.9341956353873272,1.0013491488093518,-0.0671535134220246,-0.13578137698402484,-0.01584971395892892,2,0.9341956353873272,1.0013491488093518,6,-0.07188377988319548,chain_matched
