dataset,perturbation,metric,planned_pairs,paired_success,independent_units,comparator_failures,candidate_failures,comparator_mean,candidate_mean,improvement,lower,upper,units_improved,successful_comparator_mean,successful_candidate_mean,success_paired_units,successful_relative_improvement
eeg_fnirs_single_trial,boundary,T_change,24,24,6,0,0,0.29093063533526414,0.008436960780345434,0.28249367455491875,0.13187166597347733,0.4874564761113332,6,0.29093063533526414,0.008436960780345434,6,0.9710000950205095
eeg_fnirs_single_trial,boundary,X_change,24,24,6,0,0,0.10062998109049948,0.004838400124909039,0.09579158096559044,0.06845836341661245,0.12093762729178413,6,0.10062998109049948,0.004838400124909039,6,0.9519189005853264
eeg_fnirs_single_trial,boundary,physical_change,24,24,6,0,0,0.19820787224264513,0.006384550958590057,0.1918233212840551,0.09762734938289068,0.3168660192589972,6,0.19820787224264513,0.006384550958590057,6,0.9677886105816518
eeg_fnirs_single_trial,boundary,remaining_change,24,24,6,0,0,0.19820787224264513,0.006384550958590056,0.1918233212840551,0.09762734938289068,0.3168660192589972,6,0.19820787224264513,0.006384550958590056,6,0.9677886105816518
eeg_fnirs_single_trial,boundary,prediction_change,24,24,6,0,0,0.11645746677574886,0.004250231380271194,0.11220723539547768,0.06926850787870288,0.16275174262481942,6,0.11645746677574886,0.004250231380271194,6,0.963504002809408
eeg_fnirs_single_trial,boundary,volume_change_baseline_pct,24,24,6,0,0,0.8682166048359808,0.16215881149355257,0.7060577933424282,0.27436620880183493,1.2883780163931868,6,0.8682166048359808,0.16215881149355257,6,0.8132277007945652
eeg_fnirs_single_trial,boundary,p_minus_v_change_baseline_pct,24,24,6,0,0,1.2573495804505093,1.2604022624865807e-07,1.2573494544102832,0.4791816478095029,2.372571547175098,6,1.2573495804505093,1.2604022624865807e-07,6,0.9999998997572129
eeg_fnirs_single_trial,Hb_context,T_change,12,12,6,0,0,0.23542900662943203,0.3090961321091266,-0.07366712547969462,-0.1969119530220561,0.02711171892189774,1,0.23542900662943203,0.3090961321091266,6,-0.3129059011647086
eeg_fnirs_single_trial,Hb_context,X_change,12,12,6,0,0,0.02883054633376726,0.026004810936840924,0.002825735396926335,-0.0020172233387984887,0.00738208260028769,4,0.02883054633376726,0.026004810936840924,6,0.09801185743111442
eeg_fnirs_single_trial,Hb_context,physical_change,12,12,6,0,0,0.14278557876288278,0.18929032009725466,-0.04650474133437188,-0.12206093640731926,0.014587629322438905,1,0.14278557876288278,0.18929032009725466,6,-0.32569634648888524
eeg_fnirs_single_trial,Hb_context,remaining_change,12,12,6,0,0,0.14278557876288278,0.18929032009725466,-0.04650474133437188,-0.12206093640731926,0.014587629322438905,1,0.14278557876288278,0.18929032009725466,6,-0.32569634648888524
eeg_fnirs_single_trial,Hb_context,prediction_change,12,12,6,0,0,0.03394532227291345,0.06034596311837031,-0.02640064084545686,-0.06014771788558107,-0.0034627954865429343,1,0.03394532227291345,0.06034596311837031,6,-0.7777401738360622
eeg_fnirs_single_trial,Hb_context,volume_change_baseline_pct,12,12,6,0,0,0.4233935734036256,0.3445854255421132,0.0788081478615124,0.03609051113965319,0.12083768241774728,5,0.4233935734036256,0.3445854255421132,6,0.1861344923778136
eeg_fnirs_single_trial,Hb_context,p_minus_v_change_baseline_pct,12,12,6,0,0,0.4764589326606925,7.979803822078542e-07,0.47645813468031023,0.31831456029601907,0.7480648784406192,6,0.4764589326606925,7.979803822078542e-07,6,0.9999983251853884
simultaneous_eeg_nirs,boundary,T_change,24,24,6,0,0,0.6004674931006105,0.010855147171306504,0.5896123459293041,0.4489078872141494,0.7205173417917646,6,0.6004674931006105,0.010855147171306504,6,0.9819221734797762
simultaneous_eeg_nirs,boundary,X_change,24,24,6,0,0,0.2332710197945914,0.01676957894596032,0.21650144084863107,0.1565789896349286,0.2700949216222353,6,0.2332710197945914,0.01676957894596032,6,0.9281111774590478
simultaneous_eeg_nirs,boundary,physical_change,24,24,6,0,0,0.5951610940586387,0.013062089646220508,0.5820990044124182,0.4373746825652085,0.7295048926206524,6,0.5951610940586387,0.013062089646220508,6,0.9780528502675723
simultaneous_eeg_nirs,boundary,remaining_change,24,24,6,0,0,0.5951610940586387,0.013062089646220508,0.5820990044124182,0.4373746825652085,0.7295048926206524,6,0.5951610940586387,0.013062089646220508,6,0.9780528502675723
simultaneous_eeg_nirs,boundary,prediction_change,24,24,6,0,0,0.2729055526312344,0.010749837210634916,0.2621557154205995,0.2001914604962555,0.3240882786990182,6,0.2729055526312344,0.010749837210634916,6,0.9606096794037726
simultaneous_eeg_nirs,boundary,volume_change_baseline_pct,24,24,6,0,0,2.114672799395087,0.1752547396749875,1.9394180597200996,1.5223626289979857,2.429824712287221,6,2.114672799395087,0.1752547396749875,6,0.9171244176758125
simultaneous_eeg_nirs,boundary,p_minus_v_change_baseline_pct,24,24,6,0,0,3.569685410340419,2.5237445924783216e-07,3.5696851579659596,2.667437388282518,4.509281955453712,6,3.569685410340419,2.5237445924783216e-07,6,0.9999999293006442
simultaneous_eeg_nirs,Hb_context,T_change,12,12,6,0,0,0.6024215995692402,0.8806625237361306,-0.2782409241668904,-0.4637022776695832,-0.10176656957848634,1,0.6024215995692402,0.8806625237361306,6,-0.46187076354142304
simultaneous_eeg_nirs,Hb_context,X_change,12,12,6,0,0,0.07304072073210757,0.07425668260682304,-0.0012159618747154624,-0.006418787077690162,0.0034238596856827467,3,0.07304072073210757,0.07425668260682304,6,-0.016647725577288153
simultaneous_eeg_nirs,Hb_context,physical_change,12,12,6,0,0,0.5615751549353628,0.8090117902394262,-0.24743663530406323,-0.41562421227365226,-0.08642437596401274,1,0.5615751549353628,0.8090117902394262,6,-0.440611791902623
simultaneous_eeg_nirs,Hb_context,remaining_change,12,12,6,0,0,0.5615751549353628,0.8090117902394262,-0.24743663530406323,-0.41562421227365226,-0.08642437596401274,1,0.5615751549353628,0.8090117902394262,6,-0.440611791902623
simultaneous_eeg_nirs,Hb_context,prediction_change,12,12,6,0,0,0.09257128131662594,0.22874426798054578,-0.1361729866639199,-0.18446119494498706,-0.08003236963573289,0,0.09257128131662594,0.22874426798054578,6,-1.4710068255203355
simultaneous_eeg_nirs,Hb_context,volume_change_baseline_pct,12,12,6,0,0,1.3531014426790886,0.6938068128034834,0.6592946298756053,0.17285099863180473,1.1956364194902067,5,1.3531014426790886,0.6938068128034834,6,0.48724700830281226
simultaneous_eeg_nirs,Hb_context,p_minus_v_change_baseline_pct,12,12,6,0,0,1.6675307849833352,3.643446598339607e-06,1.6675271415367365,1.1696177075032694,2.1785721336734167,6,1.6675307849833352,3.643446598339607e-06,6,0.9999978150648664
visual_cognitive_motivation,boundary,T_change,24,24,6,0,0,0.4191129968808875,0.013449396889484514,0.40566359999140306,0.30470467232285386,0.5066225276599522,6,0.4191129968808875,0.013449396889484514,6,0.9679098548850137
visual_cognitive_motivation,boundary,X_change,24,24,6,0,0,0.20773734804081342,0.010904784513998253,0.1968325635268151,0.13979709533207144,0.2657895192528614,6,0.20773734804081342,0.010904784513998253,6,0.9475068656799458
visual_cognitive_motivation,boundary,physical_change,24,24,6,0,0,0.3161699496674711,0.011367548035553496,0.3048024016319177,0.21741135567217307,0.40156659792392074,6,0.3161699496674711,0.011367548035553496,6,0.9640460832931491
visual_cognitive_motivation,boundary,remaining_change,24,24,6,0,0,0.3161699496674711,0.011367548035553496,0.3048024016319177,0.21741135567217307,0.40156659792392074,6,0.3161699496674711,0.011367548035553496,6,0.9640460832931491
visual_cognitive_motivation,boundary,prediction_change,24,24,6,0,0,0.2087980257811756,0.009853445494650788,0.19894458028652484,0.1461057965302861,0.2624919603938813,6,0.2087980257811756,0.009853445494650788,6,0.952808722890046
visual_cognitive_motivation,boundary,volume_change_baseline_pct,24,24,6,0,0,1.275924223702821,0.2347925898735931,1.0411316338292278,0.72661947313398,1.3737018763682494,6,1.275924223702821,0.2347925898735931,6,0.815982340085833
visual_cognitive_motivation,boundary,p_minus_v_change_baseline_pct,24,24,6,0,0,1.6382569358709251,8.432138301868566e-08,1.6382568515495424,1.1097288943916919,2.163809025543821,6,1.6382569358709251,8.432138301868566e-08,6,0.9999999485298178
visual_cognitive_motivation,Hb_context,T_change,12,12,6,0,0,0.2984675915621938,0.41421351286707125,-0.11574592130487742,-0.19715771484206104,-0.02569863373768978,1,0.2984675915621938,0.41421351286707125,6,-0.3878006342298595
visual_cognitive_motivation,Hb_context,X_change,12,12,6,0,0,0.04238352122918957,0.04046340543562488,0.0019201157935646983,-0.0017298337982444873,0.0056360736934876095,3,0.04238352122918957,0.04046340543562488,6,0.045303357009476304
visual_cognitive_motivation,Hb_context,physical_change,12,12,6,0,0,0.18297985695683164,0.25712707182717837,-0.07414721487034677,-0.12260710155789839,-0.019648770953404098,1,0.18297985695683164,0.25712707182717837,6,-0.4052206406951091
visual_cognitive_motivation,Hb_context,remaining_change,12,12,6,0,0,0.18297985695683164,0.25712707182717837,-0.07414721487034677,-0.12260710155789838,-0.0196487709534041,1,0.18297985695683164,0.25712707182717837,6,-0.4052206406951091
visual_cognitive_motivation,Hb_context,prediction_change,12,12,6,0,0,0.05104641505401695,0.08674615179922877,-0.035699736745211805,-0.05063309277685177,-0.020770609342157274,0,0.05104641505401695,0.08674615179922877,6,-0.6993583527351455
visual_cognitive_motivation,Hb_context,volume_change_baseline_pct,12,12,6,0,0,1.0583571645074583,0.8050188165645072,0.253338347942951,0.14322605585612372,0.40209452103818455,6,1.0583571645074583,0.8050188165645072,6,0.23936942691822802
visual_cognitive_motivation,Hb_context,p_minus_v_change_baseline_pct,12,12,6,0,0,0.5524404827741392,6.283300195508801e-07,0.5524398544441195,0.3258101031941924,0.782122230796119,6,0.5524404827741392,6.283300195508801e-07,6,0.9999988626285742
