family,scenario,prefix_steps,arm,planned,successful,failed,fitted,converged_fitted,prior_or_frozen_predictions,Hb_nrmse,Hb_nrmse_independent_units,Gaussian_CRPS,Gaussian_CRPS_independent_units,response_function_RMSE,response_function_RMSE_independent_units,response_function_relative_RMSE,response_function_relative_RMSE_independent_units
randomized,common_Hb,0,gain_selected,12,12,0,0,0,12,0.9534113418036441,12,0.007335217399138686,12,0.0054545915728105515,12,0.18651953487045927,12
randomized,common_Hb,0,input_lowpass,12,12,0,0,0,12,0.9534113418036441,12,0.007335217399138686,12,0.0054545915728105515,12,0.18651953487045927,12
randomized,common_Hb,0,viscoelastic_outflow,12,12,0,0,0,12,0.9534113418036441,12,0.007335217399138686,12,0.0054545915728105515,12,0.18651953487045927,12
randomized,common_Hb,40,gain_selected,12,12,0,12,12,0,0.8411820376501447,12,0.006714315703448703,12,0.0054532775819644335,12,0.18648586755558283,12
randomized,common_Hb,40,input_lowpass,12,12,0,12,12,0,0.8411820376501447,12,0.006714315703448703,12,0.0054532775819644335,12,0.18648586755558283,12
randomized,common_Hb,40,viscoelastic_outflow,12,12,0,12,12,0,0.8411820376501447,12,0.006714315703448703,12,0.0054532775819644335,12,0.18648586755558283,12
randomized,input_lowpass,0,gain_selected,12,12,0,0,0,12,0.6858120395155943,12,0.006122949951292353,12,0.00729711668623489,12,0.27121261107939654,12
randomized,input_lowpass,0,input_lowpass,12,12,0,0,0,12,0.6858120395155943,12,0.006122949951292353,12,0.00729711668623489,12,0.27121261107939654,12
randomized,input_lowpass,0,viscoelastic_outflow,12,12,0,0,0,12,0.6858120395155943,12,0.006122949951292353,12,0.00729711668623489,12,0.27121261107939654,12
randomized,input_lowpass,40,gain_selected,12,12,0,12,12,0,0.581544006191035,12,0.005260186989401186,12,0.007302425108318214,12,0.2714505864712064,12
randomized,input_lowpass,40,input_lowpass,12,12,0,12,12,0,0.581544006191035,12,0.005260186989401186,12,0.007302425108318214,12,0.2714505864712064,12
randomized,input_lowpass,40,viscoelastic_outflow,12,12,0,12,12,0,0.581544006191035,12,0.005260186989401186,12,0.007302425108318214,12,0.2714505864712064,12
randomized,no_coupling,0,gain_selected,12,12,0,0,0,12,0.7566643189933142,12,0.00594040496774165,12,0.023425651916997147,12,2342565.1916997144,12
randomized,no_coupling,0,input_lowpass,12,12,0,0,0,12,0.7566643189933142,12,0.00594040496774165,12,0.023425651916997147,12,2342565.1916997144,12
randomized,no_coupling,0,viscoelastic_outflow,12,12,0,0,0,12,0.7566643189933142,12,0.00594040496774165,12,0.023425651916997147,12,2342565.1916997144,12
randomized,no_coupling,40,gain_selected,12,12,0,12,12,0,1.003419869991023,12,0.010327149293762666,12,0.023445591457614698,12,2344559.1457614694,12
randomized,no_coupling,40,input_lowpass,12,12,0,12,12,0,1.003419869991023,12,0.010327149293762666,12,0.023445591457614698,12,2344559.1457614694,12
randomized,no_coupling,40,viscoelastic_outflow,12,12,0,12,12,0,1.003419869991023,12,0.010327149293762666,12,0.023445591457614698,12,2344559.1457614694,12
randomized,nonrest,0,gain_selected,12,12,0,0,0,12,0.8715782411931805,12,0.00796341326991463,12,0.005463524731926103,12,0.18685635273586754,12
randomized,nonrest,0,input_lowpass,12,12,0,0,0,12,0.8715782411931805,12,0.00796341326991463,12,0.005463524731926103,12,0.18685635273586754,12
randomized,nonrest,0,viscoelastic_outflow,12,12,0,0,0,12,0.8715782411931805,12,0.00796341326991463,12,0.005463524731926103,12,0.18685635273586754,12
randomized,nonrest,40,gain_selected,12,12,0,12,12,0,0.6030505804383635,12,0.005182624206079325,12,0.005456560669077653,12,0.1866609382772729,12
randomized,nonrest,40,input_lowpass,12,12,0,12,12,0,0.6030505804383635,12,0.005182624206079325,12,0.005456560669077653,12,0.1866609382772729,12
randomized,nonrest,40,viscoelastic_outflow,12,12,0,12,12,0,0.6030505804383635,12,0.005182624206079325,12,0.005456560669077653,12,0.1866609382772729,12
randomized,standard,0,gain_selected,12,12,0,0,0,12,0.7389564836963519,12,0.006200886340522508,12,0.0054545915728105515,12,0.18651953487045927,12
randomized,standard,0,input_lowpass,12,12,0,0,0,12,0.7389564836963519,12,0.006200886340522508,12,0.0054545915728105515,12,0.18651953487045927,12
randomized,standard,0,viscoelastic_outflow,12,12,0,0,0,12,0.7389564836963519,12,0.006200886340522508,12,0.0054545915728105515,12,0.18651953487045927,12
randomized,standard,40,gain_selected,12,12,0,12,12,0,0.5604900040427306,12,0.005273641429428937,12,0.005454185298642816,12,0.1865304822705843,12
randomized,standard,40,input_lowpass,12,12,0,12,12,0,0.5604900040427306,12,0.005273641429428937,12,0.005454185298642816,12,0.1865304822705843,12
randomized,standard,40,viscoelastic_outflow,12,12,0,12,12,0,0.5604900040427306,12,0.005273641429428937,12,0.005454185298642816,12,0.1865304822705843,12
randomized,viscoelastic_outflow,0,gain_selected,12,12,0,0,0,12,0.735479491872518,12,0.0061732346376267,12,0.005579479580647741,12,0.1923503522719966,12
randomized,viscoelastic_outflow,0,input_lowpass,12,12,0,0,0,12,0.735479491872518,12,0.0061732346376267,12,0.005579479580647741,12,0.1923503522719966,12
randomized,viscoelastic_outflow,0,viscoelastic_outflow,12,12,0,0,0,12,0.735479491872518,12,0.0061732346376267,12,0.005579479580647741,12,0.1923503522719966,12
randomized,viscoelastic_outflow,40,gain_selected,12,12,0,12,12,0,0.5440652622831011,12,0.0051248151648513145,12,0.005581398635439019,12,0.1924552579877329,12
randomized,viscoelastic_outflow,40,input_lowpass,12,12,0,12,12,0,0.5440652622831011,12,0.0051248151648513145,12,0.005581398635439019,12,0.1924552579877329,12
randomized,viscoelastic_outflow,40,viscoelastic_outflow,12,12,0,12,12,0,0.5440652622831011,12,0.0051248151648513145,12,0.005581398635439019,12,0.1924552579877329,12
restricted,common_Hb,0,gain_selected,12,12,0,0,0,12,0.4686904821151087,12,0.0037050206702616668,12,0.0,12,0.0,12
restricted,common_Hb,0,input_lowpass,12,12,0,0,0,12,0.4686904821151087,12,0.0037050206702616668,12,0.0,12,0.0,12
restricted,common_Hb,0,viscoelastic_outflow,12,12,0,0,0,12,0.4686904821151087,12,0.0037050206702616668,12,0.0,12,0.0,12
restricted,common_Hb,40,gain_selected,12,12,0,12,12,0,0.39666445860167965,12,0.003429621396242651,12,1.6712214912002008e-05,12,0.0007134151472589748,12
restricted,common_Hb,40,input_lowpass,12,12,0,12,12,0,0.39666445860167965,12,0.003429621396242651,12,1.6712214912002008e-05,12,0.0007134151472589748,12
restricted,common_Hb,40,viscoelastic_outflow,12,12,0,12,12,0,0.39666445860167965,12,0.003429621396242651,12,1.6712214912002008e-05,12,0.0007134151472589748,12
restricted,input_lowpass,0,gain_selected,12,12,0,0,0,12,0.27125686435098956,12,0.0027233696788078934,12,0.004979964509159427,12,0.22083479672843256,12
restricted,input_lowpass,0,input_lowpass,12,12,0,0,0,12,0.27125686435098956,12,0.0027233696788078934,12,0.004979964509159427,12,0.22083479672843256,12
restricted,input_lowpass,0,viscoelastic_outflow,12,12,0,0,0,12,0.27125686435098956,12,0.0027233696788078934,12,0.004979964509159427,12,0.22083479672843256,12
restricted,input_lowpass,40,gain_selected,12,12,0,12,12,0,0.4915547583538548,12,0.005462935386458552,12,0.004991483782576865,12,0.22134561490774293,12
restricted,input_lowpass,40,input_lowpass,12,12,0,12,12,0,0.4915547583538548,12,0.005462935386458552,12,0.004991483782576865,12,0.22134561490774293,12
restricted,input_lowpass,40,viscoelastic_outflow,12,12,0,12,12,0,0.4915547583538548,12,0.005462935386458552,12,0.004991483782576865,12,0.22134561490774293,12
restricted,no_coupling,0,gain_selected,12,12,0,0,0,12,0.5853573810608456,12,0.0059987287245248195,12,0.023425651916997147,12,2342565.1916997144,12
restricted,no_coupling,0,input_lowpass,12,12,0,0,0,12,0.5853573810608456,12,0.0059987287245248195,12,0.023425651916997147,12,2342565.1916997144,12
restricted,no_coupling,0,viscoelastic_outflow,12,12,0,0,0,12,0.5853573810608456,12,0.0059987287245248195,12,0.023425651916997147,12,2342565.1916997144,12
restricted,no_coupling,40,gain_selected,12,12,0,12,12,0,0.7990633012681018,12,0.011050901135247239,12,0.023443782155451873,12,2344378.2155451872,12
restricted,no_coupling,40,input_lowpass,12,12,0,12,12,0,0.7990633012681018,12,0.011050901135247239,12,0.023443782155451873,12,2344378.2155451872,12
restricted,no_coupling,40,viscoelastic_outflow,12,12,0,12,12,0,0.7990633012681018,12,0.011050901135247239,12,0.023443782155451873,12,2344378.2155451872,12
restricted,nonrest,0,gain_selected,12,12,0,0,0,12,0.39064653649573006,12,0.005125989538320009,12,1.2025679524319791e-05,12,0.0005132779411544592,12
restricted,nonrest,0,input_lowpass,12,12,0,0,0,12,0.39064653649573006,12,0.005125989538320009,12,1.2025679524319791e-05,12,0.0005132779411544592,12
restricted,nonrest,0,viscoelastic_outflow,12,12,0,0,0,12,0.39064653649573006,12,0.005125989538320009,12,1.2025679524319791e-05,12,0.0005132779411544592,12
restricted,nonrest,40,gain_selected,12,12,0,12,12,0,0.16507354321155385,12,0.0021490234557599163,12,1.9678067865752562e-05,12,0.000839895836206603,12
restricted,nonrest,40,input_lowpass,12,12,0,12,12,0,0.16507354321155385,12,0.0021490234557599163,12,1.9678067865752562e-05,12,0.000839895836206603,12
restricted,nonrest,40,viscoelastic_outflow,12,12,0,12,12,0,0.16507354321155385,12,0.0021490234557599163,12,1.9678067865752562e-05,12,0.000839895836206603,12
restricted,standard,0,gain_selected,12,12,0,0,0,12,0.2467335092267485,12,0.002484440436905618,12,0.0,12,0.0,12
restricted,standard,0,input_lowpass,12,12,0,0,0,12,0.2467335092267485,12,0.002484440436905618,12,0.0,12,0.0,12
restricted,standard,0,viscoelastic_outflow,12,12,0,0,0,12,0.2467335092267485,12,0.002484440436905618,12,0.0,12,0.0,12
restricted,standard,40,gain_selected,12,12,0,12,12,0,0.07320952814711316,12,0.001960017998580745,12,1.333148899224269e-05,12,0.0005690978863461062,12
restricted,standard,40,input_lowpass,12,12,0,12,12,0,0.07320952814711316,12,0.001960017998580745,12,1.333148899224269e-05,12,0.0005690978863461062,12
restricted,standard,40,viscoelastic_outflow,12,12,0,12,12,0,0.07320952814711316,12,0.001960017998580745,12,1.333148899224269e-05,12,0.0005690978863461062,12
restricted,viscoelastic_outflow,0,gain_selected,12,12,0,0,0,12,0.26754656913753655,12,0.002495889928931009,12,0.0011477621653621505,12,0.049068605160804406,12
restricted,viscoelastic_outflow,0,input_lowpass,12,12,0,0,0,12,0.26754656913753655,12,0.002495889928931009,12,0.0011477621653621505,12,0.049068605160804406,12
restricted,viscoelastic_outflow,0,viscoelastic_outflow,12,12,0,0,0,12,0.26754656913753655,12,0.002495889928931009,12,0.0011477621653621505,12,0.049068605160804406,12
restricted,viscoelastic_outflow,40,gain_selected,12,12,0,12,12,0,0.11495460005290097,12,0.0020860035479267434,12,0.0011540294797358491,12,0.049336542529453103,12
restricted,viscoelastic_outflow,40,input_lowpass,12,12,0,12,12,0,0.11495460005290097,12,0.0020860035479267434,12,0.0011540294797358491,12,0.049336542529453103,12
restricted,viscoelastic_outflow,40,viscoelastic_outflow,12,12,0,12,12,0,0.11495460005290097,12,0.0020860035479267434,12,0.0011540294797358491,12,0.049336542529453103,12
