arm,null_pairing,real_pairing,prefix_steps,metric,planned_pairs,expected_pairs,common_success_pairs,failed_or_missing_pairs,subjects,subjects_by_dataset,dataset_equal_gain,positive_gain,p_one_sided_sign_flip,sign_patterns,pass_eligible,eligibility_reason,family,inference,subject_differences,p_Holm_nine,null_specificity_pass
gamma_selected,wrong_training_subject,real,40,Hb_nrmse,360,360,360,0,15,"{'eeg_fnirs_single_trial': 6, 'simultaneous_eeg_nirs': 5, 'visual_cognitive_motivation': 4}",-0.007223020027994545,real_better_null_minus_real,0.655548095703125,32768,True,,prefix40_three_arms_times_three_pairings_nine_tests,exact_subject_sign_flip_under_symmetric_difference_null_conditional_fixed_training_selection_exploratory,"[{'dataset': 'eeg_fnirs_single_trial', 'subject': 'subject_01', 'difference': 0.06483584486805333, 'weight': 0.05555555555555555}, {'dataset': 'eeg_fnirs_single_trial', 'subject': 'subject_06', 'difference': 0.02521085102885602, 'weight': 0.05555555555555555}, {'dataset': 'eeg_fnirs_single_trial', 'subject': 'subject_12', 'difference': 0.10871022471550802, 'weight': 0.05555555555555555}, {'dataset': 'eeg_fnirs_single_trial', 'subject': 'subject_22', 'difference': -0.07723470043477314, 'weight': 0.05555555555555555}, {'dataset': 'eeg_fnirs_single_trial', 'subject': 'subject_27', 'difference': -0.041721258216535294, 'weight': 0.05555555555555555}, {'dataset': 'eeg_fnirs_single_trial', 'subject': 'subject_29', 'difference': -0.011144887846626497, 'weight': 0.05555555555555555}, {'dataset': 'simultaneous_eeg_nirs', 'subject': 'VP002', 'difference': -0.03576468145930753, 'weight': 0.06666666666666667}, {'dataset': 'simultaneous_eeg_nirs', 'subject': 'VP015', 'difference': 0.03771850227956353, 'weight': 0.06666666666666667}, {'dataset': 'simultaneous_eeg_nirs', 'subject': 'VP022', 'difference': 0.014960367028522959, 'weight': 0.06666666666666667}, {'dataset': 'simultaneous_eeg_nirs', 'subject': 'VP023', 'difference': 0.07708562060538975, 'weight': 0.06666666666666667}, {'dataset': 'simultaneous_eeg_nirs', 'subject': 'VP026', 'difference': -0.094313337128482, 'weight': 0.06666666666666667}, {'dataset': 'visual_cognitive_motivation', 'subject': 'S08', 'difference': -0.11185443127144312, 'weight': 0.08333333333333333}, {'dataset': 'visual_cognitive_motivation', 'subject': 'S10', 'difference': 0.04347573158623783, 'weight': 0.08333333333333333}, {'dataset': 'visual_cognitive_motivation', 'subject': 'S14', 'difference': 0.014966894736863877, 'weight': 0.08333333333333333}, {'dataset': 'visual_cognitive_motivation', 'subject': 'S15', 'difference': -0.07878432852446411, 'weight': 0.08333333333333333}]",1.0,False
gamma_selected,nonwrapping_shift_12s,real_shift_support,40,Hb_nrmse,360,360,360,0,15,"{'eeg_fnirs_single_trial': 6, 'simultaneous_eeg_nirs': 5, 'visual_cognitive_motivation': 4}",-0.03452286592719102,real_better_null_minus_real,0.94720458984375,32768,True,,prefix40_three_arms_times_three_pairings_nine_tests,exact_subject_sign_flip_under_symmetric_difference_null_conditional_fixed_training_selection_exploratory,"[{'dataset': 'eeg_fnirs_single_trial', 'subject': 'subject_01', 'difference': -0.020373804164892723, 'weight': 0.05555555555555555}, {'dataset': 'eeg_fnirs_single_trial', 'subject': 'subject_06', 'difference': 0.00872381634048069, 'weight': 0.05555555555555555}, {'dataset': 'eeg_fnirs_single_trial', 'subject': 'subject_12', 'difference': 0.019277378982801126, 'weight': 0.05555555555555555}, {'dataset': 'eeg_fnirs_single_trial', 'subject': 'subject_22', 'difference': -0.04557468681387734, 'weight': 0.05555555555555555}, {'dataset': 'eeg_fnirs_single_trial', 'subject': 'subject_27', 'difference': -0.0375098730416441, 'weight': 0.05555555555555555}, {'dataset': 'eeg_fnirs_single_trial', 'subject': 'subject_29', 'difference': -0.039057445778441474, 'weight': 0.05555555555555555}, {'dataset': 'simultaneous_eeg_nirs', 'subject': 'VP002', 'difference': 0.021625674363574793, 'weight': 0.06666666666666667}, {'dataset': 'simultaneous_eeg_nirs', 'subject': 'VP015', 'difference': 0.01664728174436508, 'weight': 0.06666666666666667}, {'dataset': 'simultaneous_eeg_nirs', 'subject': 'VP022', 'difference': -0.03372280489812943, 'weight': 0.06666666666666667}, {'dataset': 'simultaneous_eeg_nirs', 'subject': 'VP023', 'difference': -0.030515309114486827, 'weight': 0.06666666666666667}, {'dataset': 'simultaneous_eeg_nirs', 'subject': 'VP026', 'difference': -0.12758459468014996, 'weight': 0.06666666666666667}, {'dataset': 'visual_cognitive_motivation', 'subject': 'S08', 'difference': -0.2194287450929182, 'weight': 0.08333333333333333}, {'dataset': 'visual_cognitive_motivation', 'subject': 'S10', 'difference': 0.03622400420468262, 'weight': 0.08333333333333333}, {'dataset': 'visual_cognitive_motivation', 'subject': 'S14', 'difference': 0.03783274587097951, 'weight': 0.08333333333333333}, {'dataset': 'visual_cognitive_motivation', 'subject': 'S15', 'difference': -0.06971951772412589, 'weight': 0.08333333333333333}]",1.0,False
gamma_selected,other_region_EEG,real,40,Hb_nrmse,360,360,360,0,15,"{'eeg_fnirs_single_trial': 6, 'simultaneous_eeg_nirs': 5, 'visual_cognitive_motivation': 4}",0.004954303126182616,real_better_null_minus_real,0.17816162109375,32768,True,,prefix40_three_arms_times_three_pairings_nine_tests,exact_subject_sign_flip_under_symmetric_difference_null_conditional_fixed_training_selection_exploratory,"[{'dataset': 'eeg_fnirs_single_trial', 'subject': 'subject_01', 'difference': 0.0052960736182204845, 'weight': 0.05555555555555555}, {'dataset': 'eeg_fnirs_single_trial', 'subject': 'subject_06', 'difference': 0.03829358339937342, 'weight': 0.05555555555555555}, {'dataset': 'eeg_fnirs_single_trial', 'subject': 'subject_12', 'difference': 0.04194553119573563, 'weight': 0.05555555555555555}, {'dataset': 'eeg_fnirs_single_trial', 'subject': 'subject_22', 'difference': -0.008719522389576457, 'weight': 0.05555555555555555}, {'dataset': 'eeg_fnirs_single_trial', 'subject': 'subject_27', 'difference': -0.03124829754968517, 'weight': 0.05555555555555555}, {'dataset': 'eeg_fnirs_single_trial', 'subject': 'subject_29', 'difference': 0.01949758275960702, 'weight': 0.05555555555555555}, {'dataset': 'simultaneous_eeg_nirs', 'subject': 'VP002', 'difference': -0.00613395150589622, 'weight': 0.06666666666666667}, {'dataset': 'simultaneous_eeg_nirs', 'subject': 'VP015', 'difference': -0.0003434613337004247, 'weight': 0.06666666666666667}, {'dataset': 'simultaneous_eeg_nirs', 'subject': 'VP022', 'difference': 0.018954495156212062, 'weight': 0.06666666666666667}, {'dataset': 'simultaneous_eeg_nirs', 'subject': 'VP023', 'difference': 0.004371773489358729, 'weight': 0.06666666666666667}, {'dataset': 'simultaneous_eeg_nirs', 'subject': 'VP026', 'difference': 0.03964558466038159, 'weight': 0.06666666666666667}, {'dataset': 'visual_cognitive_motivation', 'subject': 'S08', 'difference': -0.019904278407442362, 'weight': 0.08333333333333333}, {'dataset': 'visual_cognitive_motivation', 'subject': 'S10', 'difference': -0.012487242157009823, 'weight': 0.08333333333333333}, {'dataset': 'visual_cognitive_motivation', 'subject': 'S14', 'difference': 0.0037458133461934517, 'weight': 0.08333333333333333}, {'dataset': 'visual_cognitive_motivation', 'subject': 'S15', 'difference': -0.00047484166308441506, 'weight': 0.08333333333333333}]",1.0,False
gain_selected,wrong_training_subject,real,40,Hb_nrmse,360,360,360,0,15,"{'eeg_fnirs_single_trial': 6, 'simultaneous_eeg_nirs': 5, 'visual_cognitive_motivation': 4}",-0.009310575703251434,real_better_null_minus_real,0.7529296875,32768,True,,prefix40_three_arms_times_three_pairings_nine_tests,exact_subject_sign_flip_under_symmetric_difference_null_conditional_fixed_training_selection_exploratory,"[{'dataset': 'eeg_fnirs_single_trial', 'subject': 'subject_01', 'difference': 0.012285262561021484, 'weight': 0.05555555555555555}, {'dataset': 'eeg_fnirs_single_trial', 'subject': 'subject_06', 'difference': 0.0007660307529269115, 'weight': 0.05555555555555555}, {'dataset': 'eeg_fnirs_single_trial', 'subject': 'subject_12', 'difference': 0.009849709078269535, 'weight': 0.05555555555555555}, {'dataset': 'eeg_fnirs_single_trial', 'subject': 'subject_22', 'difference': -0.014028533078369024, 'weight': 0.05555555555555555}, {'dataset': 'eeg_fnirs_single_trial', 'subject': 'subject_27', 'difference': -0.02039663544949247, 'weight': 0.05555555555555555}, {'dataset': 'eeg_fnirs_single_trial', 'subject': 'subject_29', 'difference': -0.0065181365062354545, 'weight': 0.05555555555555555}, {'dataset': 'simultaneous_eeg_nirs', 'subject': 'VP002', 'difference': 0.0, 'weight': 0.06666666666666667}, {'dataset': 'simultaneous_eeg_nirs', 'subject': 'VP015', 'difference': 0.0, 'weight': 0.06666666666666667}, {'dataset': 'simultaneous_eeg_nirs', 'subject': 'VP022', 'difference': 0.0, 'weight': 0.06666666666666667}, {'dataset': 'simultaneous_eeg_nirs', 'subject': 'VP023', 'difference': 0.0, 'weight': 0.06666666666666667}, {'dataset': 'simultaneous_eeg_nirs', 'subject': 'VP026', 'difference': 0.0, 'weight': 0.06666666666666667}, {'dataset': 'visual_cognitive_motivation', 'subject': 'S08', 'difference': -0.11098140279682951, 'weight': 0.08333333333333333}, {'dataset': 'visual_cognitive_motivation', 'subject': 'S10', 'difference': -0.006542050697024817, 'weight': 0.08333333333333333}, {'dataset': 'visual_cognitive_motivation', 'subject': 'S14', 'difference': 0.0384054514588027, 'weight': 0.08333333333333333}, {'dataset': 'visual_cognitive_motivation', 'subject': 'S15', 'difference': -0.02058070464271292, 'weight': 0.08333333333333333}]",1.0,False
gain_selected,nonwrapping_shift_12s,real_shift_support,40,Hb_nrmse,360,360,360,0,15,"{'eeg_fnirs_single_trial': 6, 'simultaneous_eeg_nirs': 5, 'visual_cognitive_motivation': 4}",-0.011539498975073916,real_better_null_minus_real,0.6923828125,32768,True,,prefix40_three_arms_times_three_pairings_nine_tests,exact_subject_sign_flip_under_symmetric_difference_null_conditional_fixed_training_selection_exploratory,"[{'dataset': 'eeg_fnirs_single_trial', 'subject': 'subject_01', 'difference': -0.01353783539445072, 'weight': 0.05555555555555555}, {'dataset': 'eeg_fnirs_single_trial', 'subject': 'subject_06', 'difference': -0.006490499116669805, 'weight': 0.05555555555555555}, {'dataset': 'eeg_fnirs_single_trial', 'subject': 'subject_12', 'difference': -0.004726920960776824, 'weight': 0.05555555555555555}, {'dataset': 'eeg_fnirs_single_trial', 'subject': 'subject_22', 'difference': 0.004345723121234983, 'weight': 0.05555555555555555}, {'dataset': 'eeg_fnirs_single_trial', 'subject': 'subject_27', 'difference': 0.020088453772331285, 'weight': 0.05555555555555555}, {'dataset': 'eeg_fnirs_single_trial', 'subject': 'subject_29', 'difference': -0.013424135465120337, 'weight': 0.05555555555555555}, {'dataset': 'simultaneous_eeg_nirs', 'subject': 'VP002', 'difference': 0.0, 'weight': 0.06666666666666667}, {'dataset': 'simultaneous_eeg_nirs', 'subject': 'VP015', 'difference': 0.0, 'weight': 0.06666666666666667}, {'dataset': 'simultaneous_eeg_nirs', 'subject': 'VP022', 'difference': 0.0, 'weight': 0.06666666666666667}, {'dataset': 'simultaneous_eeg_nirs', 'subject': 'VP023', 'difference': 0.0, 'weight': 0.06666666666666667}, {'dataset': 'simultaneous_eeg_nirs', 'subject': 'VP026', 'difference': 0.0, 'weight': 0.06666666666666667}, {'dataset': 'visual_cognitive_motivation', 'subject': 'S08', 'difference': -0.15590534543499204, 'weight': 0.08333333333333333}, {'dataset': 'visual_cognitive_motivation', 'subject': 'S10', 'difference': 0.010055261343033209, 'weight': 0.08333333333333333}, {'dataset': 'visual_cognitive_motivation', 'subject': 'S14', 'difference': 0.049100684951033424, 'weight': 0.08333333333333333}, {'dataset': 'visual_cognitive_motivation', 'subject': 'S15', 'difference': -0.032561112530993974, 'weight': 0.08333333333333333}]",1.0,False
gain_selected,other_region_EEG,real,40,Hb_nrmse,360,360,360,0,15,"{'eeg_fnirs_single_trial': 6, 'simultaneous_eeg_nirs': 5, 'visual_cognitive_motivation': 4}",-0.0022884969814485484,real_better_null_minus_real,0.728515625,32768,True,,prefix40_three_arms_times_three_pairings_nine_tests,exact_subject_sign_flip_under_symmetric_difference_null_conditional_fixed_training_selection_exploratory,"[{'dataset': 'eeg_fnirs_single_trial', 'subject': 'subject_01', 'difference': -0.0033369361462787773, 'weight': 0.05555555555555555}, {'dataset': 'eeg_fnirs_single_trial', 'subject': 'subject_06', 'difference': 0.00017065828250828474, 'weight': 0.05555555555555555}, {'dataset': 'eeg_fnirs_single_trial', 'subject': 'subject_12', 'difference': -0.0017612270639200147, 'weight': 0.05555555555555555}, {'dataset': 'eeg_fnirs_single_trial', 'subject': 'subject_22', 'difference': 0.007970226837045498, 'weight': 0.05555555555555555}, {'dataset': 'eeg_fnirs_single_trial', 'subject': 'subject_27', 'difference': -0.007284944961867261, 'weight': 0.05555555555555555}, {'dataset': 'eeg_fnirs_single_trial', 'subject': 'subject_29', 'difference': 0.008569322942766605, 'weight': 0.05555555555555555}, {'dataset': 'simultaneous_eeg_nirs', 'subject': 'VP002', 'difference': 0.0, 'weight': 0.06666666666666667}, {'dataset': 'simultaneous_eeg_nirs', 'subject': 'VP015', 'difference': 0.0, 'weight': 0.06666666666666667}, {'dataset': 'simultaneous_eeg_nirs', 'subject': 'VP022', 'difference': 0.0, 'weight': 0.06666666666666667}, {'dataset': 'simultaneous_eeg_nirs', 'subject': 'VP023', 'difference': 0.0, 'weight': 0.06666666666666667}, {'dataset': 'simultaneous_eeg_nirs', 'subject': 'VP026', 'difference': 0.0, 'weight': 0.06666666666666667}, {'dataset': 'visual_cognitive_motivation', 'subject': 'S08', 'difference': -0.029201106216676476, 'weight': 0.08333333333333333}, {'dataset': 'visual_cognitive_motivation', 'subject': 'S10', 'difference': 0.008643545990274176, 'weight': 0.08333333333333333}, {'dataset': 'visual_cognitive_motivation', 'subject': 'S14', 'difference': -0.0024912484641740062, 'weight': 0.08333333333333333}, {'dataset': 'visual_cognitive_motivation', 'subject': 'S15', 'difference': -0.0072978883469758315, 'weight': 0.08333333333333333}]",1.0,False
best_stable,wrong_training_subject,real,40,Hb_nrmse,360,360,360,0,15,"{'eeg_fnirs_single_trial': 6, 'simultaneous_eeg_nirs': 5, 'visual_cognitive_motivation': 4}",-0.010054120613278487,real_better_null_minus_real,0.767578125,32768,True,,prefix40_three_arms_times_three_pairings_nine_tests,exact_subject_sign_flip_under_symmetric_difference_null_conditional_fixed_training_selection_exploratory,"[{'dataset': 'eeg_fnirs_single_trial', 'subject': 'subject_01', 'difference': 0.012285262561021484, 'weight': 0.05555555555555555}, {'dataset': 'eeg_fnirs_single_trial', 'subject': 'subject_06', 'difference': 0.0007660307529269115, 'weight': 0.05555555555555555}, {'dataset': 'eeg_fnirs_single_trial', 'subject': 'subject_12', 'difference': 0.009849709078269535, 'weight': 0.05555555555555555}, {'dataset': 'eeg_fnirs_single_trial', 'subject': 'subject_22', 'difference': -0.014028533078369024, 'weight': 0.05555555555555555}, {'dataset': 'eeg_fnirs_single_trial', 'subject': 'subject_27', 'difference': -0.02039663544949247, 'weight': 0.05555555555555555}, {'dataset': 'eeg_fnirs_single_trial', 'subject': 'subject_29', 'difference': -0.0065181365062354545, 'weight': 0.05555555555555555}, {'dataset': 'simultaneous_eeg_nirs', 'subject': 'VP002', 'difference': 0.0, 'weight': 0.06666666666666667}, {'dataset': 'simultaneous_eeg_nirs', 'subject': 'VP015', 'difference': 0.0, 'weight': 0.06666666666666667}, {'dataset': 'simultaneous_eeg_nirs', 'subject': 'VP022', 'difference': 0.0, 'weight': 0.06666666666666667}, {'dataset': 'simultaneous_eeg_nirs', 'subject': 'VP023', 'difference': 0.0, 'weight': 0.06666666666666667}, {'dataset': 'simultaneous_eeg_nirs', 'subject': 'VP026', 'difference': 0.0, 'weight': 0.06666666666666667}, {'dataset': 'visual_cognitive_motivation', 'subject': 'S08', 'difference': -0.11652497403737487, 'weight': 0.08333333333333333}, {'dataset': 'visual_cognitive_motivation', 'subject': 'S10', 'difference': -0.004144211370003657, 'weight': 0.08333333333333333}, {'dataset': 'visual_cognitive_motivation', 'subject': 'S14', 'difference': 0.028066144867313708, 'weight': 0.08333333333333333}, {'dataset': 'visual_cognitive_motivation', 'subject': 'S15', 'difference': -0.016018205058024353, 'weight': 0.08333333333333333}]",1.0,False
best_stable,nonwrapping_shift_12s,real_shift_support,40,Hb_nrmse,360,360,360,0,15,"{'eeg_fnirs_single_trial': 6, 'simultaneous_eeg_nirs': 5, 'visual_cognitive_motivation': 4}",-0.012693342814824945,real_better_null_minus_real,0.7138671875,32768,True,,prefix40_three_arms_times_three_pairings_nine_tests,exact_subject_sign_flip_under_symmetric_difference_null_conditional_fixed_training_selection_exploratory,"[{'dataset': 'eeg_fnirs_single_trial', 'subject': 'subject_01', 'difference': -0.01353783539445072, 'weight': 0.05555555555555555}, {'dataset': 'eeg_fnirs_single_trial', 'subject': 'subject_06', 'difference': -0.006490499116669805, 'weight': 0.05555555555555555}, {'dataset': 'eeg_fnirs_single_trial', 'subject': 'subject_12', 'difference': -0.004726920960776824, 'weight': 0.05555555555555555}, {'dataset': 'eeg_fnirs_single_trial', 'subject': 'subject_22', 'difference': 0.004345723121234983, 'weight': 0.05555555555555555}, {'dataset': 'eeg_fnirs_single_trial', 'subject': 'subject_27', 'difference': 0.020088453772331285, 'weight': 0.05555555555555555}, {'dataset': 'eeg_fnirs_single_trial', 'subject': 'subject_29', 'difference': -0.013424135465120337, 'weight': 0.05555555555555555}, {'dataset': 'simultaneous_eeg_nirs', 'subject': 'VP002', 'difference': 0.0, 'weight': 0.06666666666666667}, {'dataset': 'simultaneous_eeg_nirs', 'subject': 'VP015', 'difference': 0.0, 'weight': 0.06666666666666667}, {'dataset': 'simultaneous_eeg_nirs', 'subject': 'VP022', 'difference': 0.0, 'weight': 0.06666666666666667}, {'dataset': 'simultaneous_eeg_nirs', 'subject': 'VP023', 'difference': 0.0, 'weight': 0.06666666666666667}, {'dataset': 'simultaneous_eeg_nirs', 'subject': 'VP026', 'difference': 0.0, 'weight': 0.06666666666666667}, {'dataset': 'visual_cognitive_motivation', 'subject': 'S08', 'difference': -0.16212226167835944, 'weight': 0.08333333333333333}, {'dataset': 'visual_cognitive_motivation', 'subject': 'S10', 'difference': 0.0034822900581701365, 'weight': 0.08333333333333333}, {'dataset': 'visual_cognitive_motivation', 'subject': 'S14', 'difference': 0.044730049315045185, 'weight': 0.08333333333333333}, {'dataset': 'visual_cognitive_motivation', 'subject': 'S15', 'difference': -0.029246715443787593, 'weight': 0.08333333333333333}]",1.0,False
best_stable,other_region_EEG,real,40,Hb_nrmse,360,360,360,0,15,"{'eeg_fnirs_single_trial': 6, 'simultaneous_eeg_nirs': 5, 'visual_cognitive_motivation': 4}",-0.0028497309444327004,real_better_null_minus_real,0.81640625,32768,True,,prefix40_three_arms_times_three_pairings_nine_tests,exact_subject_sign_flip_under_symmetric_difference_null_conditional_fixed_training_selection_exploratory,"[{'dataset': 'eeg_fnirs_single_trial', 'subject': 'subject_01', 'difference': -0.0033369361462787773, 'weight': 0.05555555555555555}, {'dataset': 'eeg_fnirs_single_trial', 'subject': 'subject_06', 'difference': 0.00017065828250828474, 'weight': 0.05555555555555555}, {'dataset': 'eeg_fnirs_single_trial', 'subject': 'subject_12', 'difference': -0.0017612270639200147, 'weight': 0.05555555555555555}, {'dataset': 'eeg_fnirs_single_trial', 'subject': 'subject_22', 'difference': 0.007970226837045498, 'weight': 0.05555555555555555}, {'dataset': 'eeg_fnirs_single_trial', 'subject': 'subject_27', 'difference': -0.007284944961867261, 'weight': 0.05555555555555555}, {'dataset': 'eeg_fnirs_single_trial', 'subject': 'subject_29', 'difference': 0.008569322942766605, 'weight': 0.05555555555555555}, {'dataset': 'simultaneous_eeg_nirs', 'subject': 'VP002', 'difference': 0.0, 'weight': 0.06666666666666667}, {'dataset': 'simultaneous_eeg_nirs', 'subject': 'VP015', 'difference': 0.0, 'weight': 0.06666666666666667}, {'dataset': 'simultaneous_eeg_nirs', 'subject': 'VP022', 'difference': 0.0, 'weight': 0.06666666666666667}, {'dataset': 'simultaneous_eeg_nirs', 'subject': 'VP023', 'difference': 0.0, 'weight': 0.06666666666666667}, {'dataset': 'simultaneous_eeg_nirs', 'subject': 'VP026', 'difference': 0.0, 'weight': 0.06666666666666667}, {'dataset': 'visual_cognitive_motivation', 'subject': 'S08', 'difference': -0.028689772270537716, 'weight': 0.08333333333333333}, {'dataset': 'visual_cognitive_motivation', 'subject': 'S10', 'difference': 0.0065705568436175065, 'weight': 0.08333333333333333}, {'dataset': 'visual_cognitive_motivation', 'subject': 'S14', 'difference': -0.00614147418880706, 'weight': 0.08333333333333333}, {'dataset': 'visual_cognitive_motivation', 'subject': 'S15', 'difference': -0.008820814977634699, 'weight': 0.08333333333333333}]",1.0,False
