dataset,method,region,subjects,planned_windows,success_rate,pass_rate,nrmse_EEG,nrmse_HbO,nrmse_HbR,correlation_EEG,correlation_HbO,correlation_HbR,local_nrmse_EEG,local_nrmse_HbO,local_nrmse_HbR
eeg_fnirs_single_trial,H0_fixed,motor,29,3480,0.9985632183908045,0.8870689655172415,0.2146206199354562,0.25482416132517416,0.2228014488559345,0.966428845517038,0.800975377919665,0.6346635600829926,0.23673753419506974,0.5968804590222541,0.889594918976366
eeg_fnirs_single_trial,H1_dataset__neurovascular_gain,motor,29,3480,0.9994252873563219,0.8290229885057472,0.28667435813365605,0.23584691242714426,0.22249745517638714,0.9401359473467393,0.8345515289421482,0.6469710538879988,0.30917511741076054,0.5494814013553345,0.8764052728170943
eeg_fnirs_single_trial,H1_dataset__tau,motor,29,3480,1.0,0.8899425287356322,0.2382241973058348,0.24709546854879483,0.236188785862154,0.9599583520183242,0.8089380278164825,0.5615407615452572,0.26176634478335836,0.5919332860188051,1.059896385254722
eeg_fnirs_single_trial,H2_subject__neurovascular_gain,motor,29,3480,0.9991379310344828,0.8867816091954024,0.12524621565736624,0.24379738922242283,0.20673147112717818,0.9772044730939832,0.7811617184085167,0.6795626026619468,0.13879675750021886,0.5729136593847186,0.7395462752863075
eeg_fnirs_single_trial,H2_subject__tau,motor,29,3480,0.9997126436781609,0.8968390804597702,0.20030193889520212,0.2502531277894154,0.20726853430988465,0.9683400034325165,0.7859857419720482,0.6815467603757377,0.22006727435230664,0.6003780993191853,0.7560184109754301
eeg_fnirs_single_trial,H2s_partial_pooling__neurovascular_gain,motor,29,3480,0.9876436781609195,0.8747126436781609,0.1302526156641804,0.24364429791371686,0.20720827511803755,0.9768211693895552,0.7827280125250683,0.6761684786635936,0.1446191209129099,0.5717970833204661,0.7480648308225495
eeg_fnirs_single_trial,H2s_partial_pooling__tau,motor,29,3480,0.9997126436781609,0.8968390804597701,0.2051274550681301,0.2480438614332564,0.20758716862124155,0.9673957750730591,0.7927071047105302,0.6811188948673437,0.2257088278060254,0.5959571200143342,0.7679538718595521
eeg_fnirs_single_trial,H3_record__neurovascular_gain,motor,29,2784,0.9992816091954023,0.882183908045977,0.128265656332844,0.24139716031611252,0.2090845873457808,0.9759586210620508,0.7859447641330269,0.6772147892128445,0.14366299367747576,0.5668538776484413,0.7486299808347331
eeg_fnirs_single_trial,H3_record__tau,motor,29,2784,1.0,0.884698275862069,0.20025835268475578,0.2558567881290622,0.21413352413631476,0.967716897182974,0.784789067963722,0.6711995103856165,0.22168499990658008,0.6000359415888615,0.7720488394471751
simultaneous_eeg_nirs,H0_fixed,motor,26,2031,0.9932373785634655,0.9182217222498552,0.20909172676604135,0.26274515961664646,0.2487590253148732,0.9651129922559556,0.8346012804659088,0.697403440747556,0.23247576341717513,0.5333620267348974,0.7849034834749362
simultaneous_eeg_nirs,H1_dataset__neurovascular_gain,motor,26,2031,0.9948936932632585,0.9250176638284054,0.24355719583849067,0.23795434413500413,0.2458010948954752,0.9561490650816571,0.8609037255030769,0.7013178680067165,0.2692527002895131,0.4911210511208509,0.8153913734584148
simultaneous_eeg_nirs,H1_dataset__tau,motor,26,2031,0.997141762223284,0.9245093406298649,0.22028076729015555,0.25706603802989,0.25274433087092074,0.9619445039691865,0.8409255703660217,0.6903154892924781,0.24521343807134866,0.5249344927328783,0.8226984871552641
simultaneous_eeg_nirs,H2_subject__neurovascular_gain,motor,26,2031,0.9503437383872166,0.9128249968643192,0.155724629675458,0.21660904498482264,0.16703691114027053,0.9757823634634264,0.821540079069194,0.7147770021708384,0.17305835820470095,0.5266482547661238,0.7151709881256438
simultaneous_eeg_nirs,H2_subject__tau,motor,26,2031,0.9988667582417583,0.9224531229806165,0.21154363790906167,0.257763817016651,0.2367212243400074,0.9628950448104432,0.8303746469046995,0.7118895781722099,0.23645123550676717,0.5349284095260827,0.727541427897086
simultaneous_eeg_nirs,H2s_partial_pooling__neurovascular_gain,motor,26,2031,0.9615384615384616,0.9221152235458503,0.1610289112540521,0.21626926032158056,0.16750708950723453,0.9754548436121993,0.823680580383538,0.713633658328924,0.1787828348760998,0.5245913861374657,0.7191750501432934
simultaneous_eeg_nirs,H2s_partial_pooling__tau,motor,26,2031,0.9988667582417583,0.9238548542416828,0.2126607165978475,0.25689916452895206,0.23700872802338419,0.9627001376244961,0.8326248722600424,0.7107368531691408,0.23773672499367515,0.5326248108842131,0.7340540760605074
simultaneous_eeg_nirs,H3_record__neurovascular_gain,motor,26,1824,0.9945070733863837,0.9076445048173234,0.1613425990108726,0.25399569912226433,0.22694552836725798,0.9699409647452011,0.8150818087667075,0.7072636355108581,0.18222748914562029,0.533085580495229,0.7368284815957776
simultaneous_eeg_nirs,H3_record__tau,motor,26,1824,0.9983559902740938,0.9185212946410029,0.21167600308761314,0.2614361851761686,0.24060715214473377,0.9631148124482721,0.8306573627040333,0.7009885640766436,0.23717346467674358,0.5375796373192703,0.7489871377613598
visual_cognitive_motivation,H0_fixed,motor,16,1274,0.9908536585365854,0.9253599764913312,0.23506025746420556,0.25221589525830046,0.2721866344035775,0.96027458792961,0.8231026760983775,0.6692109762985977,0.25244885606806555,0.5806330183066258,0.7693538009979813
visual_cognitive_motivation,H1_dataset__neurovascular_gain,motor,16,1274,0.9900914634146342,0.9162962826917426,0.2794334738529811,0.23636548473709978,0.26904763756239225,0.9483547322516972,0.8455859829667501,0.6769044403503774,0.2969965197699922,0.554523951039075,0.7690391140045347
visual_cognitive_motivation,H1_dataset__tau,motor,16,1274,0.9961890243902439,0.9261129885395238,0.2622354024724843,0.2435189011599635,0.2676552651335105,0.9523597170498173,0.832910988473364,0.6711275804757355,0.2797836662950288,0.5747126048718048,0.8049992496498213
visual_cognitive_motivation,H2_subject__neurovascular_gain,motor,16,1269,0.9375,0.914624736525143,0.13312675978932165,0.20684138677507385,0.14620573985628202,0.9802995546046662,0.8108480539061618,0.6757032228835829,0.15146123054314045,0.5525364571216111,0.7135587066704417
visual_cognitive_motivation,H2_subject__tau,motor,16,1269,0.9992378048780488,0.9245332731105089,0.23249752045777433,0.24639762170796353,0.2619494253070176,0.9580187158393918,0.8144493206438511,0.664405138061637,0.2488410962215391,0.5720058272355368,0.725811767230798
visual_cognitive_motivation,H2s_partial_pooling__neurovascular_gain,motor,16,1269,0.9375,0.914624736525143,0.13563366688714187,0.206303205873545,0.14623619420253883,0.9800937464887399,0.8116215122938883,0.6751900968626086,0.1542192303785464,0.5522920492060026,0.7151108054445738
visual_cognitive_motivation,H2s_partial_pooling__tau,motor,16,1269,0.9992378048780488,0.9245332731105089,0.235421672359363,0.2449384409510804,0.2609501235158276,0.9575198290463808,0.8192870457577113,0.672370016488223,0.2518216094481364,0.568703691983115,0.7197026978623027
visual_cognitive_motivation,H3_record__neurovascular_gain,motor,16,1193,0.9629934210526316,0.89883879497002,0.1473168685149136,0.255360835580827,0.2436884434919807,0.9720436486794806,0.7985716086506436,0.6897723148642703,0.15952043522859172,0.5631507414387942,0.6919113925042997
visual_cognitive_motivation,H3_record__tau,motor,16,1193,0.997532894736842,0.9181233344437042,0.2351910289693917,0.2469743032700653,0.2608399497270726,0.9574240847708544,0.8170147830499401,0.6637263944519428,0.2516106460125082,0.5691539546155184,0.7310559792796555
eeg_fnirs_single_trial,H0_fixed,posterior,29,3480,0.9942528735632185,0.8971264367816093,0.2203454412249648,0.2732812934657353,0.26614624213638777,0.962682253091649,0.7317597005411016,0.6486188540687985,0.24770925112012232,0.7025668359915938,0.9649779675763311
eeg_fnirs_single_trial,H1_dataset__neurovascular_gain,posterior,29,3480,0.9959770114942529,0.8626436781609196,0.24745885742223006,0.26381076923168445,0.24892568320516825,0.9454429067953214,0.7525076114594667,0.6863317508863744,0.26701910342253027,0.6641279664125854,0.8498437071344754
eeg_fnirs_single_trial,H1_dataset__tau,posterior,29,3480,0.9948275862068966,0.903448275862069,0.2386615189736956,0.272349764623136,0.26586402527810576,0.9577134265673689,0.7312886317613085,0.6348608255651824,0.26775605003598224,0.7094608588729014,1.0411945166432954
eeg_fnirs_single_trial,H2_subject__neurovascular_gain,posterior,29,3480,0.9652298850574713,0.8997126436781608,0.10730555511816295,0.2091572497639393,0.19510666869840154,0.9817432765591041,0.7324554085985004,0.6890799116100602,0.12170205494222898,0.6390756177673126,0.7290123431603147
eeg_fnirs_single_trial,H2_subject__tau,posterior,29,3480,0.9655172413793104,0.9017241379310345,0.16991551270596686,0.22420799026840782,0.1955074255549889,0.9763186934792413,0.7032403801491443,0.6696049926614401,0.1913294491378432,0.7151227340462138,0.785661103146173
eeg_fnirs_single_trial,H2s_partial_pooling__neurovascular_gain,posterior,29,3480,0.9649425287356322,0.8971264367816092,0.11149766970284163,0.20925407145447372,0.19571632516560397,0.9815752093397722,0.7324771845900881,0.6867568037732178,0.125639850691102,0.6395865030325348,0.7360653999263682
eeg_fnirs_single_trial,H2s_partial_pooling__tau,posterior,29,3480,0.9655172413793104,0.9022988505747126,0.17096092589350742,0.22391362655644212,0.19563986855265306,0.9761369881381269,0.704259992965059,0.6691490604727041,0.19245987810462215,0.7144445974214204,0.7901483983059032
eeg_fnirs_single_trial,H3_record__neurovascular_gain,posterior,29,2784,0.9899425287356322,0.8735632183908044,0.11884902781224514,0.24577777730719214,0.23853848653434148,0.9753772804165822,0.7263853783839667,0.6867341404007163,0.13370842629509172,0.6413407643696369,0.7361481337263679
eeg_fnirs_single_trial,H3_record__tau,posterior,29,2784,0.9892241379310345,0.8958333333333334,0.19990530533938228,0.26912938628123395,0.24498360060264704,0.9651625990898587,0.7058602224539112,0.6628960264373371,0.22538880723446275,0.7080077500830755,0.7929188056821891
simultaneous_eeg_nirs,H0_fixed,posterior,26,2031,1.0,0.8217824632386653,0.2282512871319785,0.2917365553049123,0.2913688776926881,0.9610740200012879,0.8125368145451238,0.6080219419180571,0.25091237273259975,0.5767556885973213,0.9020009833296728
simultaneous_eeg_nirs,H1_dataset__neurovascular_gain,posterior,26,2031,1.0,0.8011202505408068,0.21639058399888647,0.29133447285158365,0.2863207631577003,0.960481382757928,0.8087178630651507,0.6171282315346681,0.23630078747460528,0.5736918407089553,0.8810997388645762
simultaneous_eeg_nirs,H1_dataset__tau,posterior,26,2031,1.0,0.8251660515647088,0.23300881762731593,0.28817083063077037,0.29081460827879557,0.9597950870380431,0.8169682405961183,0.596792956484916,0.2560786275298905,0.5724670646699457,0.9268888922952564
simultaneous_eeg_nirs,H2_subject__neurovascular_gain,posterior,26,2031,0.9991638795986623,0.8204068521643649,0.20017704743842343,0.2529089040949862,0.2735897586505065,0.9585002580966038,0.8153826608691704,0.6312954896424411,0.21824133883622052,0.5241175381026048,0.844624817862734
simultaneous_eeg_nirs,H2_subject__tau,posterior,26,2031,0.9991638795986623,0.8305793950295229,0.2243623603815949,0.2845138003297738,0.2767962983429605,0.9602316088136076,0.8051955955917698,0.6315749079016416,0.24648361271622662,0.5716137513152699,0.8333787994050165
simultaneous_eeg_nirs,H2s_partial_pooling__neurovascular_gain,posterior,26,2031,0.9991638795986623,0.820896182976586,0.20180172965437462,0.25326540033408385,0.27383225680485607,0.9586566382718149,0.8152280825160486,0.6302699891654174,0.22011477945812158,0.5248861550385145,0.8458412494057911
simultaneous_eeg_nirs,H2s_partial_pooling__tau,posterior,26,2031,0.9991638795986623,0.8321202002388064,0.22556584297908866,0.28388129629280195,0.27696408444637854,0.9600720263873399,0.8078845750954038,0.6302629543757049,0.24781236732592804,0.5699926033110745,0.8379566113705116
simultaneous_eeg_nirs,H3_record__neurovascular_gain,posterior,26,1824,0.9987179487179488,0.8064301540907491,0.18104522979480955,0.27664752909904095,0.280410934912966,0.9646433185482634,0.7978185409121731,0.6253409557785395,0.19888329809488425,0.5507104307595417,0.848897038996689
simultaneous_eeg_nirs,H3_record__tau,posterior,26,1824,0.9871794871794871,0.8138687847380376,0.23000568293903,0.29630165842739375,0.29643660770238434,0.9589280647072295,0.8059358937826879,0.613613211101798,0.25262167683832853,0.575815433404586,0.8823969810741986
visual_cognitive_motivation,H0_fixed,posterior,16,2548,0.9889481707317074,0.8539432118718777,0.2794058554906824,0.3363514255144107,0.4010223550596764,0.9520880680464883,0.6714437981952566,0.6151649367842913,0.29591959778708204,1.3214150540978742,1.0049689663113406
visual_cognitive_motivation,H1_dataset__neurovascular_gain,posterior,16,2548,0.9878048780487805,0.8432908463120775,0.26527831840328975,0.28717218405940936,0.3907153583383486,0.9453402535386624,0.7488252392488719,0.6747818022643151,0.2825867081862105,0.7476588451695405,0.7460943517681687
visual_cognitive_motivation,H1_dataset__tau,posterior,16,2548,0.9881859756097561,0.8702844916250367,0.2914850478573502,0.31747024370480137,0.3928154263723582,0.9476160588146283,0.6828911071522942,0.6005347355472097,0.3098803916345191,1.2698727593977055,1.0566631759869392
visual_cognitive_motivation,H2_subject__neurovascular_gain,posterior,16,2538,0.96875,0.8457557023486901,0.13775793389703997,0.18245080725647167,0.20253414444666704,0.9711710863981029,0.749353354104809,0.6909695601642509,0.1500631381380513,0.6376491066883583,0.6920214025292104
visual_cognitive_motivation,H2_subject__tau,posterior,16,2538,0.96875,0.8702553353658536,0.19151244934536696,0.21788909979348797,0.20765497476336167,0.9704135240562997,0.65709933053226,0.5636964362382774,0.20540110031423503,1.148684966447017,0.9400288069789696
visual_cognitive_motivation,H2s_partial_pooling__neurovascular_gain,posterior,16,2538,0.96875,0.8461367999096657,0.1393837763107779,0.1824214742962877,0.2025938392239996,0.9710825317086655,0.7489129787906077,0.6902636177409658,0.1518639423524455,0.6388452691617053,0.6929167178518447
visual_cognitive_motivation,H2s_partial_pooling__tau,posterior,16,2538,0.96875,0.8706364329268292,0.19338910843431023,0.21710691399664164,0.2076592681317805,0.9700066890319986,0.659643902038785,0.5633778692304312,0.20751630070194294,1.1472513678751683,0.9427836827508442
visual_cognitive_motivation,H3_record__neurovascular_gain,posterior,16,2386,0.96875,0.839212139823451,0.12892652997568482,0.1893739321816233,0.20329472598942863,0.9718317743412251,0.7477547255662176,0.6912868213569772,0.1444291050420857,0.6415573938213239,0.689426504024415
visual_cognitive_motivation,H3_record__tau,posterior,16,2386,0.96875,0.860814144736842,0.18839404368910215,0.22415515968533245,0.21359479466590525,0.971588820464919,0.6549137138985093,0.5603074284034528,0.20223169913510042,1.1507985976625712,0.9439798445487138
eeg_fnirs_single_trial,H0_fixed,prefrontal,29,3480,0.9985632183908046,0.7991379310344829,0.26057135878176746,0.32563539950269876,0.3112258166179079,0.9516413759881821,0.8030404764520411,0.7716326998927749,0.2878489623564118,0.5784341043168659,0.6279431836542694
eeg_fnirs_single_trial,H1_dataset__neurovascular_gain,prefrontal,29,3480,0.9985632183908046,0.7974137931034483,0.28605940996670837,0.31130683791548425,0.3136733503871139,0.9406578806622137,0.8106373416387498,0.7680666533165573,0.3116450354560645,0.5692753500515814,0.6452003897639931
eeg_fnirs_single_trial,H1_dataset__tau,prefrontal,29,3480,0.9979885057471265,0.7939655172413794,0.2508702908541412,0.3289415340800076,0.32165813218750583,0.9547810416587126,0.798391832599619,0.7607776522489956,0.2771017389244119,0.5838428066862709,0.6391085783638947
eeg_fnirs_single_trial,H2_subject__neurovascular_gain,prefrontal,29,3480,0.964080459770115,0.7669540229885059,0.24979469548316524,0.31341229774626495,0.2998185640199002,0.9456113344752611,0.8018998121996553,0.7778162617832304,0.2713584654399423,0.5697353054437085,0.6054200436609128
eeg_fnirs_single_trial,H2_subject__tau,prefrontal,29,3480,0.9652298850574713,0.7985632183908047,0.2408042027777717,0.3087757356327571,0.2854915194677385,0.9568686222274793,0.7996327842039098,0.7973116282110893,0.2700307833473009,0.5809804110079352,0.5757133514822363
eeg_fnirs_single_trial,H2s_partial_pooling__neurovascular_gain,prefrontal,29,3480,0.964080459770115,0.7669540229885059,0.2512076398283609,0.31322261469506313,0.299818607306033,0.9454675102441512,0.8023997432036049,0.778065687152704,0.27306226934616423,0.5694415144307395,0.6058325569052992
eeg_fnirs_single_trial,H2s_partial_pooling__tau,prefrontal,29,3480,0.9652298850574713,0.7994252873563219,0.2408021978462934,0.30847779056685537,0.2857532078141071,0.9568839396443644,0.7999006844532282,0.7967239061684873,0.2700089290097902,0.5805901835173382,0.5765257555003174
eeg_fnirs_single_trial,H3_record__neurovascular_gain,prefrontal,29,2784,0.9935344827586206,0.7658045977011494,0.19116061925634567,0.33646243004395515,0.3163230424398392,0.960664370123228,0.7824356620500652,0.766198989742568,0.2154932011283627,0.5873590735682103,0.6142255404732482
eeg_fnirs_single_trial,H3_record__tau,prefrontal,29,2784,0.9931752873563218,0.7805316091954023,0.24304914184097612,0.3379164590673109,0.31297989317257374,0.9558335919718983,0.7924771734014023,0.7834381428304515,0.27218945132269795,0.5873812716281949,0.594438943916681
simultaneous_eeg_nirs,H0_fixed,prefrontal,26,2031,0.9990573152337858,0.7914574863304084,0.21575650315745376,0.3389840399639025,0.2921002602898579,0.964947623086727,0.7548539542692192,0.7666415082520852,0.23920489307651374,0.6332086042011196,0.6380582121754403
simultaneous_eeg_nirs,H1_dataset__neurovascular_gain,prefrontal,26,2031,0.9990337481146305,0.7986566171228895,0.23406159284862033,0.33235791629432765,0.28415815186239823,0.9590870912428258,0.7610354017166941,0.7756887225659269,0.2595663322193097,0.6266754212042619,0.6298728148821966
simultaneous_eeg_nirs,H1_dataset__tau,prefrontal,26,2031,0.9996229260935144,0.799351951821581,0.20680715217275603,0.33138635950402384,0.28822033403699576,0.9665828806318376,0.7650527543803306,0.7700897240272996,0.2299656465836764,0.6229667912199204,0.6214376542070377
simultaneous_eeg_nirs,H2_subject__neurovascular_gain,prefrontal,26,2031,0.9720627172273593,0.7664538371899305,0.21300492106108124,0.3280687912804226,0.2876243930282397,0.9585409872141519,0.7606004609730334,0.7675135476086576,0.23881315115579152,0.6177207292771848,0.6295372546718454
simultaneous_eeg_nirs,H2_subject__tau,prefrontal,26,2031,0.9728168650403306,0.7825634939086026,0.200128049044189,0.32570755353789305,0.2821673585005575,0.9683369903363711,0.7735504999378483,0.7750874535852729,0.2222339702851059,0.6134957465989288,0.6065008790960652
simultaneous_eeg_nirs,H2s_partial_pooling__neurovascular_gain,prefrontal,26,2031,0.9616849875401665,0.7577490272702868,0.21406192817447464,0.32970645338856447,0.28914875973759124,0.9588120284216548,0.7604904742138946,0.7672264680545078,0.23940583039963384,0.6179320240730974,0.6304574625273112
simultaneous_eeg_nirs,H2s_partial_pooling__tau,prefrontal,26,2031,0.9728168650403306,0.7825634939086026,0.20024972447309397,0.325669872905734,0.28211510491631286,0.9683171328760231,0.773539393614471,0.7752568674714002,0.222371321937566,0.6134629253770547,0.6064858903556128
simultaneous_eeg_nirs,H3_record__neurovascular_gain,prefrontal,26,1824,0.9987307834916289,0.7679007618097415,0.14635824583068857,0.3507018910358605,0.30252369568578963,0.9736580873087216,0.7396376035347022,0.7513204651959424,0.16707244334343502,0.6353800959828934,0.6327509679153037
simultaneous_eeg_nirs,H3_record__tau,prefrontal,26,1824,0.9980045492142265,0.7917475113924327,0.1981568823771577,0.3350969925328681,0.2955742887944167,0.9682317693151412,0.7661673336084271,0.7668173477774444,0.22212632542800984,0.6205506008541105,0.6220251492027373
visual_cognitive_motivation,H0_fixed,prefrontal,16,2548,0.9988658903908316,0.816085990302674,0.2759745940620947,0.2898432494482237,0.302612360107562,0.9439303562568837,0.8618574702538042,0.7807462465788657,0.3109768038982602,0.4970892767389643,0.6288623556016053
visual_cognitive_motivation,H1_dataset__neurovascular_gain,prefrontal,16,2548,0.9992469879518072,0.8329736629444607,0.3312282231154851,0.24296517417602825,0.27248959171998877,0.9232207348707699,0.8982706750354015,0.8112899205320216,0.368649512690825,0.4373144620174452,0.6013992524658435
visual_cognitive_motivation,H1_dataset__tau,prefrontal,16,2548,0.9988658903908316,0.8381896488392595,0.29070823958033487,0.28139416753012864,0.2898930808477539,0.9384102280635152,0.8671690786511644,0.7816169793664485,0.32667422553850445,0.4910077484725354,0.6391279569249855
visual_cognitive_motivation,H2_subject__neurovascular_gain,prefrontal,16,2538,0.9988567073170732,0.848609464393255,0.27419671362648756,0.25826464667066085,0.26203890547161346,0.9360488938413225,0.8732224243867227,0.8037876113969309,0.31145867429496094,0.46287328005918915,0.5736336727776967
visual_cognitive_motivation,H2_subject__tau,prefrontal,16,2538,0.9836128048780488,0.8283113143631436,0.2742287658683845,0.28330522625804144,0.2803885649730327,0.9417439332474429,0.8617473976273147,0.7934558508850655,0.31003579595277664,0.49247930075172114,0.5904000163555303
visual_cognitive_motivation,H2s_partial_pooling__neurovascular_gain,prefrontal,16,2538,0.9988567073170732,0.8493716595152062,0.2754715820939343,0.2578653700554729,0.26214103405680794,0.9359425153463823,0.8739589752211406,0.8037349165440318,0.31274854348025577,0.4621690250359429,0.5741978008447541
visual_cognitive_motivation,H2s_partial_pooling__tau,prefrontal,16,2538,0.9836128048780488,0.8286971168322794,0.27491980565897056,0.28299899801028866,0.28055652878778026,0.9416170091120537,0.8622783674547145,0.7937412060092593,0.31074197633373196,0.49203587893288525,0.5916391790626452
visual_cognitive_motivation,H3_record__neurovascular_gain,prefrontal,16,2386,0.9987870065789474,0.8020525378914057,0.23956259123560805,0.2831534287332436,0.28716785625809016,0.9439708601711434,0.8473342619832047,0.7835422195263062,0.2770099046508968,0.4888793985135811,0.5974608945820183
visual_cognitive_motivation,H3_record__tau,prefrontal,16,2386,0.98359375,0.8066882495003331,0.2712269111067583,0.2919943536406906,0.29193156719005664,0.9436204786969455,0.8594242799827652,0.7795692091515574,0.30548535915260777,0.496653750061424,0.60397414300152
