dataset,site,coordinate,repeat_kind,hierarchy,parameter,subjects,ICC_A1_log_parameter,lower,upper,valid_bootstraps,within_log_variance,between_log_variance,lower_above_06
eeg_fnirs_single_trial,motor,eeg_fnirs_single_trial__motor__outer0,independent_record_or_native_session,H2_subject,neurovascular_gain,6,0.6597681567375797,-0.7712171344691946,0.8087587662650954,1996,0.7719764448799488,1.8510888263960752,False
eeg_fnirs_single_trial,motor,eeg_fnirs_single_trial__motor__outer0,independent_record_or_native_session,H2_subject,tau,6,0.8699390136488193,0.5487369786264313,0.9033062159432304,2000,0.11884020606421429,0.8091856092058476,False
eeg_fnirs_single_trial,motor,eeg_fnirs_single_trial__motor__outer0,independent_record_or_native_session,H2s_partial_pooling,neurovascular_gain,6,0.6251378945583996,-0.9523480905795069,0.7944668669773461,2000,0.7611532101549879,1.6513071836456625,False
eeg_fnirs_single_trial,motor,eeg_fnirs_single_trial__motor__outer0,independent_record_or_native_session,H2s_partial_pooling,tau,6,0.8592900559708546,0.6281610652257967,0.9120255880867095,2000,0.09340549791158577,0.5897809492425152,True
eeg_fnirs_single_trial,motor,eeg_fnirs_single_trial__motor__outer1,independent_record_or_native_session,H2_subject,neurovascular_gain,6,0.9391147648669106,0.2942308715618045,0.9958381279221374,2000,0.12351381784960552,1.9441844024046357,False
eeg_fnirs_single_trial,motor,eeg_fnirs_single_trial__motor__outer1,independent_record_or_native_session,H2_subject,tau,6,0.9608115699445713,0.5069076460959225,0.9968181896434789,2000,0.031825624739764316,0.7992436251015567,False
eeg_fnirs_single_trial,motor,eeg_fnirs_single_trial__motor__outer1,independent_record_or_native_session,H2s_partial_pooling,neurovascular_gain,6,0.9469569271035232,0.29376642747425386,0.9960800088767817,2000,0.1069157637824918,1.9438002857968932,False
eeg_fnirs_single_trial,motor,eeg_fnirs_single_trial__motor__outer1,independent_record_or_native_session,H2s_partial_pooling,tau,6,0.959195772776334,0.3885027422050997,0.9965417825521821,2000,0.029743375487603654,0.7168224461613116,False
eeg_fnirs_single_trial,motor,eeg_fnirs_single_trial__motor__outer2,independent_record_or_native_session,H2_subject,neurovascular_gain,6,-0.1321748003565385,-0.8105859697765363,0.8289198339098781,1999,0.5605476852201442,0.26934473633408385,False
eeg_fnirs_single_trial,motor,eeg_fnirs_single_trial__motor__outer2,independent_record_or_native_session,H2_subject,tau,6,0.9833384911574473,0.8279209669596945,0.9974653000648755,2000,0.01539190647322808,0.9172493467851179,True
eeg_fnirs_single_trial,motor,eeg_fnirs_single_trial__motor__outer2,independent_record_or_native_session,H2s_partial_pooling,neurovascular_gain,6,0.3168788469910311,-0.5063628821635167,0.8055334684774393,2000,0.3440343885242076,0.3618133170642605,False
eeg_fnirs_single_trial,motor,eeg_fnirs_single_trial__motor__outer2,independent_record_or_native_session,H2s_partial_pooling,tau,6,0.9810130648591411,0.8534849689681467,0.9944456263308963,2000,0.01699682829790049,0.888379213619959,True
eeg_fnirs_single_trial,motor,eeg_fnirs_single_trial__motor__outer3,independent_record_or_native_session,H2_subject,neurovascular_gain,6,0.7783349324644971,-0.3594390018019949,0.963111968262408,2000,0.6830976095308824,2.701184466061778,False
eeg_fnirs_single_trial,motor,eeg_fnirs_single_trial__motor__outer3,independent_record_or_native_session,H2_subject,tau,6,0.7371761772910598,-0.35469650190244206,0.9575585181814861,2000,0.25920960387849673,0.8660707848349972,False
eeg_fnirs_single_trial,motor,eeg_fnirs_single_trial__motor__outer3,independent_record_or_native_session,H2s_partial_pooling,neurovascular_gain,5,0.7377345810973448,-0.9995958233613266,0.9802389987830125,2000,0.7242024890617859,2.408115271189953,False
eeg_fnirs_single_trial,motor,eeg_fnirs_single_trial__motor__outer3,independent_record_or_native_session,H2s_partial_pooling,tau,6,0.7518914217264091,-0.4745394113018974,0.9447860846927437,2000,0.1848696646255482,0.6619666706243652,False
eeg_fnirs_single_trial,motor,eeg_fnirs_single_trial__motor__outer4,independent_record_or_native_session,H2_subject,neurovascular_gain,5,0.9322201147748732,3.0712517342769687e-17,0.9629280906597587,1978,0.11741488618183053,1.6448227301456766,False
eeg_fnirs_single_trial,motor,eeg_fnirs_single_trial__motor__outer4,independent_record_or_native_session,H2_subject,tau,5,0.9159460998627311,0.5698071470508923,0.9577675421654099,1998,0.08914234355908926,1.0259242004246678,False
eeg_fnirs_single_trial,motor,eeg_fnirs_single_trial__motor__outer4,independent_record_or_native_session,H2s_partial_pooling,neurovascular_gain,5,0.9302577946540768,0.49225573856151034,0.9622660272531118,2000,0.09925267458177103,1.3425440680857217,False
eeg_fnirs_single_trial,motor,eeg_fnirs_single_trial__motor__outer4,independent_record_or_native_session,H2s_partial_pooling,tau,5,0.8974585071654414,0.5471785856031446,0.9527751887329531,2000,0.08172214353680084,0.7612748535243323,False
eeg_fnirs_single_trial,posterior,eeg_fnirs_single_trial__posterior__outer0,independent_record_or_native_session,H2_subject,neurovascular_gain,5,0.6257620033648247,-0.18102861842879928,0.9481420011780731,2000,0.11253211725619812,0.23447944580664076,False
eeg_fnirs_single_trial,posterior,eeg_fnirs_single_trial__posterior__outer0,independent_record_or_native_session,H2_subject,tau,5,0.40336812345249373,-0.8086786200919006,0.5107797898315207,2000,0.12629450419242622,0.12566862074832708,False
eeg_fnirs_single_trial,posterior,eeg_fnirs_single_trial__posterior__outer0,independent_record_or_native_session,H2s_partial_pooling,neurovascular_gain,5,0.6243072777045914,-0.1881239970625936,0.9505732777819588,2000,0.1097468763904121,0.22780364422243057,False
eeg_fnirs_single_trial,posterior,eeg_fnirs_single_trial__posterior__outer0,independent_record_or_native_session,H2s_partial_pooling,tau,5,0.4043399817399077,-0.8238435541971076,0.5119224764895222,2000,0.1202774511154947,0.12071728489402248,False
eeg_fnirs_single_trial,posterior,eeg_fnirs_single_trial__posterior__outer1,independent_record_or_native_session,H2_subject,neurovascular_gain,6,0.9495467588428392,0.12178863801716465,0.9667637970072545,1970,0.057051211157630226,1.1079292067262068,False
eeg_fnirs_single_trial,posterior,eeg_fnirs_single_trial__posterior__outer1,independent_record_or_native_session,H2_subject,tau,6,0.8878832538072073,0.5950216234059879,0.9565665638397557,1998,0.08774106457929903,0.7345776144045996,False
eeg_fnirs_single_trial,posterior,eeg_fnirs_single_trial__posterior__outer1,independent_record_or_native_session,H2s_partial_pooling,neurovascular_gain,6,0.956371108118945,0.313737543626814,0.9644883410227906,1998,0.04629725760828932,1.0426000247137726,False
eeg_fnirs_single_trial,posterior,eeg_fnirs_single_trial__posterior__outer1,independent_record_or_native_session,H2s_partial_pooling,tau,6,0.9070021812230898,0.6683902200000759,0.9634481134775462,1998,0.0693272341440026,0.7089683269562645,True
eeg_fnirs_single_trial,posterior,eeg_fnirs_single_trial__posterior__outer2,independent_record_or_native_session,H2_subject,neurovascular_gain,6,0.8140532077688162,0.0,0.999903029242748,1967,0.409854994456722,1.9690807895879456,False
eeg_fnirs_single_trial,posterior,eeg_fnirs_single_trial__posterior__outer2,independent_record_or_native_session,H2_subject,tau,6,0.8300360574150047,0.1620888567982799,0.9947969694145191,2000,0.15944121480106418,0.8650845747561451,False
eeg_fnirs_single_trial,posterior,eeg_fnirs_single_trial__posterior__outer2,independent_record_or_native_session,H2s_partial_pooling,neurovascular_gain,6,0.8366554402859098,-0.08112275682021888,0.9886171849704769,2000,0.3169209424639458,1.7809482798118315,False
eeg_fnirs_single_trial,posterior,eeg_fnirs_single_trial__posterior__outer2,independent_record_or_native_session,H2s_partial_pooling,tau,6,0.8081862075743298,0.111006114910925,0.994289202323978,2000,0.18204461599709565,0.8659349269934096,False
eeg_fnirs_single_trial,posterior,eeg_fnirs_single_trial__posterior__outer3,independent_record_or_native_session,H2_subject,neurovascular_gain,6,0.8194377527173382,-0.0228826745175748,0.9881601534136498,1971,0.17014730366623274,0.8727568341233825,False
eeg_fnirs_single_trial,posterior,eeg_fnirs_single_trial__posterior__outer3,independent_record_or_native_session,H2_subject,tau,6,0.15644774507845205,-0.8545661808742437,0.9272570486545084,1997,0.23289343223978068,0.17800338267497567,False
eeg_fnirs_single_trial,posterior,eeg_fnirs_single_trial__posterior__outer3,independent_record_or_native_session,H2s_partial_pooling,neurovascular_gain,6,0.7152239287817614,-0.32069816189387096,0.9675604017299928,2000,0.2211914800685877,0.6765257190167742,False
eeg_fnirs_single_trial,posterior,eeg_fnirs_single_trial__posterior__outer3,independent_record_or_native_session,H2s_partial_pooling,tau,6,0.23272698729953908,-0.9283969118454323,0.9489357795582658,2000,0.23997442810956995,0.21229378471130111,False
eeg_fnirs_single_trial,posterior,eeg_fnirs_single_trial__posterior__outer4,independent_record_or_native_session,H2_subject,neurovascular_gain,5,0.11124185144654848,-0.3209597965583251,0.9274241093976048,1967,0.904122338604043,0.5807579669445143,False
eeg_fnirs_single_trial,posterior,eeg_fnirs_single_trial__posterior__outer4,independent_record_or_native_session,H2_subject,tau,5,0.9795195653154869,3.700953592017535e-16,0.9946454612264894,1967,0.026927481015973132,1.2960926963287915,False
eeg_fnirs_single_trial,posterior,eeg_fnirs_single_trial__posterior__outer4,independent_record_or_native_session,H2s_partial_pooling,neurovascular_gain,5,0.08263246508216913,-0.3709446380376111,0.8962300492716141,1967,0.8925678239741668,0.5463895451896225,False
eeg_fnirs_single_trial,posterior,eeg_fnirs_single_trial__posterior__outer4,independent_record_or_native_session,H2s_partial_pooling,tau,5,0.9725148806081371,0.31648725786589565,0.9913179388692258,1967,0.034601515376816314,1.2347297491075868,False
eeg_fnirs_single_trial,prefrontal,eeg_fnirs_single_trial__prefrontal__outer0,independent_record_or_native_session,H2_subject,neurovascular_gain,5,0.7454511999201984,-0.06660375442127416,0.9013716056189168,2000,0.5952895157022748,1.9018268758858214,False
eeg_fnirs_single_trial,prefrontal,eeg_fnirs_single_trial__prefrontal__outer0,independent_record_or_native_session,H2_subject,tau,6,0.9265966996379752,0.05224248928754889,0.9540605937554761,2000,0.03137075953157167,0.41476107673260454,False
eeg_fnirs_single_trial,prefrontal,eeg_fnirs_single_trial__prefrontal__outer0,independent_record_or_native_session,H2s_partial_pooling,neurovascular_gain,5,0.7630610655854965,-0.02476656731390308,0.8975287869272436,2000,0.5295155135856419,1.8382137355475425,False
eeg_fnirs_single_trial,prefrontal,eeg_fnirs_single_trial__prefrontal__outer0,independent_record_or_native_session,H2s_partial_pooling,tau,6,0.9282840323819356,0.0633707249159076,0.9536721336181097,2000,0.029776572204714784,0.4031990887311955,False
eeg_fnirs_single_trial,prefrontal,eeg_fnirs_single_trial__prefrontal__outer1,independent_record_or_native_session,H2_subject,neurovascular_gain,6,0.6865673294636904,0.03807051422268045,0.9839004593774834,2000,0.031770596299726804,0.08241160539528036,False
eeg_fnirs_single_trial,prefrontal,eeg_fnirs_single_trial__prefrontal__outer1,independent_record_or_native_session,H2_subject,tau,6,0.9713574963505003,0.7294192760598932,0.9982156245602946,2000,0.007405938307961716,0.25559806658812506,True
eeg_fnirs_single_trial,prefrontal,eeg_fnirs_single_trial__prefrontal__outer1,independent_record_or_native_session,H2s_partial_pooling,neurovascular_gain,6,0.6765292310868832,0.02211801689150231,0.9844898622410063,2000,0.032432500099273835,0.08095925055674903,False
eeg_fnirs_single_trial,prefrontal,eeg_fnirs_single_trial__prefrontal__outer1,independent_record_or_native_session,H2s_partial_pooling,tau,6,0.9720438445873874,0.7367220314183625,0.9982338113618308,2000,0.006729908316847493,0.2380359836434845,True
eeg_fnirs_single_trial,prefrontal,eeg_fnirs_single_trial__prefrontal__outer2,independent_record_or_native_session,H2_subject,neurovascular_gain,6,0.6066656105886848,0.0941993740184843,0.9385519372387972,2000,0.41903617888437755,0.8243002068038873,False
eeg_fnirs_single_trial,prefrontal,eeg_fnirs_single_trial__prefrontal__outer2,independent_record_or_native_session,H2_subject,tau,6,0.4443999937146733,-0.22635222756863768,0.7472948227986089,2000,0.09333897509378879,0.12850732511690743,False
eeg_fnirs_single_trial,prefrontal,eeg_fnirs_single_trial__prefrontal__outer2,independent_record_or_native_session,H2s_partial_pooling,neurovascular_gain,6,0.6041427665190101,0.08992673495667285,0.9385122870156316,2000,0.39769462655243265,0.7786212946053949,False
eeg_fnirs_single_trial,prefrontal,eeg_fnirs_single_trial__prefrontal__outer2,independent_record_or_native_session,H2s_partial_pooling,tau,6,0.4340191395545865,-0.26199675414859686,0.7442438703575109,2000,0.08943551647714316,0.1200342859364792,False
eeg_fnirs_single_trial,prefrontal,eeg_fnirs_single_trial__prefrontal__outer3,independent_record_or_native_session,H2_subject,neurovascular_gain,5,-0.48433843525212145,-0.6292647222298408,0.8820863655861012,2000,1.8495836800717136,0.27435030759360557,False
eeg_fnirs_single_trial,prefrontal,eeg_fnirs_single_trial__prefrontal__outer3,independent_record_or_native_session,H2_subject,tau,5,0.6004312028393526,-0.4880792990742099,0.9271878985463051,2000,0.09757050255845769,0.1982955647122362,False
eeg_fnirs_single_trial,prefrontal,eeg_fnirs_single_trial__prefrontal__outer3,independent_record_or_native_session,H2s_partial_pooling,neurovascular_gain,5,-0.4800073870584915,-0.6190711806782531,0.8818614043141056,2000,1.825802875709566,0.27613885179932396,False
eeg_fnirs_single_trial,prefrontal,eeg_fnirs_single_trial__prefrontal__outer3,independent_record_or_native_session,H2s_partial_pooling,tau,5,0.639535386935447,-0.5007387987143248,0.9202728306502337,2000,0.07976589863758929,0.18523456338294472,False
eeg_fnirs_single_trial,prefrontal,eeg_fnirs_single_trial__prefrontal__outer4,independent_record_or_native_session,H2_subject,neurovascular_gain,5,-0.5250347855990428,-1.3659146541423426,0.7694525907367161,2000,2.168197470229972,0.5995130613497875,False
eeg_fnirs_single_trial,prefrontal,eeg_fnirs_single_trial__prefrontal__outer4,independent_record_or_native_session,H2_subject,tau,5,0.6649618903818861,-1.1207815631870093,0.9095517128987609,2000,0.0853985792633194,0.22185872959964642,False
eeg_fnirs_single_trial,prefrontal,eeg_fnirs_single_trial__prefrontal__outer4,independent_record_or_native_session,H2s_partial_pooling,neurovascular_gain,5,-0.6124600108602052,-1.445022600823834,0.8517964379497375,2000,2.003974752904029,0.48853487508834315,False
eeg_fnirs_single_trial,prefrontal,eeg_fnirs_single_trial__prefrontal__outer4,independent_record_or_native_session,H2s_partial_pooling,tau,5,0.6856128061244072,-1.1067762262193561,0.912057902664338,2000,0.07652643302586982,0.2140107353217086,False
simultaneous_eeg_nirs,motor,simultaneous_eeg_nirs__motor__outer0,independent_record_or_native_session,H2_subject,neurovascular_gain,6,0.9631064776748954,0.7240237214320668,0.9951851319106259,2000,0.04270136721515922,1.1378209428860544,True
simultaneous_eeg_nirs,motor,simultaneous_eeg_nirs__motor__outer0,independent_record_or_native_session,H2_subject,tau,6,0.8193851845399311,0.31067991977936543,0.9684218663054595,2000,0.032422851140348756,0.16576937998969435,False
simultaneous_eeg_nirs,motor,simultaneous_eeg_nirs__motor__outer0,independent_record_or_native_session,H2s_partial_pooling,neurovascular_gain,6,0.9606688511634079,0.771119663196108,0.9907855264628254,2000,0.02812717123610085,0.7027582711186182,True
simultaneous_eeg_nirs,motor,simultaneous_eeg_nirs__motor__outer0,independent_record_or_native_session,H2s_partial_pooling,tau,6,0.8003119862337345,0.3043543198991179,0.9675648253503814,2000,0.02912169601350846,0.13332412024149867,False
simultaneous_eeg_nirs,motor,simultaneous_eeg_nirs__motor__outer1,independent_record_or_native_session,H2_subject,neurovascular_gain,4,0.7607163518099922,-0.255430257886713,0.8774241214134139,2000,0.5190064533263661,1.9719525419297124,False
simultaneous_eeg_nirs,motor,simultaneous_eeg_nirs__motor__outer1,independent_record_or_native_session,H2_subject,tau,5,0.9362067042185553,0.3445858078794035,0.986323543912459,2000,0.07408816553061709,1.1103632410452389,False
simultaneous_eeg_nirs,motor,simultaneous_eeg_nirs__motor__outer1,independent_record_or_native_session,H2s_partial_pooling,neurovascular_gain,5,0.7999358108976321,-0.19347137760211294,0.9562824833269786,2000,0.35991367564148563,1.6448365892839445,False
simultaneous_eeg_nirs,motor,simultaneous_eeg_nirs__motor__outer1,independent_record_or_native_session,H2s_partial_pooling,tau,5,0.9178731888554882,0.28119699645336504,0.9865049024365075,2000,0.08785182931569144,1.0096254897364794,False
simultaneous_eeg_nirs,motor,simultaneous_eeg_nirs__motor__outer2,independent_record_or_native_session,H2_subject,neurovascular_gain,5,0.3501243170787149,-1.3056308032550066,0.8826694662002367,2000,0.9226356098893695,1.0105513227101477,False
simultaneous_eeg_nirs,motor,simultaneous_eeg_nirs__motor__outer2,independent_record_or_native_session,H2_subject,tau,5,0.6534470455271711,-0.7638879072109945,0.9216849117502655,2000,0.14358984183385576,0.33901101093940006,False
simultaneous_eeg_nirs,motor,simultaneous_eeg_nirs__motor__outer2,independent_record_or_native_session,H2s_partial_pooling,neurovascular_gain,5,0.5144178828332379,-0.7841349994026752,0.9648825362827301,2000,0.3596481827003153,0.5734884007129853,False
simultaneous_eeg_nirs,motor,simultaneous_eeg_nirs__motor__outer2,independent_record_or_native_session,H2s_partial_pooling,tau,5,0.5567161590736266,-0.7625229269486891,0.90448238382642,2000,0.11563610715659842,0.20480215845336477,False
simultaneous_eeg_nirs,motor,simultaneous_eeg_nirs__motor__outer3,independent_record_or_native_session,H2_subject,neurovascular_gain,5,0.805854732527817,0.14896878477124642,0.9134616066539545,2000,0.1447652524580207,0.6910030317369196,False
simultaneous_eeg_nirs,motor,simultaneous_eeg_nirs__motor__outer3,independent_record_or_native_session,H2_subject,tau,5,0.5569352098358785,-0.1456889454036925,0.6310655400430206,2000,0.23910591823604666,0.38183904276721947,False
simultaneous_eeg_nirs,motor,simultaneous_eeg_nirs__motor__outer3,independent_record_or_native_session,H2s_partial_pooling,neurovascular_gain,5,0.8172097842525349,0.23042902583453545,0.9275800523070924,2000,0.12287831613002234,0.6255944959149877,False
simultaneous_eeg_nirs,motor,simultaneous_eeg_nirs__motor__outer3,independent_record_or_native_session,H2s_partial_pooling,tau,5,0.5751402613245182,-0.20174465342291686,0.6454603574814389,2000,0.18047713145907318,0.3053765722209075,False
simultaneous_eeg_nirs,motor,simultaneous_eeg_nirs__motor__outer4,independent_record_or_native_session,H2_subject,neurovascular_gain,4,0.9794379646819883,0.03676021452796351,0.999733592501134,2000,0.014692370360697468,0.7080140658207005,False
simultaneous_eeg_nirs,motor,simultaneous_eeg_nirs__motor__outer4,independent_record_or_native_session,H2_subject,tau,5,0.7760736675348191,0.25836193660659595,0.9948944033720182,2000,0.08402642654394357,0.3244360531135594,False
simultaneous_eeg_nirs,motor,simultaneous_eeg_nirs__motor__outer4,independent_record_or_native_session,H2s_partial_pooling,neurovascular_gain,4,0.9787848336798801,0.026493931302634614,0.9996662972763679,2000,0.01456535585584989,0.6800526426943846,False
simultaneous_eeg_nirs,motor,simultaneous_eeg_nirs__motor__outer4,independent_record_or_native_session,H2s_partial_pooling,tau,5,0.7734716577366942,0.2483864249367857,0.9950528669041044,2000,0.08330567062626351,0.31752720513207633,False
simultaneous_eeg_nirs,posterior,simultaneous_eeg_nirs__posterior__outer0,independent_record_or_native_session,H2_subject,neurovascular_gain,6,0.7690825634308137,0.38560878677054455,0.9788783809729028,2000,0.2733588089341197,1.0456284526629636,False
simultaneous_eeg_nirs,posterior,simultaneous_eeg_nirs__posterior__outer0,independent_record_or_native_session,H2_subject,tau,6,0.7206522062185443,0.14726483718657063,0.8502347177383724,2000,0.10299228033012504,0.30626023986805884,False
simultaneous_eeg_nirs,posterior,simultaneous_eeg_nirs__posterior__outer0,independent_record_or_native_session,H2s_partial_pooling,neurovascular_gain,6,0.771237586495616,0.38242981628659256,0.9770425510165869,2000,0.2649999606930246,1.022279762326198,False
simultaneous_eeg_nirs,posterior,simultaneous_eeg_nirs__posterior__outer0,independent_record_or_native_session,H2s_partial_pooling,tau,6,0.7323046235721189,0.17654956343019512,0.8556962435491432,2000,0.0923926844680813,0.28891967151980424,False
simultaneous_eeg_nirs,posterior,simultaneous_eeg_nirs__posterior__outer1,independent_record_or_native_session,H2_subject,neurovascular_gain,5,0.2520534273916052,-0.45457671491829177,0.9990607198341273,1967,0.6342939838914774,0.5467887345347943,False
simultaneous_eeg_nirs,posterior,simultaneous_eeg_nirs__posterior__outer1,independent_record_or_native_session,H2_subject,tau,5,0.18639028509237313,-1.0694913352788722,0.525973782796889,2000,0.14617104410656834,0.12343683244503025,False
simultaneous_eeg_nirs,posterior,simultaneous_eeg_nirs__posterior__outer1,independent_record_or_native_session,H2s_partial_pooling,neurovascular_gain,5,0.47393400707097183,-0.5201045856262762,0.951160160343574,2000,0.3556989424280994,0.5382819288872696,False
simultaneous_eeg_nirs,posterior,simultaneous_eeg_nirs__posterior__outer1,independent_record_or_native_session,H2s_partial_pooling,tau,5,0.2350043710336833,-0.7399118165343516,0.629272100152563,2000,0.12115126323268999,0.11184750442188979,False
simultaneous_eeg_nirs,posterior,simultaneous_eeg_nirs__posterior__outer2,independent_record_or_native_session,H2_subject,neurovascular_gain,5,0.9944815520652991,0.8465523757463992,0.9993079176098365,1998,0.015984570579804187,2.8903334339573865,True
simultaneous_eeg_nirs,posterior,simultaneous_eeg_nirs__posterior__outer2,independent_record_or_native_session,H2_subject,tau,5,0.9811221311234977,0.6809967075233547,0.995592657580741,1998,0.018309501424512438,0.9616704899228301,True
simultaneous_eeg_nirs,posterior,simultaneous_eeg_nirs__posterior__outer2,independent_record_or_native_session,H2s_partial_pooling,neurovascular_gain,5,0.993757933421903,0.8466867446839714,0.9991754318418167,2000,0.015738278302483557,2.515228889458718,True
simultaneous_eeg_nirs,posterior,simultaneous_eeg_nirs__posterior__outer2,independent_record_or_native_session,H2s_partial_pooling,tau,5,0.9781181554023102,0.6928751060646225,0.9925346011048074,2000,0.017889938592151523,0.8082867580784999,True
simultaneous_eeg_nirs,posterior,simultaneous_eeg_nirs__posterior__outer3,independent_record_or_native_session,H2_subject,neurovascular_gain,5,0.6640517942774329,0.0,0.9932050402122994,2000,0.9451144728974871,2.4288997340655696,False
simultaneous_eeg_nirs,posterior,simultaneous_eeg_nirs__posterior__outer3,independent_record_or_native_session,H2_subject,tau,5,0.9805729971490017,0.6799327925966094,0.999971565573633,2000,0.0183536368395876,0.9378193225845591,True
simultaneous_eeg_nirs,posterior,simultaneous_eeg_nirs__posterior__outer3,independent_record_or_native_session,H2s_partial_pooling,neurovascular_gain,5,0.671337183698063,-0.018750208364990077,0.9920826997003245,2000,0.8267088621064114,2.1858081757826033,False
simultaneous_eeg_nirs,posterior,simultaneous_eeg_nirs__posterior__outer3,independent_record_or_native_session,H2s_partial_pooling,tau,5,0.9815278566358058,0.687947967174753,0.9999373161771752,2000,0.01711860817933961,0.9202718724923808,True
simultaneous_eeg_nirs,posterior,simultaneous_eeg_nirs__posterior__outer4,independent_record_or_native_session,H2_subject,neurovascular_gain,5,0.9453990452719702,-0.6304521821498935,0.9996307318417617,2000,0.23270970357456083,4.1746073372585775,False
simultaneous_eeg_nirs,posterior,simultaneous_eeg_nirs__posterior__outer4,independent_record_or_native_session,H2_subject,tau,5,0.951080920708828,0.5593549016367728,0.9719504632941929,2000,0.05480276338459898,1.0932971845622403,False
simultaneous_eeg_nirs,posterior,simultaneous_eeg_nirs__posterior__outer4,independent_record_or_native_session,H2s_partial_pooling,neurovascular_gain,5,0.9422266449863784,-0.5946550478988475,0.9897689844940043,2000,0.21882367722123708,3.694989220600756,False
simultaneous_eeg_nirs,posterior,simultaneous_eeg_nirs__posterior__outer4,independent_record_or_native_session,H2s_partial_pooling,tau,5,0.9531331075072885,0.593991365184369,0.9809595961517797,2000,0.04197419052931001,0.8777980397948036,False
simultaneous_eeg_nirs,prefrontal,simultaneous_eeg_nirs__prefrontal__outer0,independent_record_or_native_session,H2_subject,neurovascular_gain,5,0.7893630362757869,-0.07510699934482022,0.8635207720768108,2000,0.1863433445057831,0.755339105333251,False
simultaneous_eeg_nirs,prefrontal,simultaneous_eeg_nirs__prefrontal__outer0,independent_record_or_native_session,H2_subject,tau,5,0.8047004659640291,0.1438503836627416,0.8936614730666405,2000,0.044584436220199246,0.20900281941429216,False
simultaneous_eeg_nirs,prefrontal,simultaneous_eeg_nirs__prefrontal__outer0,independent_record_or_native_session,H2s_partial_pooling,neurovascular_gain,5,0.8166922243983233,-0.09128205649377577,0.8773451632668875,2000,0.14219935691791202,0.6807644537302143,False
simultaneous_eeg_nirs,prefrontal,simultaneous_eeg_nirs__prefrontal__outer0,independent_record_or_native_session,H2s_partial_pooling,tau,5,0.7973840608619507,0.1381987407681254,0.8736735195635406,2000,0.04416070815710595,0.19749567647352007,False
simultaneous_eeg_nirs,prefrontal,simultaneous_eeg_nirs__prefrontal__outer1,independent_record_or_native_session,H2_subject,neurovascular_gain,5,0.8020694995374408,0.020729248048843147,0.9911355618960687,2000,0.17168523515374734,0.7550741132731451,False
simultaneous_eeg_nirs,prefrontal,simultaneous_eeg_nirs__prefrontal__outer1,independent_record_or_native_session,H2_subject,tau,5,0.6137324067675974,-1.328936822891864,0.8888700282955266,2000,0.022946691301672588,0.05010743226823114,False
simultaneous_eeg_nirs,prefrontal,simultaneous_eeg_nirs__prefrontal__outer1,independent_record_or_native_session,H2s_partial_pooling,neurovascular_gain,5,0.6423584740565317,-0.14093734990394335,0.9361935044179663,2000,0.19476819878014529,0.4611970857201067,False
simultaneous_eeg_nirs,prefrontal,simultaneous_eeg_nirs__prefrontal__outer1,independent_record_or_native_session,H2s_partial_pooling,tau,5,0.5100917708934458,-1.3415785442275163,0.8646026101518757,2000,0.028946989491095903,0.04684196162363786,False
simultaneous_eeg_nirs,prefrontal,simultaneous_eeg_nirs__prefrontal__outer2,independent_record_or_native_session,H2_subject,neurovascular_gain,5,-0.3045995656778736,-1.0929988909347705,0.8523944520523251,2000,0.8851976912096816,0.3312573842978902,False
simultaneous_eeg_nirs,prefrontal,simultaneous_eeg_nirs__prefrontal__outer2,independent_record_or_native_session,H2_subject,tau,5,0.013107330201812551,-1.25157569720328,0.9656982585657129,2000,0.08958843265102343,0.0548506253546319,False
simultaneous_eeg_nirs,prefrontal,simultaneous_eeg_nirs__prefrontal__outer2,independent_record_or_native_session,H2s_partial_pooling,neurovascular_gain,4,0.43798211764892936,-0.3680599673216151,0.8588034876140902,2000,0.2895055280491222,0.382441636154023,False
simultaneous_eeg_nirs,prefrontal,simultaneous_eeg_nirs__prefrontal__outer2,independent_record_or_native_session,H2s_partial_pooling,tau,5,0.012228207587154266,-1.2483534031546033,0.9618231043817607,2000,0.08656785878150342,0.05302672729688179,False
simultaneous_eeg_nirs,prefrontal,simultaneous_eeg_nirs__prefrontal__outer3,independent_record_or_native_session,H2_subject,neurovascular_gain,5,0.7441680295092639,-0.20223992639731844,0.9618628719957063,2000,0.17930080125574746,0.6336145079801877,False
simultaneous_eeg_nirs,prefrontal,simultaneous_eeg_nirs__prefrontal__outer3,independent_record_or_native_session,H2_subject,tau,5,0.6604722012006624,-0.2310694906075159,0.8380558225761631,2000,0.18198026947808024,0.4403687764680818,False
simultaneous_eeg_nirs,prefrontal,simultaneous_eeg_nirs__prefrontal__outer3,independent_record_or_native_session,H2s_partial_pooling,neurovascular_gain,5,0.7297749265968907,-0.20340552977285387,0.9607314299782026,2000,0.17393089864982825,0.5784273239671321,False
simultaneous_eeg_nirs,prefrontal,simultaneous_eeg_nirs__prefrontal__outer3,independent_record_or_native_session,H2s_partial_pooling,tau,5,0.6494368646209888,-0.25730531506137716,0.8423751764201678,2000,0.17064520404658384,0.39934736096878076,False
simultaneous_eeg_nirs,prefrontal,simultaneous_eeg_nirs__prefrontal__outer4,independent_record_or_native_session,H2_subject,neurovascular_gain,5,0.5302109873765931,-0.2357864200471593,0.7142954307292987,2000,0.5260971996108764,0.8274356582877469,False
simultaneous_eeg_nirs,prefrontal,simultaneous_eeg_nirs__prefrontal__outer4,independent_record_or_native_session,H2_subject,tau,5,0.14040882903181504,-0.5729095819742981,0.4285241685418592,2000,0.18750631222743616,0.14665253412581955,False
simultaneous_eeg_nirs,prefrontal,simultaneous_eeg_nirs__prefrontal__outer4,independent_record_or_native_session,H2s_partial_pooling,neurovascular_gain,5,0.5332169285832907,-0.23220393254696073,0.7163140955621368,2000,0.5056788918574047,0.8021788735096704,False
simultaneous_eeg_nirs,prefrontal,simultaneous_eeg_nirs__prefrontal__outer4,independent_record_or_native_session,H2s_partial_pooling,tau,5,0.12475884875181041,-0.6197603643410261,0.44497900884780683,2000,0.18163608422927496,0.13825762298676392,False
visual_cognitive_motivation,motor,visual_cognitive_motivation__motor__outer0,independent_record_or_native_session,H2_subject,neurovascular_gain,3,0.4073615977951653,-0.1625216831107241,0.6960462040168495,2000,0.3937797630005135,0.546249788713073,False
visual_cognitive_motivation,motor,visual_cognitive_motivation__motor__outer0,independent_record_or_native_session,H2_subject,tau,3,0.663354232468418,-1.3278005497503684,0.9782642451909375,2000,0.41772321462648093,1.0245492964086191,False
visual_cognitive_motivation,motor,visual_cognitive_motivation__motor__outer0,independent_record_or_native_session,H2s_partial_pooling,neurovascular_gain,3,0.39098115871805145,-0.11330121766889995,0.6275751018216873,2000,0.3921581957994689,0.5333145201534283,False
visual_cognitive_motivation,motor,visual_cognitive_motivation__motor__outer0,independent_record_or_native_session,H2s_partial_pooling,tau,3,0.8045490621863476,-1.6891535744219246,0.9789068870614419,2000,0.18133318953219427,0.8312530052033176,False
visual_cognitive_motivation,motor,visual_cognitive_motivation__motor__outer0,within_record_disjoint_blocks,H2_subject,neurovascular_gain,1,,,,0,0.04657727995858528,,False
visual_cognitive_motivation,motor,visual_cognitive_motivation__motor__outer0,within_record_disjoint_blocks,H2_subject,tau,1,,,,0,0.001178206659853913,,False
visual_cognitive_motivation,motor,visual_cognitive_motivation__motor__outer0,within_record_disjoint_blocks,H2s_partial_pooling,neurovascular_gain,1,,,,0,0.043055115009164945,,False
visual_cognitive_motivation,motor,visual_cognitive_motivation__motor__outer0,within_record_disjoint_blocks,H2s_partial_pooling,tau,1,,,,0,0.0009741416124330232,,False
visual_cognitive_motivation,motor,visual_cognitive_motivation__motor__outer1,independent_record_or_native_session,H2_subject,neurovascular_gain,3,0.892633806706531,-8.523656051374003e-33,0.9335722660479452,2000,0.1832599247295836,1.6311158173858822,False
visual_cognitive_motivation,motor,visual_cognitive_motivation__motor__outer1,independent_record_or_native_session,H2_subject,tau,3,0.9178315745250905,0.0,0.992566535013268,1919,0.08292929909651747,0.9549634508728659,False
visual_cognitive_motivation,motor,visual_cognitive_motivation__motor__outer1,independent_record_or_native_session,H2s_partial_pooling,neurovascular_gain,3,0.8909244716209259,-9.04745395403114e-31,0.9487384276118984,2000,0.15344410036736725,1.3266439495798572,False
visual_cognitive_motivation,motor,visual_cognitive_motivation__motor__outer1,independent_record_or_native_session,H2s_partial_pooling,tau,3,0.9364910676049787,0.0,0.9956699381101294,1919,0.06740977410610045,1.0185296631952852,False
visual_cognitive_motivation,motor,visual_cognitive_motivation__motor__outer2,independent_record_or_native_session,H2_subject,neurovascular_gain,2,,,,0,0.031136902943066203,4.4475328491860875,False
visual_cognitive_motivation,motor,visual_cognitive_motivation__motor__outer2,independent_record_or_native_session,H2_subject,tau,2,,,,0,0.24571633983236738,0.5576089015091469,False
visual_cognitive_motivation,motor,visual_cognitive_motivation__motor__outer2,independent_record_or_native_session,H2s_partial_pooling,neurovascular_gain,2,,,,0,0.027331958291162244,3.1595142324123486,False
visual_cognitive_motivation,motor,visual_cognitive_motivation__motor__outer2,independent_record_or_native_session,H2s_partial_pooling,tau,2,,,,0,0.18621971080531916,0.21241861357304875,False
visual_cognitive_motivation,motor,visual_cognitive_motivation__motor__outer2,within_record_disjoint_blocks,H2_subject,neurovascular_gain,1,,,,0,0.9842599598081618,,False
visual_cognitive_motivation,motor,visual_cognitive_motivation__motor__outer2,within_record_disjoint_blocks,H2_subject,tau,1,,,,0,0.850629519707666,,False
visual_cognitive_motivation,motor,visual_cognitive_motivation__motor__outer2,within_record_disjoint_blocks,H2s_partial_pooling,neurovascular_gain,1,,,,0,0.9626664948289843,,False
visual_cognitive_motivation,motor,visual_cognitive_motivation__motor__outer2,within_record_disjoint_blocks,H2s_partial_pooling,tau,1,,,,0,0.8181622083724936,,False
visual_cognitive_motivation,motor,visual_cognitive_motivation__motor__outer3,independent_record_or_native_session,H2_subject,neurovascular_gain,2,,,,0,0.1616104015273987,0.5712347797946181,False
visual_cognitive_motivation,motor,visual_cognitive_motivation__motor__outer3,independent_record_or_native_session,H2_subject,tau,3,0.9810678531205693,0.0,0.9944381269504733,1919,0.031542671504710955,1.6458514443534158,False
visual_cognitive_motivation,motor,visual_cognitive_motivation__motor__outer3,independent_record_or_native_session,H2s_partial_pooling,neurovascular_gain,2,,,,0,0.1316893952809132,0.5249327341562476,False
visual_cognitive_motivation,motor,visual_cognitive_motivation__motor__outer3,independent_record_or_native_session,H2s_partial_pooling,tau,3,0.9750364907441482,0.0,0.9950895619560597,1919,0.040715485932854796,1.6059665917442505,False
visual_cognitive_motivation,motor,visual_cognitive_motivation__motor__outer4,within_record_disjoint_blocks,H2_subject,neurovascular_gain,3,0.4032098730767409,-0.21683527834226204,0.9832241422201872,2000,0.927590460219421,1.1789300439312789,False
visual_cognitive_motivation,motor,visual_cognitive_motivation__motor__outer4,within_record_disjoint_blocks,H2_subject,tau,3,-0.28599210178901535,-1.7440769587139726,0.047838676498545535,2000,0.9483921223450432,0.15619369795377996,False
visual_cognitive_motivation,motor,visual_cognitive_motivation__motor__outer4,within_record_disjoint_blocks,H2s_partial_pooling,neurovascular_gain,3,0.2967925891895176,-0.45890554118587884,0.9843230533294544,2000,0.9522070452019928,0.9580857966158574,False
visual_cognitive_motivation,motor,visual_cognitive_motivation__motor__outer4,within_record_disjoint_blocks,H2s_partial_pooling,tau,3,-0.5206553567525025,-1.8584965361002488,0.0,2000,0.8346456333951338,0.07544256802683198,False
visual_cognitive_motivation,posterior__montage0,visual_cognitive_motivation__posterior__montage0__outer0,independent_record_or_native_session,H2_subject,neurovascular_gain,2,,,,0,0.35281148127120215,0.5281497938410596,False
visual_cognitive_motivation,posterior__montage0,visual_cognitive_motivation__posterior__montage0__outer0,independent_record_or_native_session,H2_subject,tau,2,,,,0,0.7024540154415975,0.09482200517350545,False
visual_cognitive_motivation,posterior__montage0,visual_cognitive_motivation__posterior__montage0__outer0,independent_record_or_native_session,H2s_partial_pooling,neurovascular_gain,2,,,,0,0.34372501748155393,0.511447110310783,False
visual_cognitive_motivation,posterior__montage0,visual_cognitive_motivation__posterior__montage0__outer0,independent_record_or_native_session,H2s_partial_pooling,tau,2,,,,0,0.6650801595357214,0.10097300771115407,False
visual_cognitive_motivation,posterior__montage0,visual_cognitive_motivation__posterior__montage0__outer0,within_record_disjoint_blocks,H2_subject,neurovascular_gain,1,,,,0,2.0149390908505453,,False
visual_cognitive_motivation,posterior__montage0,visual_cognitive_motivation__posterior__montage0__outer0,within_record_disjoint_blocks,H2_subject,tau,1,,,,0,0.35315268058330757,,False
visual_cognitive_motivation,posterior__montage0,visual_cognitive_motivation__posterior__montage0__outer0,within_record_disjoint_blocks,H2s_partial_pooling,neurovascular_gain,1,,,,0,1.8891514517193553,,False
visual_cognitive_motivation,posterior__montage0,visual_cognitive_motivation__posterior__montage0__outer0,within_record_disjoint_blocks,H2s_partial_pooling,tau,1,,,,0,0.36594413400707443,,False
visual_cognitive_motivation,posterior__montage0,visual_cognitive_motivation__posterior__montage0__outer1,independent_record_or_native_session,H2_subject,neurovascular_gain,3,,,,0,0.0,0.0,False
visual_cognitive_motivation,posterior__montage0,visual_cognitive_motivation__posterior__montage0__outer1,independent_record_or_native_session,H2_subject,tau,3,,,,0,0.0,0.0,False
visual_cognitive_motivation,posterior__montage0,visual_cognitive_motivation__posterior__montage0__outer1,independent_record_or_native_session,H2s_partial_pooling,neurovascular_gain,3,,,,0,0.0,0.0,False
visual_cognitive_motivation,posterior__montage0,visual_cognitive_motivation__posterior__montage0__outer1,independent_record_or_native_session,H2s_partial_pooling,tau,3,,,,0,0.0,0.0,False
visual_cognitive_motivation,posterior__montage0,visual_cognitive_motivation__posterior__montage0__outer2,independent_record_or_native_session,H2_subject,neurovascular_gain,2,,,,0,0.0,0.0,False
visual_cognitive_motivation,posterior__montage0,visual_cognitive_motivation__posterior__montage0__outer2,independent_record_or_native_session,H2_subject,tau,2,,,,0,0.0,0.0,False
visual_cognitive_motivation,posterior__montage0,visual_cognitive_motivation__posterior__montage0__outer2,independent_record_or_native_session,H2s_partial_pooling,neurovascular_gain,2,,,,0,0.0,0.0,False
visual_cognitive_motivation,posterior__montage0,visual_cognitive_motivation__posterior__montage0__outer2,independent_record_or_native_session,H2s_partial_pooling,tau,2,,,,0,0.0,0.0,False
visual_cognitive_motivation,posterior__montage0,visual_cognitive_motivation__posterior__montage0__outer2,within_record_disjoint_blocks,H2_subject,neurovascular_gain,1,,,,0,0.0,,False
visual_cognitive_motivation,posterior__montage0,visual_cognitive_motivation__posterior__montage0__outer2,within_record_disjoint_blocks,H2_subject,tau,1,,,,0,0.0,,False
visual_cognitive_motivation,posterior__montage0,visual_cognitive_motivation__posterior__montage0__outer2,within_record_disjoint_blocks,H2s_partial_pooling,neurovascular_gain,1,,,,0,0.0,,False
visual_cognitive_motivation,posterior__montage0,visual_cognitive_motivation__posterior__montage0__outer2,within_record_disjoint_blocks,H2s_partial_pooling,tau,1,,,,0,0.0,,False
visual_cognitive_motivation,posterior__montage0,visual_cognitive_motivation__posterior__montage0__outer3,independent_record_or_native_session,H2_subject,neurovascular_gain,3,,,,0,0.0,0.0,False
visual_cognitive_motivation,posterior__montage0,visual_cognitive_motivation__posterior__montage0__outer3,independent_record_or_native_session,H2_subject,tau,3,,,,0,0.0,0.0,False
visual_cognitive_motivation,posterior__montage0,visual_cognitive_motivation__posterior__montage0__outer3,independent_record_or_native_session,H2s_partial_pooling,neurovascular_gain,3,,,,0,0.0,0.0,False
visual_cognitive_motivation,posterior__montage0,visual_cognitive_motivation__posterior__montage0__outer3,independent_record_or_native_session,H2s_partial_pooling,tau,3,,,,0,0.0,0.0,False
visual_cognitive_motivation,posterior__montage0,visual_cognitive_motivation__posterior__montage0__outer4,within_record_disjoint_blocks,H2_subject,neurovascular_gain,3,,,,0,0.0,0.0,False
visual_cognitive_motivation,posterior__montage0,visual_cognitive_motivation__posterior__montage0__outer4,within_record_disjoint_blocks,H2_subject,tau,3,0.8648025259697304,0.0,0.8648025259697304,1404,0.010301561036119554,0.07104562115297378,False
visual_cognitive_motivation,posterior__montage0,visual_cognitive_motivation__posterior__montage0__outer4,within_record_disjoint_blocks,H2s_partial_pooling,neurovascular_gain,3,0.6737517089858047,-1.2341535943308008e-14,0.6994420352284508,1919,0.0125660994795117,0.033057277367062515,False
visual_cognitive_motivation,posterior__montage0,visual_cognitive_motivation__posterior__montage0__outer4,within_record_disjoint_blocks,H2s_partial_pooling,tau,3,0.8681530477169093,0.0,0.8681530477169093,1404,0.02246253596493526,0.15913699291373842,False
visual_cognitive_motivation,posterior__montage1,visual_cognitive_motivation__posterior__montage1__outer0,independent_record_or_native_session,H2_subject,neurovascular_gain,3,0.594543726912556,-2.345501173329831,0.8755896753316003,2000,1.1744016682464187,2.5993550441303186,False
visual_cognitive_motivation,posterior__montage1,visual_cognitive_motivation__posterior__montage1__outer0,independent_record_or_native_session,H2_subject,tau,3,0.7877309091969962,0.0,0.9698018704452886,1919,0.2854244053175005,1.167120546338903,False
visual_cognitive_motivation,posterior__montage1,visual_cognitive_motivation__posterior__montage1__outer0,independent_record_or_native_session,H2s_partial_pooling,neurovascular_gain,3,0.5846012795775157,-2.720403592252346,0.8900752244115051,2000,1.114877603530925,2.392319991287741,False
visual_cognitive_motivation,posterior__montage1,visual_cognitive_motivation__posterior__montage1__outer0,independent_record_or_native_session,H2s_partial_pooling,tau,3,0.9571211605692971,-1.543771927104488,0.9994124402059354,1919,0.022001789384786294,0.5033804950961545,False
visual_cognitive_motivation,posterior__montage1,visual_cognitive_motivation__posterior__montage1__outer0,within_record_disjoint_blocks,H2_subject,neurovascular_gain,1,,,,0,0.044536801839397684,,False
visual_cognitive_motivation,posterior__montage1,visual_cognitive_motivation__posterior__montage1__outer0,within_record_disjoint_blocks,H2_subject,tau,1,,,,0,0.0,,False
visual_cognitive_motivation,posterior__montage1,visual_cognitive_motivation__posterior__montage1__outer0,within_record_disjoint_blocks,H2s_partial_pooling,neurovascular_gain,1,,,,0,0.0438307460018917,,False
visual_cognitive_motivation,posterior__montage1,visual_cognitive_motivation__posterior__montage1__outer0,within_record_disjoint_blocks,H2s_partial_pooling,tau,1,,,,0,0.0,,False
visual_cognitive_motivation,posterior__montage1,visual_cognitive_motivation__posterior__montage1__outer1,independent_record_or_native_session,H2_subject,neurovascular_gain,3,0.9322992013290505,-7.02393625565967e-17,0.9484410697042838,1917,0.06968420411752617,1.0077588249733456,False
visual_cognitive_motivation,posterior__montage1,visual_cognitive_motivation__posterior__montage1__outer1,independent_record_or_native_session,H2_subject,tau,3,0.9477660259139962,0.0,0.9477660259139962,1404,0.02591565444875259,0.48318773516538466,False
visual_cognitive_motivation,posterior__montage1,visual_cognitive_motivation__posterior__montage1__outer1,independent_record_or_native_session,H2s_partial_pooling,neurovascular_gain,3,0.881944599904309,0.0,0.8900206021195257,2000,0.0994831729329105,0.8162853762928989,False
visual_cognitive_motivation,posterior__montage1,visual_cognitive_motivation__posterior__montage1__outer1,independent_record_or_native_session,H2s_partial_pooling,tau,3,0.9855166793085733,0.0,0.9855166793085733,1404,0.009556674553740555,0.6550616785143681,False
visual_cognitive_motivation,posterior__montage1,visual_cognitive_motivation__posterior__montage1__outer2,independent_record_or_native_session,H2_subject,neurovascular_gain,2,,,,0,0.4951515952619011,0.04411606204846559,False
visual_cognitive_motivation,posterior__montage1,visual_cognitive_motivation__posterior__montage1__outer2,independent_record_or_native_session,H2_subject,tau,2,,,,0,0.09031056067311913,0.0027381566572574206,False
visual_cognitive_motivation,posterior__montage1,visual_cognitive_motivation__posterior__montage1__outer2,independent_record_or_native_session,H2s_partial_pooling,neurovascular_gain,2,,,,0,0.48275934549605337,0.04265000392127934,False
visual_cognitive_motivation,posterior__montage1,visual_cognitive_motivation__posterior__montage1__outer2,independent_record_or_native_session,H2s_partial_pooling,tau,2,,,,0,0.08337896480718651,0.0031739326675785293,False
visual_cognitive_motivation,posterior__montage1,visual_cognitive_motivation__posterior__montage1__outer2,within_record_disjoint_blocks,H2_subject,neurovascular_gain,1,,,,0,2.1485579569099356,,False
visual_cognitive_motivation,posterior__montage1,visual_cognitive_motivation__posterior__montage1__outer2,within_record_disjoint_blocks,H2_subject,tau,1,,,,0,0.02503189614856091,,False
visual_cognitive_motivation,posterior__montage1,visual_cognitive_motivation__posterior__montage1__outer2,within_record_disjoint_blocks,H2s_partial_pooling,neurovascular_gain,1,,,,0,1.274566653169998,,False
visual_cognitive_motivation,posterior__montage1,visual_cognitive_motivation__posterior__montage1__outer2,within_record_disjoint_blocks,H2s_partial_pooling,tau,1,,,,0,0.03215921596613097,,False
visual_cognitive_motivation,posterior__montage1,visual_cognitive_motivation__posterior__montage1__outer3,independent_record_or_native_session,H2_subject,neurovascular_gain,3,0.874220498011419,0.0,0.9419366393785807,2000,0.4084572059598383,2.8640794508795313,False
visual_cognitive_motivation,posterior__montage1,visual_cognitive_motivation__posterior__montage1__outer3,independent_record_or_native_session,H2_subject,tau,3,0.010352177967975397,-0.02755193537954791,0.1840799928778542,1917,0.1209208074445695,0.03589945422453605,False
visual_cognitive_motivation,posterior__montage1,visual_cognitive_motivation__posterior__montage1__outer3,independent_record_or_native_session,H2s_partial_pooling,neurovascular_gain,3,0.8670885393707034,-3.295158338372207e-33,0.9380162623822831,2000,0.42403067541182066,2.792723216471029,False
visual_cognitive_motivation,posterior__montage1,visual_cognitive_motivation__posterior__montage1__outer3,independent_record_or_native_session,H2s_partial_pooling,tau,3,0.011095926772755747,-0.023758573193716527,0.16824699504322885,1917,0.11096210300239694,0.032546755799890255,False
visual_cognitive_motivation,posterior__montage1,visual_cognitive_motivation__posterior__montage1__outer4,within_record_disjoint_blocks,H2_subject,neurovascular_gain,3,0.6147202736227777,-1.4471228409022353e-16,0.9999242461930813,1919,1.5347080386305816,3.2049041227673944,False
visual_cognitive_motivation,posterior__montage1,visual_cognitive_motivation__posterior__montage1__outer4,within_record_disjoint_blocks,H2_subject,tau,3,0.6379340778294891,-6.959708172317729e-32,0.7625498363832669,1934,0.2670445567473889,0.5774207083072488,False
visual_cognitive_motivation,posterior__montage1,visual_cognitive_motivation__posterior__montage1__outer4,within_record_disjoint_blocks,H2s_partial_pooling,neurovascular_gain,3,0.5723489781066055,-0.22583074287386282,0.9978899977676051,2000,1.5515179303099425,2.8959056846674605,False
visual_cognitive_motivation,posterior__montage1,visual_cognitive_motivation__posterior__montage1__outer4,within_record_disjoint_blocks,H2s_partial_pooling,tau,3,0.6407710683745215,-4.5476638695792325e-33,0.7832886867128155,1934,0.17523954235493847,0.3844750045759173,False
visual_cognitive_motivation,prefrontal__montage0,visual_cognitive_motivation__prefrontal__montage0__outer0,independent_record_or_native_session,H2_subject,neurovascular_gain,3,0.07200586902049416,-0.4743683887452265,0.7747418849751188,2000,0.08356931013391113,0.03412480366700647,False
visual_cognitive_motivation,prefrontal__montage0,visual_cognitive_motivation__prefrontal__montage0__outer0,independent_record_or_native_session,H2_subject,tau,3,-0.6002387409988427,-1.175084678539359,0.10574523050106616,2000,0.05432433618975138,0.02032488378323522,False
visual_cognitive_motivation,prefrontal__montage0,visual_cognitive_motivation__prefrontal__montage0__outer0,independent_record_or_native_session,H2s_partial_pooling,neurovascular_gain,3,0.07895983576604501,-0.47867578091368723,0.7745924105696517,2000,0.07880896621261595,0.03248244028198315,False
visual_cognitive_motivation,prefrontal__montage0,visual_cognitive_motivation__prefrontal__montage0__outer0,independent_record_or_native_session,H2s_partial_pooling,tau,3,-0.612351299897707,-1.1102853676778381,0.09378309859759915,2000,0.05418650600597218,0.020049667300670974,False
visual_cognitive_motivation,prefrontal__montage0,visual_cognitive_motivation__prefrontal__montage0__outer0,within_record_disjoint_blocks,H2_subject,neurovascular_gain,1,,,,0,0.044164610367472885,,False
visual_cognitive_motivation,prefrontal__montage0,visual_cognitive_motivation__prefrontal__montage0__outer0,within_record_disjoint_blocks,H2_subject,tau,1,,,,0,0.0054185737833803,,False
visual_cognitive_motivation,prefrontal__montage0,visual_cognitive_motivation__prefrontal__montage0__outer0,within_record_disjoint_blocks,H2s_partial_pooling,neurovascular_gain,1,,,,0,0.04289933783702919,,False
visual_cognitive_motivation,prefrontal__montage0,visual_cognitive_motivation__prefrontal__montage0__outer0,within_record_disjoint_blocks,H2s_partial_pooling,tau,1,,,,0,0.005220361490811276,,False
visual_cognitive_motivation,prefrontal__montage0,visual_cognitive_motivation__prefrontal__montage0__outer1,independent_record_or_native_session,H2_subject,neurovascular_gain,3,0.9857766028837074,-3.6785841989021476e-29,0.9864939827602435,2000,0.012310308995811274,0.8589219471517352,False
visual_cognitive_motivation,prefrontal__montage0,visual_cognitive_motivation__prefrontal__montage0__outer1,independent_record_or_native_session,H2_subject,tau,3,0.9208651176559025,-2.1029034437092677e-33,0.9572000481423101,2000,0.040026104643955285,0.469987189144793,False
visual_cognitive_motivation,prefrontal__montage0,visual_cognitive_motivation__prefrontal__montage0__outer1,independent_record_or_native_session,H2s_partial_pooling,neurovascular_gain,3,0.985326629274915,0.0,0.9860379887222676,2000,0.012342989126085896,0.834551087433149,False
visual_cognitive_motivation,prefrontal__montage0,visual_cognitive_motivation__prefrontal__montage0__outer1,independent_record_or_native_session,H2s_partial_pooling,tau,3,0.9206193991600146,-2.513902653084264e-33,0.9595184143198164,2000,0.035921234881919846,0.4202748730674935,False
visual_cognitive_motivation,prefrontal__montage0,visual_cognitive_motivation__prefrontal__montage0__outer2,independent_record_or_native_session,H2_subject,neurovascular_gain,2,,,,0,0.010669495256603738,0.22658906526375766,False
visual_cognitive_motivation,prefrontal__montage0,visual_cognitive_motivation__prefrontal__montage0__outer2,independent_record_or_native_session,H2_subject,tau,2,,,,0,0.04224011512950151,0.022667702434712327,False
visual_cognitive_motivation,prefrontal__montage0,visual_cognitive_motivation__prefrontal__montage0__outer2,independent_record_or_native_session,H2s_partial_pooling,neurovascular_gain,2,,,,0,0.010510911962686529,0.2236439393191985,False
visual_cognitive_motivation,prefrontal__montage0,visual_cognitive_motivation__prefrontal__montage0__outer2,independent_record_or_native_session,H2s_partial_pooling,tau,2,,,,0,0.034637732835652864,0.024860417845093644,False
visual_cognitive_motivation,prefrontal__montage0,visual_cognitive_motivation__prefrontal__montage0__outer2,within_record_disjoint_blocks,H2_subject,neurovascular_gain,1,,,,0,9.327837896763498e-05,,False
visual_cognitive_motivation,prefrontal__montage0,visual_cognitive_motivation__prefrontal__montage0__outer2,within_record_disjoint_blocks,H2_subject,tau,1,,,,0,0.028147638253852997,,False
visual_cognitive_motivation,prefrontal__montage0,visual_cognitive_motivation__prefrontal__montage0__outer2,within_record_disjoint_blocks,H2s_partial_pooling,neurovascular_gain,1,,,,0,6.378704982174798e-05,,False
visual_cognitive_motivation,prefrontal__montage0,visual_cognitive_motivation__prefrontal__montage0__outer2,within_record_disjoint_blocks,H2s_partial_pooling,tau,1,,,,0,0.03091157301120028,,False
visual_cognitive_motivation,prefrontal__montage0,visual_cognitive_motivation__prefrontal__montage0__outer3,independent_record_or_native_session,H2_subject,neurovascular_gain,3,0.9925663426670056,0.0,0.9985190292489523,1919,0.03275375757943042,4.3968185058902,False
visual_cognitive_motivation,prefrontal__montage0,visual_cognitive_motivation__prefrontal__montage0__outer3,independent_record_or_native_session,H2_subject,tau,3,0.8870296643406359,-0.2266357633343339,0.9167888784585979,2000,0.10747485077478025,0.9034004716926549,False
visual_cognitive_motivation,prefrontal__montage0,visual_cognitive_motivation__prefrontal__montage0__outer3,independent_record_or_native_session,H2s_partial_pooling,neurovascular_gain,3,0.984490155517747,0.0,0.9896537460075266,2000,0.056236566693923275,3.6085461024018968,False
visual_cognitive_motivation,prefrontal__montage0,visual_cognitive_motivation__prefrontal__montage0__outer3,independent_record_or_native_session,H2s_partial_pooling,tau,3,0.8414693120228979,-0.4351578772107586,0.9254906952618631,2000,0.1413671260223903,0.8201860093081608,False
visual_cognitive_motivation,prefrontal__montage0,visual_cognitive_motivation__prefrontal__montage0__outer4,within_record_disjoint_blocks,H2_subject,neurovascular_gain,3,0.08275626000990617,-0.0023225145168528157,0.19072602176655118,2000,0.6322162760182661,0.23797649668698617,False
visual_cognitive_motivation,prefrontal__montage0,visual_cognitive_motivation__prefrontal__montage0__outer4,within_record_disjoint_blocks,H2_subject,tau,3,0.6387364854204384,-1.0400326611736027e-32,0.7233618673912477,2000,0.11651029375717692,0.2660578336049825,False
visual_cognitive_motivation,prefrontal__montage0,visual_cognitive_motivation__prefrontal__montage0__outer4,within_record_disjoint_blocks,H2s_partial_pooling,neurovascular_gain,3,0.0836631454223824,-0.002087990131334419,0.19230224437676904,2000,0.5963311094977197,0.22495892508398546,False
visual_cognitive_motivation,prefrontal__montage0,visual_cognitive_motivation__prefrontal__montage0__outer4,within_record_disjoint_blocks,H2s_partial_pooling,tau,3,0.624471637300224,-1.1205691918295805e-32,0.7140642425451593,2000,0.11040589760584092,0.2407079813810498,False
visual_cognitive_motivation,prefrontal__montage1,visual_cognitive_motivation__prefrontal__montage1__outer0,independent_record_or_native_session,H2_subject,neurovascular_gain,3,0.8643896177435201,-0.22552396313315048,0.9855120788162371,2000,0.06383543262971451,0.42982251374553193,False
visual_cognitive_motivation,prefrontal__montage1,visual_cognitive_motivation__prefrontal__montage1__outer0,independent_record_or_native_session,H2_subject,tau,3,0.8122080777025187,-2.6189319846374567e-30,0.9739640955677228,2000,0.022387500990107344,0.1116861880347404,False
visual_cognitive_motivation,prefrontal__montage1,visual_cognitive_motivation__prefrontal__montage1__outer0,independent_record_or_native_session,H2s_partial_pooling,neurovascular_gain,3,0.8604771574361282,-0.22444966575874112,0.9849577053973252,2000,0.06303067155305243,0.4110169526809774,False
visual_cognitive_motivation,prefrontal__montage1,visual_cognitive_motivation__prefrontal__montage1__outer0,independent_record_or_native_session,H2s_partial_pooling,tau,3,0.7847099451262127,0.0,0.9711601544190325,2000,0.022021397782244146,0.09481224690085206,False
visual_cognitive_motivation,prefrontal__montage1,visual_cognitive_motivation__prefrontal__montage1__outer0,within_record_disjoint_blocks,H2_subject,neurovascular_gain,1,,,,0,1.2176513649697858,,False
visual_cognitive_motivation,prefrontal__montage1,visual_cognitive_motivation__prefrontal__montage1__outer0,within_record_disjoint_blocks,H2_subject,tau,1,,,,0,0.49555011194565723,,False
visual_cognitive_motivation,prefrontal__montage1,visual_cognitive_motivation__prefrontal__montage1__outer0,within_record_disjoint_blocks,H2s_partial_pooling,neurovascular_gain,1,,,,0,1.2143295833935763,,False
visual_cognitive_motivation,prefrontal__montage1,visual_cognitive_motivation__prefrontal__montage1__outer0,within_record_disjoint_blocks,H2s_partial_pooling,tau,1,,,,0,0.46922288500542897,,False
visual_cognitive_motivation,prefrontal__montage1,visual_cognitive_motivation__prefrontal__montage1__outer1,independent_record_or_native_session,H2_subject,neurovascular_gain,3,0.915665723927074,-0.7216572191751913,0.9910690251841946,2000,0.08253557314637812,0.9238280801754825,False
visual_cognitive_motivation,prefrontal__montage1,visual_cognitive_motivation__prefrontal__montage1__outer1,independent_record_or_native_session,H2_subject,tau,3,0.7388004197953086,-0.458828747822531,0.9623964708788012,2000,0.16361363159187703,0.5074818692997025,False
visual_cognitive_motivation,prefrontal__montage1,visual_cognitive_motivation__prefrontal__montage1__outer1,independent_record_or_native_session,H2s_partial_pooling,neurovascular_gain,3,0.9135827575813322,-0.7300178991194858,0.9902823786908486,2000,0.0813911506884975,0.8874593568424067,False
visual_cognitive_motivation,prefrontal__montage1,visual_cognitive_motivation__prefrontal__montage1__outer1,independent_record_or_native_session,H2s_partial_pooling,tau,3,0.7416803837546108,-0.4626880232668708,0.9598891091745396,2000,0.14975237003097702,0.4695727879885002,False
visual_cognitive_motivation,prefrontal__montage1,visual_cognitive_motivation__prefrontal__montage1__outer2,independent_record_or_native_session,H2_subject,neurovascular_gain,2,,,,0,0.16172665473292885,0.5886404029826614,False
visual_cognitive_motivation,prefrontal__montage1,visual_cognitive_motivation__prefrontal__montage1__outer2,independent_record_or_native_session,H2_subject,tau,2,,,,0,0.017983802206755613,0.01626648419070063,False
visual_cognitive_motivation,prefrontal__montage1,visual_cognitive_motivation__prefrontal__montage1__outer2,independent_record_or_native_session,H2s_partial_pooling,neurovascular_gain,2,,,,0,0.1579357650204182,0.5780086293436806,False
visual_cognitive_motivation,prefrontal__montage1,visual_cognitive_motivation__prefrontal__montage1__outer2,independent_record_or_native_session,H2s_partial_pooling,tau,2,,,,0,0.017757764874564833,0.01695484493802173,False
visual_cognitive_motivation,prefrontal__montage1,visual_cognitive_motivation__prefrontal__montage1__outer2,within_record_disjoint_blocks,H2_subject,neurovascular_gain,1,,,,0,0.08852041597092195,,False
visual_cognitive_motivation,prefrontal__montage1,visual_cognitive_motivation__prefrontal__montage1__outer2,within_record_disjoint_blocks,H2_subject,tau,1,,,,0,0.005030407775988798,,False
visual_cognitive_motivation,prefrontal__montage1,visual_cognitive_motivation__prefrontal__montage1__outer2,within_record_disjoint_blocks,H2s_partial_pooling,neurovascular_gain,1,,,,0,0.08818733106096932,,False
visual_cognitive_motivation,prefrontal__montage1,visual_cognitive_motivation__prefrontal__montage1__outer2,within_record_disjoint_blocks,H2s_partial_pooling,tau,1,,,,0,0.0035556073564593092,,False
visual_cognitive_motivation,prefrontal__montage1,visual_cognitive_motivation__prefrontal__montage1__outer3,independent_record_or_native_session,H2_subject,neurovascular_gain,3,0.9201323581700721,0.0,0.923929318994517,2000,0.16204643260401777,1.988405266426732,False
visual_cognitive_motivation,prefrontal__montage1,visual_cognitive_motivation__prefrontal__montage1__outer3,independent_record_or_native_session,H2_subject,tau,2,,,,0,0.06804806095540344,1.4347239065140984,False
visual_cognitive_motivation,prefrontal__montage1,visual_cognitive_motivation__prefrontal__montage1__outer3,independent_record_or_native_session,H2s_partial_pooling,neurovascular_gain,3,0.9262146677475421,0.0,0.930170788620499,2000,0.14205247978808663,1.889359864285247,False
visual_cognitive_motivation,prefrontal__montage1,visual_cognitive_motivation__prefrontal__montage1__outer3,independent_record_or_native_session,H2s_partial_pooling,tau,2,,,,0,0.10085044644534269,1.3259331684489202,False
visual_cognitive_motivation,prefrontal__montage1,visual_cognitive_motivation__prefrontal__montage1__outer4,within_record_disjoint_blocks,H2_subject,neurovascular_gain,3,0.848251334081291,0.0,0.8926587344971529,2000,0.45312382305103344,2.5990849761777453,False
visual_cognitive_motivation,prefrontal__montage1,visual_cognitive_motivation__prefrontal__montage1__outer4,within_record_disjoint_blocks,H2_subject,tau,3,0.8908184659586212,-2.7298305115778253e-32,0.9049902403570455,2000,0.04933182436982938,0.4351019118370817,False
visual_cognitive_motivation,prefrontal__montage1,visual_cognitive_motivation__prefrontal__montage1__outer4,within_record_disjoint_blocks,H2s_partial_pooling,neurovascular_gain,3,0.834594737644992,0.0,0.8807478053044364,2000,0.4856350420042373,2.5281127347021037,False
visual_cognitive_motivation,prefrontal__montage1,visual_cognitive_motivation__prefrontal__montage1__outer4,within_record_disjoint_blocks,H2s_partial_pooling,tau,3,0.8700684691916231,0.0,0.8861684977550077,2000,0.05511875328095969,0.4053517999779872,False
