dataset,subject,method,tau,converged,error,passed
eeg_fnirs_single_trial,subject_08,H0_fixed,2.0,True,0.16883120165814028,True
eeg_fnirs_single_trial,subject_08,target_H1_tau,2.23055836032111,True,0.16224399506430975,True
eeg_fnirs_single_trial,subject_08,source_simultaneous_eeg_nirs,3.172831403435905,True,0.14565894006161448,True
eeg_fnirs_single_trial,subject_08,source_visual_cognitive_motivation,1.061484107074214,True,0.20603363882070166,True
eeg_fnirs_single_trial,subject_08,source_equal_dataset_log_ensemble,1.8351866687542133,True,0.17416429834765038,True
eeg_fnirs_single_trial,subject_19,H0_fixed,2.0,True,0.1864934093636247,True
eeg_fnirs_single_trial,subject_19,target_H1_tau,1.3566956872061873,True,0.20765820952786881,True
eeg_fnirs_single_trial,subject_19,source_simultaneous_eeg_nirs,3.172831403435905,True,0.16242685473338522,True
eeg_fnirs_single_trial,subject_19,source_visual_cognitive_motivation,1.061484107074214,True,0.2179576323701904,True
eeg_fnirs_single_trial,subject_19,source_equal_dataset_log_ensemble,1.8351866687542133,True,0.19152947607074333,True
eeg_fnirs_single_trial,subject_28,H0_fixed,2.0,True,0.24531394922429106,True
eeg_fnirs_single_trial,subject_28,target_H1_tau,3.209945636419012,True,0.22684734473894194,True
eeg_fnirs_single_trial,subject_28,source_simultaneous_eeg_nirs,3.172831403435905,True,0.22729015789982066,True
eeg_fnirs_single_trial,subject_28,source_visual_cognitive_motivation,1.061484107074214,True,0.27116729923705674,True
eeg_fnirs_single_trial,subject_28,source_equal_dataset_log_ensemble,1.8351866687542133,True,0.24871107907959208,True
eeg_fnirs_single_trial,subject_11,H0_fixed,2.0,True,0.197910889510878,True
eeg_fnirs_single_trial,subject_11,target_H1_tau,2.23055836032111,True,0.19327076720824196,True
eeg_fnirs_single_trial,subject_11,source_simultaneous_eeg_nirs,3.172831403435905,True,0.17883887326394252,True
eeg_fnirs_single_trial,subject_11,source_visual_cognitive_motivation,1.061484107074214,True,0.21883517003681843,True
eeg_fnirs_single_trial,subject_11,source_equal_dataset_log_ensemble,1.8351866687542133,True,0.20141899483060557,True
eeg_fnirs_single_trial,subject_05,H0_fixed,2.0,True,0.5218447791263389,False
eeg_fnirs_single_trial,subject_05,target_H1_tau,1.3566956872061873,True,0.5578843231210283,False
eeg_fnirs_single_trial,subject_05,source_simultaneous_eeg_nirs,3.172831403435905,True,0.4745613065733916,False
eeg_fnirs_single_trial,subject_05,source_visual_cognitive_motivation,1.061484107074214,True,0.574530730459868,False
eeg_fnirs_single_trial,subject_05,source_equal_dataset_log_ensemble,1.8351866687542133,True,0.5307504901576074,False
eeg_fnirs_single_trial,subject_24,H0_fixed,2.0,True,0.32873894294276534,True
eeg_fnirs_single_trial,subject_24,target_H1_tau,3.468823212924338,True,0.3124245980769651,True
eeg_fnirs_single_trial,subject_24,source_simultaneous_eeg_nirs,3.172831403435905,True,0.3127183971364284,True
eeg_fnirs_single_trial,subject_24,source_visual_cognitive_motivation,1.061484107074214,True,0.35582051344930293,True
eeg_fnirs_single_trial,subject_24,source_equal_dataset_log_ensemble,1.8351866687542133,True,0.3327329019518969,True
simultaneous_eeg_nirs,VP009,H0_fixed,2.0,True,0.18716114925300356,True
simultaneous_eeg_nirs,VP009,target_H1_tau,1.4854448632748882,True,0.20068948158335065,True
simultaneous_eeg_nirs,VP009,source_eeg_fnirs_single_trial,2.5228303055512815,True,0.17494394693235527,True
simultaneous_eeg_nirs,VP009,source_visual_cognitive_motivation,1.061484107074214,True,0.21098625139898755,True
simultaneous_eeg_nirs,VP009,source_equal_dataset_log_ensemble,1.6364425667244997,True,0.19669803456402782,True
simultaneous_eeg_nirs,VP020,H0_fixed,2.0,True,0.46552544921156463,False
simultaneous_eeg_nirs,VP020,target_H1_tau,4.951665768378391,True,0.4310210526697202,False
simultaneous_eeg_nirs,VP020,source_eeg_fnirs_single_trial,2.5228303055512815,True,0.4557582556430238,False
simultaneous_eeg_nirs,VP020,source_visual_cognitive_motivation,1.061484107074214,True,0.48487376433442386,False
simultaneous_eeg_nirs,VP020,source_equal_dataset_log_ensemble,1.6364425667244997,True,0.4730765194798372,False
simultaneous_eeg_nirs,VP013,H0_fixed,2.0,True,0.3223018474071318,True
simultaneous_eeg_nirs,VP013,target_H1_tau,1.4854448632748882,True,0.3269869186047742,True
simultaneous_eeg_nirs,VP013,source_eeg_fnirs_single_trial,2.5228303055512815,True,0.3204750278453858,True
simultaneous_eeg_nirs,VP013,source_visual_cognitive_motivation,1.061484107074214,True,0.3335148013682481,True
simultaneous_eeg_nirs,VP013,source_equal_dataset_log_ensemble,1.6364425667244997,True,0.32524802880639664,True
simultaneous_eeg_nirs,VP019,H0_fixed,2.0,True,0.19716504684915834,True
simultaneous_eeg_nirs,VP019,target_H1_tau,1.4854448632748882,True,0.2024861323445715,True
simultaneous_eeg_nirs,VP019,source_eeg_fnirs_single_trial,2.5228303055512815,True,0.1924211269878667,True
simultaneous_eeg_nirs,VP019,source_visual_cognitive_motivation,1.061484107074214,True,0.20702726714212605,True
simultaneous_eeg_nirs,VP019,source_equal_dataset_log_ensemble,1.6364425667244997,True,0.20088257451736727,True
simultaneous_eeg_nirs,VP006,H0_fixed,2.0,True,0.6550799986637224,False
simultaneous_eeg_nirs,VP006,target_H1_tau,4.269074288278103,True,0.6362820896558984,False
simultaneous_eeg_nirs,VP006,source_eeg_fnirs_single_trial,2.5228303055512815,True,0.642942599085753,False
simultaneous_eeg_nirs,VP006,source_visual_cognitive_motivation,1.061484107074214,True,0.7008954096845484,False
simultaneous_eeg_nirs,VP006,source_equal_dataset_log_ensemble,1.6364425667244997,True,0.6693402611648627,False
simultaneous_eeg_nirs,VP003,H0_fixed,2.0,True,0.30601524180592116,True
simultaneous_eeg_nirs,VP003,target_H1_tau,4.269074288278103,True,0.35200867433947475,True
simultaneous_eeg_nirs,VP003,source_eeg_fnirs_single_trial,2.5228303055512815,True,0.3200907428130975,True
simultaneous_eeg_nirs,VP003,source_visual_cognitive_motivation,1.061484107074214,True,0.2763142584941678,True
simultaneous_eeg_nirs,VP003,source_equal_dataset_log_ensemble,1.6364425667244997,True,0.2951381687507786,True
visual_cognitive_motivation,S13,H0_fixed,2.0,True,0.1566717451281504,True
visual_cognitive_motivation,S13,target_H1_tau,0.8657372975897876,True,0.1713523333506769,True
visual_cognitive_motivation,S13,source_eeg_fnirs_single_trial,2.5228303055512815,True,0.15555861300853302,True
visual_cognitive_motivation,S13,source_simultaneous_eeg_nirs,3.172831403435905,True,0.15578867646933622,True
visual_cognitive_motivation,S13,source_equal_dataset_log_ensemble,2.8292251976456213,True,0.15553867622216108,True
visual_cognitive_motivation,S06,H0_fixed,2.0,True,0.28535436005655973,True
visual_cognitive_motivation,S06,target_H1_tau,0.8389825392989578,True,0.29142049874487114,True
visual_cognitive_motivation,S06,source_eeg_fnirs_single_trial,2.5228303055512815,True,0.28507501219897424,True
visual_cognitive_motivation,S06,source_simultaneous_eeg_nirs,3.172831403435905,True,0.2849059186125427,True
visual_cognitive_motivation,S06,source_equal_dataset_log_ensemble,2.8292251976456213,True,0.28499853716907436,True
visual_cognitive_motivation,S05,H0_fixed,2.0,True,0.5237526556525057,False
visual_cognitive_motivation,S05,target_H1_tau,1.1240315252200048,True,0.46410885627936754,False
visual_cognitive_motivation,S05,source_eeg_fnirs_single_trial,2.5228303055512815,True,0.5440520739166139,False
visual_cognitive_motivation,S05,source_simultaneous_eeg_nirs,3.172831403435905,True,0.557903771092095,False
visual_cognitive_motivation,S05,source_equal_dataset_log_ensemble,2.8292251976456213,True,0.5518471893524404,False
visual_cognitive_motivation,S01,H0_fixed,2.0,True,0.2187540626594672,True
visual_cognitive_motivation,S01,target_H1_tau,1.4216768694984248,True,0.22646644147505735,True
visual_cognitive_motivation,S01,source_eeg_fnirs_single_trial,2.5228303055512815,True,0.2118698826436157,True
visual_cognitive_motivation,S01,source_simultaneous_eeg_nirs,3.172831403435905,True,0.20346047770688083,True
visual_cognitive_motivation,S01,source_equal_dataset_log_ensemble,2.8292251976456213,True,0.20788253157319733,True
visual_cognitive_motivation,S03,H0_fixed,2.0,True,0.32275804362222793,True
visual_cognitive_motivation,S03,target_H1_tau,0.8389825392989578,True,0.32751031747385556,True
visual_cognitive_motivation,S03,source_eeg_fnirs_single_trial,2.5228303055512815,True,0.3223825489995417,True
visual_cognitive_motivation,S03,source_simultaneous_eeg_nirs,3.172831403435905,True,0.3236072249469218,True
visual_cognitive_motivation,S03,source_equal_dataset_log_ensemble,2.8292251976456213,True,0.32274206520704446,True
visual_cognitive_motivation,S16,H0_fixed,2.0,True,0.23211005514339358,True
visual_cognitive_motivation,S16,target_H1_tau,0.8536424568630934,True,0.23893996411965576,True
visual_cognitive_motivation,S16,source_eeg_fnirs_single_trial,2.5228303055512815,True,0.2316473923449731,True
visual_cognitive_motivation,S16,source_simultaneous_eeg_nirs,3.172831403435905,True,0.23211062646650035,True
visual_cognitive_motivation,S16,source_equal_dataset_log_ensemble,2.8292251976456213,True,0.23176179387573118,True
