dataset,subject,method,converged,error,passed,tau,gain
eeg_fnirs_single_trial,subject_08,same_trial_full,True,0.10857221417399737,True,5.906198893796718,2.6955640855610863
eeg_fnirs_single_trial,subject_08,first_10s_feature_calibration,True,0.24765293237438302,True,7.726757787595945,2.3609061278537817
eeg_fnirs_single_trial,subject_08,training_template,True,0.4116844261681265,False,,
eeg_fnirs_single_trial,subject_08,ridge_own,True,0.5916481538314295,False,,
eeg_fnirs_single_trial,subject_08,ridge_cross,True,0.34213949356866136,False,,
eeg_fnirs_single_trial,subject_08,last_visible_value,True,0.4569501803428577,False,,
eeg_fnirs_single_trial,subject_08,H0_fixed,True,0.35822840117364235,True,,
eeg_fnirs_single_trial,subject_19,same_trial_full,True,0.15408430431776632,True,7.999999999999998,2.216883211938606
eeg_fnirs_single_trial,subject_19,first_10s_feature_calibration,True,0.540602275739472,False,6.0153907096073596,0.10000000000000002
eeg_fnirs_single_trial,subject_19,training_template,True,0.5953122290376418,False,,
eeg_fnirs_single_trial,subject_19,ridge_own,True,0.5098938765275456,False,,
eeg_fnirs_single_trial,subject_19,ridge_cross,True,0.649835115953092,False,,
eeg_fnirs_single_trial,subject_19,last_visible_value,True,0.6625658711858122,False,,
eeg_fnirs_single_trial,subject_19,H0_fixed,True,0.6856695479108783,False,,
eeg_fnirs_single_trial,subject_28,same_trial_full,True,0.2032340347096313,True,5.287410302850042,2.3608557854304815
eeg_fnirs_single_trial,subject_28,first_10s_feature_calibration,True,1.0339849560252166,False,3.089205969500205,1.9279802619297786
eeg_fnirs_single_trial,subject_28,training_template,True,0.6728324708414439,False,,
eeg_fnirs_single_trial,subject_28,ridge_own,True,0.9471863627605434,False,,
eeg_fnirs_single_trial,subject_28,ridge_cross,True,0.7399981335594374,False,,
eeg_fnirs_single_trial,subject_28,last_visible_value,True,0.6937906286780877,False,,
eeg_fnirs_single_trial,subject_28,H0_fixed,True,0.847678949684165,False,,
eeg_fnirs_single_trial,subject_11,same_trial_full,True,0.16501880080877943,True,7.317139896789702,2.713773884319613
eeg_fnirs_single_trial,subject_11,first_10s_feature_calibration,True,0.4965768860713565,False,2.91295682355242,0.17750584152594384
eeg_fnirs_single_trial,subject_11,training_template,True,0.8961356654805143,False,,
eeg_fnirs_single_trial,subject_11,ridge_own,True,0.8945279339394077,False,,
eeg_fnirs_single_trial,subject_11,ridge_cross,True,0.9228299073402837,False,,
eeg_fnirs_single_trial,subject_11,last_visible_value,True,0.5354218371151879,False,,
eeg_fnirs_single_trial,subject_11,H0_fixed,True,0.5395037086529828,False,,
eeg_fnirs_single_trial,subject_05,same_trial_full,True,0.4252454016763358,False,2.27564547454773,0.34106569881410853
eeg_fnirs_single_trial,subject_05,first_10s_feature_calibration,True,1.3528151180871446,False,4.265936330241932,0.10000000000000002
eeg_fnirs_single_trial,subject_05,training_template,True,1.9753943545666577,False,,
eeg_fnirs_single_trial,subject_05,ridge_own,True,1.829349519091044,False,,
eeg_fnirs_single_trial,subject_05,ridge_cross,True,1.7830543327863735,False,,
eeg_fnirs_single_trial,subject_05,last_visible_value,True,1.238238699916756,False,,
eeg_fnirs_single_trial,subject_05,H0_fixed,True,2.052159229233168,False,,
eeg_fnirs_single_trial,subject_24,same_trial_full,True,0.2978193970408369,True,2.062068643031007,0.6507111748737908
eeg_fnirs_single_trial,subject_24,first_10s_feature_calibration,True,2.2968128233614173,False,2.770254769915729,2.2410277339271394
eeg_fnirs_single_trial,subject_24,training_template,True,1.7001915305163755,False,,
eeg_fnirs_single_trial,subject_24,ridge_own,True,1.0963875392890883,False,,
eeg_fnirs_single_trial,subject_24,ridge_cross,True,1.6979036039403579,False,,
eeg_fnirs_single_trial,subject_24,last_visible_value,True,0.7051074839826117,False,,
eeg_fnirs_single_trial,subject_24,H0_fixed,True,1.0878907706686873,False,,
simultaneous_eeg_nirs,VP009,same_trial_full,True,0.10414964419719967,True,7.999999999999998,0.5246163361487923
simultaneous_eeg_nirs,VP009,first_10s_feature_calibration,True,0.2570422856350098,True,2.100706606937702,0.10000000000000002
simultaneous_eeg_nirs,VP009,training_template,True,0.2931817231930549,True,,
simultaneous_eeg_nirs,VP009,ridge_own,True,0.6012468569353009,False,,
simultaneous_eeg_nirs,VP009,ridge_cross,True,0.27540100755182695,True,,
simultaneous_eeg_nirs,VP009,last_visible_value,True,0.19676897678740463,True,,
simultaneous_eeg_nirs,VP009,H0_fixed,True,0.5394068879359729,False,,
simultaneous_eeg_nirs,VP020,same_trial_full,True,0.3562414723732606,True,7.999999999999998,5.9662934635631455
simultaneous_eeg_nirs,VP020,first_10s_feature_calibration,True,0.8153747281046299,False,3.3867726971834733,0.10000000000000002
simultaneous_eeg_nirs,VP020,training_template,True,2.4795593348638203,False,,
simultaneous_eeg_nirs,VP020,ridge_own,True,2.1700457104605997,False,,
simultaneous_eeg_nirs,VP020,ridge_cross,True,2.115276547562881,False,,
simultaneous_eeg_nirs,VP020,last_visible_value,True,0.7827063940823413,False,,
simultaneous_eeg_nirs,VP020,H0_fixed,True,0.8408594496632023,False,,
simultaneous_eeg_nirs,VP013,same_trial_full,True,0.24073769496456357,True,7.999999999999998,10.000000000000002
simultaneous_eeg_nirs,VP013,first_10s_feature_calibration,True,0.7930941496647156,False,3.751217595370838,0.5650138338852815
simultaneous_eeg_nirs,VP013,training_template,True,0.6019092547485015,False,,
simultaneous_eeg_nirs,VP013,ridge_own,True,0.5175312135381299,False,,
simultaneous_eeg_nirs,VP013,ridge_cross,True,0.4557739990523222,False,,
simultaneous_eeg_nirs,VP013,last_visible_value,True,1.0179541663976,False,,
simultaneous_eeg_nirs,VP013,H0_fixed,True,0.9200077616561997,False,,
simultaneous_eeg_nirs,VP019,same_trial_full,True,0.1742234499366311,True,7.999999999999998,2.4209788820975127
simultaneous_eeg_nirs,VP019,first_10s_feature_calibration,True,0.49492754420749674,False,7.836180357155458,0.8625619958718541
simultaneous_eeg_nirs,VP019,training_template,True,0.3680412777306966,True,,
simultaneous_eeg_nirs,VP019,ridge_own,True,0.49459081668691096,False,,
simultaneous_eeg_nirs,VP019,ridge_cross,True,0.35699214321244005,True,,
simultaneous_eeg_nirs,VP019,last_visible_value,True,0.4982409428653524,False,,
simultaneous_eeg_nirs,VP019,H0_fixed,True,0.3478211671077788,True,,
simultaneous_eeg_nirs,VP006,same_trial_full,True,0.5776410196495804,False,2.998901595327789,10.000000000000002
simultaneous_eeg_nirs,VP006,first_10s_feature_calibration,True,1.998762665663404,False,7.999999999999998,2.3517195254435075
simultaneous_eeg_nirs,VP006,training_template,True,1.8030228701625397,False,,
simultaneous_eeg_nirs,VP006,ridge_own,True,1.8583673130308411,False,,
simultaneous_eeg_nirs,VP006,ridge_cross,True,1.853092966237273,False,,
simultaneous_eeg_nirs,VP006,last_visible_value,True,2.3318922702815685,False,,
simultaneous_eeg_nirs,VP006,H0_fixed,True,2.0814383387550883,False,,
simultaneous_eeg_nirs,VP003,same_trial_full,True,0.20828102902367293,True,0.5,5.269788746161153
simultaneous_eeg_nirs,VP003,first_10s_feature_calibration,True,0.6864521553753126,False,6.730672467865553,0.1744866869873515
simultaneous_eeg_nirs,VP003,training_template,True,1.295010874910204,False,,
simultaneous_eeg_nirs,VP003,ridge_own,True,1.0829299326514668,False,,
simultaneous_eeg_nirs,VP003,ridge_cross,True,1.1816778440850972,False,,
simultaneous_eeg_nirs,VP003,last_visible_value,True,0.6871053551513319,False,,
simultaneous_eeg_nirs,VP003,H0_fixed,True,0.7705212597784556,False,,
visual_cognitive_motivation,S13,same_trial_full,True,0.09708769574448084,True,0.5,0.20431325030557743
visual_cognitive_motivation,S13,first_10s_feature_calibration,True,0.30689142277673276,True,1.751973194432876,0.7027413887816498
visual_cognitive_motivation,S13,training_template,True,0.28289684167944823,True,,
visual_cognitive_motivation,S13,ridge_own,True,0.6563185152396689,False,,
visual_cognitive_motivation,S13,ridge_cross,True,0.3407983820052499,True,,
visual_cognitive_motivation,S13,last_visible_value,True,0.2817823770408295,True,,
visual_cognitive_motivation,S13,H0_fixed,True,0.4116066062819522,True,,
visual_cognitive_motivation,S06,same_trial_full,True,0.21872233533834398,True,2.8869189494712733,2.9776548891446573
visual_cognitive_motivation,S06,first_10s_feature_calibration,True,1.0533410075985263,False,0.5,0.147918867849978
visual_cognitive_motivation,S06,training_template,True,1.2365033473020641,False,,
visual_cognitive_motivation,S06,ridge_own,True,2.6898372643183506,False,,
visual_cognitive_motivation,S06,ridge_cross,True,1.343510971810229,False,,
visual_cognitive_motivation,S06,last_visible_value,True,1.1350311311356094,False,,
visual_cognitive_motivation,S06,H0_fixed,True,0.7839040357309007,False,,
visual_cognitive_motivation,S05,same_trial_full,True,0.29236192551076134,True,0.5916249460401711,8.322329034306827
visual_cognitive_motivation,S05,first_10s_feature_calibration,True,1.5253900837822547,False,1.610761857408496,0.10000000000000002
visual_cognitive_motivation,S05,training_template,True,0.7763358321085155,False,,
visual_cognitive_motivation,S05,ridge_own,True,3.076187769679094,False,,
visual_cognitive_motivation,S05,ridge_cross,True,1.3828811116565753,False,,
visual_cognitive_motivation,S05,last_visible_value,True,1.7172088777423349,False,,
visual_cognitive_motivation,S05,H0_fixed,True,1.6986342071250609,False,,
visual_cognitive_motivation,S01,same_trial_full,True,0.14656525113260718,True,7.999999999999998,0.7141356615244931
visual_cognitive_motivation,S01,first_10s_feature_calibration,True,0.4181617955122253,True,2.085506943983135,0.18550021431213407
visual_cognitive_motivation,S01,training_template,True,0.3970845459737399,True,,
visual_cognitive_motivation,S01,ridge_own,True,0.5597711423748903,False,,
visual_cognitive_motivation,S01,ridge_cross,True,0.34870921338512995,True,,
visual_cognitive_motivation,S01,last_visible_value,True,0.49051997528219116,False,,
visual_cognitive_motivation,S01,H0_fixed,True,0.6864585829232548,False,,
visual_cognitive_motivation,S03,same_trial_full,True,0.2255997139538114,True,5.542087481889366,10.000000000000002
visual_cognitive_motivation,S03,first_10s_feature_calibration,True,2.1817585455974293,False,3.9519032626813173,10.000000000000002
visual_cognitive_motivation,S03,training_template,True,0.5128265454726436,False,,
visual_cognitive_motivation,S03,ridge_own,True,0.501874445439944,False,,
visual_cognitive_motivation,S03,ridge_cross,True,0.5003914327659719,False,,
visual_cognitive_motivation,S03,last_visible_value,True,0.737418928234869,False,,
visual_cognitive_motivation,S03,H0_fixed,True,0.7857078881544499,False,,
visual_cognitive_motivation,S16,same_trial_full,True,0.20897938770345978,True,0.5148248336813861,0.4413561114955486
visual_cognitive_motivation,S16,first_10s_feature_calibration,True,0.5950329939741761,False,0.5464640093773242,0.4687266364329827
visual_cognitive_motivation,S16,training_template,True,1.1117356410008417,False,,
visual_cognitive_motivation,S16,ridge_own,True,1.8998241751315084,False,,
visual_cognitive_motivation,S16,ridge_cross,True,1.7087488811261613,False,,
visual_cognitive_motivation,S16,last_visible_value,True,0.3564014605011422,True,,
visual_cognitive_motivation,S16,H0_fixed,True,0.5507545915142853,False,,
