method,metric,estimate,low,high,valid
fixed,tau_95_covers,0.3717948717948718,0.30952380952380953,0.4393939393939394,78
fixed,driver_pointwise_95_coverage,0.4202136752136752,0.391965853909465,0.459836487463838,78
mean_only,tau_95_covers,0.46788990825688076,0.36585365853658536,0.6,109
mean_only,driver_pointwise_95_coverage,0.5443119266055045,0.4943073943661971,0.6103357963875206,109
noise_only,tau_95_covers,0.6605504587155964,0.5752157079646018,0.7525773195876289,109
noise_only,driver_pointwise_95_coverage,0.8435168195718654,0.7843810355534855,0.8980428134556574,109
independent,tau_95_covers,0.9006211180124224,0.8095238095238095,0.9761904761904762,161
independent,driver_pointwise_95_coverage,0.9266045548654245,0.8867902648378191,0.958033126293996,161
oracle,tau_95_covers,0.9182389937106918,0.8311688311688312,1.0,159
oracle,driver_pointwise_95_coverage,0.9733752620545072,0.9556584362139917,0.9897575757575757,159
